Warning: You are sending unauthenticated requests to the HF Hub. Please set a HF_TOKEN to enable higher rate limits and faster downloads.
Loading weights:   0%|          | 0/201 [00:00<?, ?it/s]Loading weights:   0%|          | 1/201 [00:00<00:36,  5.53it/s]Loading weights:   7%|▋         | 14/201 [00:00<00:03, 59.68it/s]Loading weights:  13%|█▎        | 27/201 [00:00<00:02, 84.43it/s]Loading weights:  21%|██        | 42/201 [00:00<00:01, 93.50it/s]Loading weights:  29%|██▉       | 58/201 [00:00<00:01, 111.65it/s]Loading weights:  35%|███▍      | 70/201 [00:00<00:01, 112.17it/s]Loading weights:  42%|████▏     | 85/201 [00:00<00:01, 115.92it/s]Loading weights:  48%|████▊     | 97/201 [00:00<00:00, 107.64it/s]Loading weights:  56%|█████▌    | 113/201 [00:01<00:00, 116.11it/s]Loading weights:  62%|██████▏   | 125/201 [00:01<00:00, 116.69it/s]Loading weights:  69%|██████▉   | 139/201 [00:01<00:00, 121.86it/s]Loading weights:  76%|███████▌  | 152/201 [00:01<00:00, 111.79it/s]Loading weights:  83%|████████▎ | 166/201 [00:01<00:00, 106.02it/s]Loading weights:  88%|████████▊ | 177/201 [00:01<00:00, 106.18it/s]Loading weights:  96%|█████████▌| 193/201 [00:01<00:00, 108.60it/s]Loading weights: 100%|██████████| 201/201 [00:01<00:00, 106.46it/s]
DENSO · atencion completa en las 22 capas · sin conv corta
TinyLlama/TinyLlama-1.1B-Chat-v1.0 · 1.10 B CONGELADOS · entrenables 2.11 M (0.192 %) · rango 256 · cuda
escritura capa 11 · lectura capa 2 · 15 entidades · 8 valores · 2 relaciones · batch 4 · archivo 8 · 22 bloques
abstencion 'None' -> 6213 · piso trivial de responder al azar 1/8 = 0.1250
PISO DEL MUDO: abstenerse SIEMPRE da GLOBAL 0.4000. Por debajo de eso el modelo es peor que el silencio.
calentando 3000 pasos sin casos de abstencion
  paso    1 · perdida  7.7234 · GLOBAL 0.0000 · acierto 0.0000 · vigente 0.0000 · nose nan (rel nan/aus nan) · invento 0.0000 · 1.4 s/paso  (calentando, sin abstencion)
  paso   25 · perdida  2.6755 · GLOBAL 0.0000 · acierto 0.0000 · vigente 0.0000 · nose nan (rel nan/aus nan) · invento 0.0000 · 0.2 s/paso  (calentando, sin abstencion)
  paso   50 · perdida  2.3731 · GLOBAL 0.0000 · acierto 0.0000 · vigente 0.0000 · nose nan (rel nan/aus nan) · invento 0.0000 · 0.2 s/paso  (calentando, sin abstencion)
  paso   75 · perdida  3.1465 · GLOBAL 0.0000 · acierto 0.0000 · vigente 0.0000 · nose nan (rel nan/aus nan) · invento 0.0000 · 0.2 s/paso  (calentando, sin abstencion)
  paso  100 · perdida  2.1872 · GLOBAL 0.0000 · acierto 0.0000 · vigente 0.0000 · nose nan (rel nan/aus nan) · invento 0.0000 · 0.2 s/paso  (calentando, sin abstencion)
  paso  125 · perdida  2.2664 · GLOBAL 0.5000 · acierto 0.5000 · vigente 1.0000 · nose nan (rel nan/aus nan) · invento 0.0000 · 0.2 s/paso  (calentando, sin abstencion)
  paso  150 · perdida  2.9524 · GLOBAL 0.2500 · acierto 0.2500 · vigente 1.0000 · nose nan (rel nan/aus nan) · invento 0.0000 · 0.2 s/paso  (calentando, sin abstencion)
  paso  175 · perdida  2.3106 · GLOBAL 0.0000 · acierto 0.0000 · vigente 0.0000 · nose nan (rel nan/aus nan) · invento 0.0000 · 0.2 s/paso  (calentando, sin abstencion)
  paso  200 · perdida  2.2480 · GLOBAL 0.0000 · acierto 0.0000 · vigente 0.0000 · nose nan (rel nan/aus nan) · invento 0.0000 · 0.2 s/paso  (calentando, sin abstencion)
  paso  225 · perdida  2.3008 · GLOBAL 0.0000 · acierto 0.0000 · vigente 0.0000 · nose nan (rel nan/aus nan) · invento 0.0000 · 0.2 s/paso  (calentando, sin abstencion)
  paso  250 · perdida  2.5839 · GLOBAL 0.0000 · acierto 0.0000 · vigente 0.0000 · nose nan (rel nan/aus nan) · invento 0.0000 · 0.1 s/paso  (calentando, sin abstencion)
  paso  275 · perdida  2.4317 · GLOBAL 0.2500 · acierto 0.2500 · vigente 0.0000 · nose nan (rel nan/aus nan) · invento 0.0000 · 0.2 s/paso  (calentando, sin abstencion)
  paso  300 · perdida  2.3444 · GLOBAL 0.0000 · acierto 0.0000 · vigente 0.0000 · nose nan (rel nan/aus nan) · invento 0.0000 · 0.1 s/paso  (calentando, sin abstencion)
  paso  325 · perdida  2.0781 · GLOBAL 0.2500 · acierto 0.2500 · vigente 0.5000 · nose nan (rel nan/aus nan) · invento 0.0000 · 0.1 s/paso  (calentando, sin abstencion)
  paso  350 · perdida  2.0333 · GLOBAL 0.0000 · acierto 0.0000 · vigente 0.0000 · nose nan (rel nan/aus nan) · invento 0.0000 · 0.1 s/paso  (calentando, sin abstencion)
  paso  375 · perdida  2.1188 · GLOBAL 0.0000 · acierto 0.0000 · vigente 0.0000 · nose nan (rel nan/aus nan) · invento 0.0000 · 0.1 s/paso  (calentando, sin abstencion)
  paso  400 · perdida  2.3949 · GLOBAL 0.2500 · acierto 0.2500 · vigente 0.0000 · nose nan (rel nan/aus nan) · invento 0.0000 · 0.1 s/paso  (calentando, sin abstencion)
  paso  425 · perdida  2.2703 · GLOBAL 0.0000 · acierto 0.0000 · vigente 0.0000 · nose nan (rel nan/aus nan) · invento 0.0000 · 0.1 s/paso  (calentando, sin abstencion)
  paso  450 · perdida  2.2645 · GLOBAL 0.0000 · acierto 0.0000 · vigente 0.0000 · nose nan (rel nan/aus nan) · invento 0.0000 · 0.1 s/paso  (calentando, sin abstencion)
  paso  475 · perdida  2.0748 · GLOBAL 0.2500 · acierto 0.2500 · vigente nan · nose nan (rel nan/aus nan) · invento 0.0000 · 0.1 s/paso  (calentando, sin abstencion)
  paso  500 · perdida  2.1439 · GLOBAL 0.0000 · acierto 0.0000 · vigente 0.0000 · nose nan (rel nan/aus nan) · invento 0.0000 · 0.1 s/paso  (calentando, sin abstencion)
  paso  525 · perdida  2.5844 · GLOBAL 0.0000 · acierto 0.0000 · vigente 0.0000 · nose nan (rel nan/aus nan) · invento 0.0000 · 0.1 s/paso  (calentando, sin abstencion)
  paso  550 · perdida  2.4108 · GLOBAL 0.2500 · acierto 0.2500 · vigente 0.0000 · nose nan (rel nan/aus nan) · invento 0.0000 · 0.1 s/paso  (calentando, sin abstencion)
  paso  575 · perdida  2.1137 · GLOBAL 0.0000 · acierto 0.0000 · vigente 0.0000 · nose nan (rel nan/aus nan) · invento 0.0000 · 0.1 s/paso  (calentando, sin abstencion)
  paso  600 · perdida  3.3716 · GLOBAL 0.0000 · acierto 0.0000 · vigente 0.0000 · nose nan (rel nan/aus nan) · invento 0.0000 · 0.2 s/paso  (calentando, sin abstencion)
  paso  625 · perdida  2.3303 · GLOBAL 0.0000 · acierto 0.0000 · vigente 0.0000 · nose nan (rel nan/aus nan) · invento 0.0000 · 0.2 s/paso  (calentando, sin abstencion)
  paso  650 · perdida  2.4348 · GLOBAL 0.0000 · acierto 0.0000 · vigente 0.0000 · nose nan (rel nan/aus nan) · invento 0.0000 · 0.2 s/paso  (calentando, sin abstencion)
  paso  675 · perdida  1.4662 · GLOBAL 0.2500 · acierto 0.2500 · vigente 0.0000 · nose nan (rel nan/aus nan) · invento 0.0000 · 0.2 s/paso  (calentando, sin abstencion)
  paso  700 · perdida  2.3828 · GLOBAL 0.2500 · acierto 0.2500 · vigente 0.0000 · nose nan (rel nan/aus nan) · invento 0.0000 · 0.2 s/paso  (calentando, sin abstencion)
  paso  725 · perdida  2.3218 · GLOBAL 0.2500 · acierto 0.2500 · vigente 0.3333 · nose nan (rel nan/aus nan) · invento 0.0000 · 0.2 s/paso  (calentando, sin abstencion)
  paso  750 · perdida  1.6033 · GLOBAL 0.5000 · acierto 0.5000 · vigente nan · nose nan (rel nan/aus nan) · invento 0.0000 · 0.2 s/paso  (calentando, sin abstencion)
  paso  775 · perdida  2.3098 · GLOBAL 0.2500 · acierto 0.2500 · vigente 0.5000 · nose nan (rel nan/aus nan) · invento 0.0000 · 0.2 s/paso  (calentando, sin abstencion)
  paso  800 · perdida  1.8375 · GLOBAL 0.0000 · acierto 0.0000 · vigente 0.0000 · nose nan (rel nan/aus nan) · invento 0.0000 · 0.2 s/paso  (calentando, sin abstencion)
  paso  825 · perdida  2.2648 · GLOBAL 0.5000 · acierto 0.5000 · vigente 1.0000 · nose nan (rel nan/aus nan) · invento 0.0000 · 0.2 s/paso  (calentando, sin abstencion)
  paso  850 · perdida  4.4352 · GLOBAL 0.0000 · acierto 0.0000 · vigente 0.0000 · nose nan (rel nan/aus nan) · invento 0.0000 · 0.2 s/paso  (calentando, sin abstencion)
  paso  875 · perdida  3.2824 · GLOBAL 0.2500 · acierto 0.2500 · vigente 0.5000 · nose nan (rel nan/aus nan) · invento 0.0000 · 0.2 s/paso  (calentando, sin abstencion)
  paso  900 · perdida  2.1418 · GLOBAL 0.2500 · acierto 0.2500 · vigente 0.3333 · nose nan (rel nan/aus nan) · invento 0.0000 · 0.2 s/paso  (calentando, sin abstencion)
  paso  925 · perdida  1.8888 · GLOBAL 0.5000 · acierto 0.5000 · vigente 0.3333 · nose nan (rel nan/aus nan) · invento 0.0000 · 0.2 s/paso  (calentando, sin abstencion)
  paso  950 · perdida  2.2897 · GLOBAL 0.2500 · acierto 0.2500 · vigente 0.0000 · nose nan (rel nan/aus nan) · invento 0.0000 · 0.2 s/paso  (calentando, sin abstencion)
  paso  975 · perdida  2.7842 · GLOBAL 0.0000 · acierto 0.0000 · vigente 0.0000 · nose nan (rel nan/aus nan) · invento 0.0000 · 0.2 s/paso  (calentando, sin abstencion)
  paso 1000 · perdida  2.4177 · GLOBAL 0.0000 · acierto 0.0000 · vigente nan · nose nan (rel nan/aus nan) · invento 0.0000 · 0.2 s/paso  (calentando, sin abstencion)
  paso 1025 · perdida  1.9969 · GLOBAL 0.2500 · acierto 0.2500 · vigente 0.0000 · nose nan (rel nan/aus nan) · invento 0.0000 · 0.2 s/paso  (calentando, sin abstencion)
  paso 1050 · perdida  2.0986 · GLOBAL 0.2500 · acierto 0.2500 · vigente 0.0000 · nose nan (rel nan/aus nan) · invento 0.0000 · 0.2 s/paso  (calentando, sin abstencion)
  paso 1075 · perdida  2.7054 · GLOBAL 0.2500 · acierto 0.2500 · vigente 0.2500 · nose nan (rel nan/aus nan) · invento 0.0000 · 0.2 s/paso  (calentando, sin abstencion)
  paso 1100 · perdida  3.7121 · GLOBAL 0.2500 · acierto 0.2500 · vigente nan · nose nan (rel nan/aus nan) · invento 0.0000 · 0.2 s/paso  (calentando, sin abstencion)
  paso 1125 · perdida  1.9346 · GLOBAL 0.5000 · acierto 0.5000 · vigente 0.0000 · nose nan (rel nan/aus nan) · invento 0.0000 · 0.2 s/paso  (calentando, sin abstencion)
  paso 1150 · perdida  2.7389 · GLOBAL 0.0000 · acierto 0.0000 · vigente nan · nose nan (rel nan/aus nan) · invento 0.0000 · 0.2 s/paso  (calentando, sin abstencion)
  paso 1175 · perdida  2.0043 · GLOBAL 0.0000 · acierto 0.0000 · vigente 0.0000 · nose nan (rel nan/aus nan) · invento 0.0000 · 0.2 s/paso  (calentando, sin abstencion)
  paso 1200 · perdida  1.5444 · GLOBAL 0.5000 · acierto 0.5000 · vigente 0.5000 · nose nan (rel nan/aus nan) · invento 0.0000 · 0.2 s/paso  (calentando, sin abstencion)
  paso 1225 · perdida  1.6898 · GLOBAL 0.5000 · acierto 0.5000 · vigente 0.0000 · nose nan (rel nan/aus nan) · invento 0.0000 · 0.2 s/paso  (calentando, sin abstencion)
  paso 1250 · perdida  2.1291 · GLOBAL 0.2500 · acierto 0.2500 · vigente 0.0000 · nose nan (rel nan/aus nan) · invento 0.0000 · 0.2 s/paso  (calentando, sin abstencion)
  paso 1275 · perdida  2.1091 · GLOBAL 0.0000 · acierto 0.0000 · vigente nan · nose nan (rel nan/aus nan) · invento 0.0000 · 0.2 s/paso  (calentando, sin abstencion)
  paso 1300 · perdida  1.9790 · GLOBAL 0.0000 · acierto 0.0000 · vigente nan · nose nan (rel nan/aus nan) · invento 0.0000 · 0.2 s/paso  (calentando, sin abstencion)
  paso 1325 · perdida  1.8224 · GLOBAL 0.0000 · acierto 0.0000 · vigente nan · nose nan (rel nan/aus nan) · invento 0.0000 · 0.2 s/paso  (calentando, sin abstencion)
  paso 1350 · perdida  2.0996 · GLOBAL 0.0000 · acierto 0.0000 · vigente 0.0000 · nose nan (rel nan/aus nan) · invento 0.0000 · 0.2 s/paso  (calentando, sin abstencion)
  paso 1375 · perdida  2.0082 · GLOBAL 0.0000 · acierto 0.0000 · vigente 0.0000 · nose nan (rel nan/aus nan) · invento 0.0000 · 0.2 s/paso  (calentando, sin abstencion)
  paso 1400 · perdida  1.9639 · GLOBAL 0.2500 · acierto 0.2500 · vigente 0.0000 · nose nan (rel nan/aus nan) · invento 0.0000 · 0.2 s/paso  (calentando, sin abstencion)
  paso 1425 · perdida  2.2177 · GLOBAL 0.0000 · acierto 0.0000 · vigente 0.0000 · nose nan (rel nan/aus nan) · invento 0.0000 · 0.2 s/paso  (calentando, sin abstencion)
  paso 1450 · perdida  2.0034 · GLOBAL 0.0000 · acierto 0.0000 · vigente 0.0000 · nose nan (rel nan/aus nan) · invento 0.0000 · 0.2 s/paso  (calentando, sin abstencion)
  paso 1475 · perdida  2.2996 · GLOBAL 0.0000 · acierto 0.0000 · vigente 0.0000 · nose nan (rel nan/aus nan) · invento 0.0000 · 0.2 s/paso  (calentando, sin abstencion)
  paso 1500 · perdida  2.1099 · GLOBAL 0.2500 · acierto 0.2500 · vigente 0.0000 · nose nan (rel nan/aus nan) · invento 0.0000 · 0.2 s/paso  (calentando, sin abstencion)
  paso 1525 · perdida  1.9034 · GLOBAL 0.2500 · acierto 0.2500 · vigente 0.5000 · nose nan (rel nan/aus nan) · invento 0.0000 · 0.2 s/paso  (calentando, sin abstencion)
  paso 1550 · perdida  1.8781 · GLOBAL 0.0000 · acierto 0.0000 · vigente 0.0000 · nose nan (rel nan/aus nan) · invento 0.0000 · 0.2 s/paso  (calentando, sin abstencion)
  paso 1575 · perdida  2.5885 · GLOBAL 0.0000 · acierto 0.0000 · vigente 0.0000 · nose nan (rel nan/aus nan) · invento 0.0000 · 0.2 s/paso  (calentando, sin abstencion)
  paso 1600 · perdida  2.5479 · GLOBAL 0.0000 · acierto 0.0000 · vigente 0.0000 · nose nan (rel nan/aus nan) · invento 0.0000 · 0.2 s/paso  (calentando, sin abstencion)
  paso 1625 · perdida  2.1243 · GLOBAL 0.2500 · acierto 0.2500 · vigente 0.0000 · nose nan (rel nan/aus nan) · invento 0.0000 · 0.2 s/paso  (calentando, sin abstencion)
  paso 1650 · perdida  1.8233 · GLOBAL 0.0000 · acierto 0.0000 · vigente 0.0000 · nose nan (rel nan/aus nan) · invento 0.0000 · 0.2 s/paso  (calentando, sin abstencion)
  paso 1675 · perdida  2.5449 · GLOBAL 0.0000 · acierto 0.0000 · vigente 0.0000 · nose nan (rel nan/aus nan) · invento 0.0000 · 0.2 s/paso  (calentando, sin abstencion)
  paso 1700 · perdida  2.4445 · GLOBAL 0.0000 · acierto 0.0000 · vigente nan · nose nan (rel nan/aus nan) · invento 0.0000 · 0.2 s/paso  (calentando, sin abstencion)
  paso 1725 · perdida  2.3613 · GLOBAL 0.0000 · acierto 0.0000 · vigente 0.0000 · nose nan (rel nan/aus nan) · invento 0.0000 · 0.2 s/paso  (calentando, sin abstencion)
  paso 1750 · perdida  2.3092 · GLOBAL 0.0000 · acierto 0.0000 · vigente nan · nose nan (rel nan/aus nan) · invento 0.0000 · 0.2 s/paso  (calentando, sin abstencion)
  paso 1775 · perdida  2.2456 · GLOBAL 0.0000 · acierto 0.0000 · vigente 0.0000 · nose nan (rel nan/aus nan) · invento 0.0000 · 0.2 s/paso  (calentando, sin abstencion)
  paso 1800 · perdida  2.0489 · GLOBAL 0.0000 · acierto 0.0000 · vigente 0.0000 · nose nan (rel nan/aus nan) · invento 0.0000 · 0.2 s/paso  (calentando, sin abstencion)
  paso 1825 · perdida  2.0468 · GLOBAL 0.2500 · acierto 0.2500 · vigente nan · nose nan (rel nan/aus nan) · invento 0.0000 · 0.2 s/paso  (calentando, sin abstencion)
  paso 1850 · perdida  2.5729 · GLOBAL 0.2500 · acierto 0.2500 · vigente 0.5000 · nose nan (rel nan/aus nan) · invento 0.0000 · 0.2 s/paso  (calentando, sin abstencion)
  paso 1875 · perdida  1.8377 · GLOBAL 0.5000 · acierto 0.5000 · vigente 0.5000 · nose nan (rel nan/aus nan) · invento 0.0000 · 0.2 s/paso  (calentando, sin abstencion)
  paso 1900 · perdida  1.5520 · GLOBAL 0.5000 · acierto 0.5000 · vigente 0.0000 · nose nan (rel nan/aus nan) · invento 0.0000 · 0.2 s/paso  (calentando, sin abstencion)
  paso 1925 · perdida  2.1320 · GLOBAL 0.2500 · acierto 0.2500 · vigente 0.0000 · nose nan (rel nan/aus nan) · invento 0.0000 · 0.2 s/paso  (calentando, sin abstencion)
  paso 1950 · perdida  2.0390 · GLOBAL 0.5000 · acierto 0.5000 · vigente 0.3333 · nose nan (rel nan/aus nan) · invento 0.0000 · 0.2 s/paso  (calentando, sin abstencion)
  paso 1975 · perdida  2.4008 · GLOBAL 0.0000 · acierto 0.0000 · vigente 0.0000 · nose nan (rel nan/aus nan) · invento 0.0000 · 0.2 s/paso  (calentando, sin abstencion)
  paso 2000 · perdida  1.9606 · GLOBAL 0.5000 · acierto 0.5000 · vigente 0.0000 · nose nan (rel nan/aus nan) · invento 0.0000 · 0.2 s/paso  (calentando, sin abstencion)
  paso 2025 · perdida  2.2846 · GLOBAL 0.0000 · acierto 0.0000 · vigente 0.0000 · nose nan (rel nan/aus nan) · invento 0.0000 · 0.2 s/paso  (calentando, sin abstencion)
  paso 2050 · perdida  1.8111 · GLOBAL 0.2500 · acierto 0.2500 · vigente 0.0000 · nose nan (rel nan/aus nan) · invento 0.0000 · 0.2 s/paso  (calentando, sin abstencion)
  paso 2075 · perdida  2.3760 · GLOBAL 0.2500 · acierto 0.2500 · vigente 0.0000 · nose nan (rel nan/aus nan) · invento 0.0000 · 0.2 s/paso  (calentando, sin abstencion)
  paso 2100 · perdida  1.5337 · GLOBAL 0.5000 · acierto 0.5000 · vigente 1.0000 · nose nan (rel nan/aus nan) · invento 0.0000 · 0.2 s/paso  (calentando, sin abstencion)
  paso 2125 · perdida  2.5725 · GLOBAL 0.2500 · acierto 0.2500 · vigente 0.0000 · nose nan (rel nan/aus nan) · invento 0.0000 · 0.2 s/paso  (calentando, sin abstencion)
  paso 2150 · perdida  2.0203 · GLOBAL 0.2500 · acierto 0.2500 · vigente 0.0000 · nose nan (rel nan/aus nan) · invento 0.0000 · 0.2 s/paso  (calentando, sin abstencion)
  paso 2175 · perdida  1.7993 · GLOBAL 0.2500 · acierto 0.2500 · vigente 0.3333 · nose nan (rel nan/aus nan) · invento 0.0000 · 0.2 s/paso  (calentando, sin abstencion)
  paso 2200 · perdida  2.3087 · GLOBAL 0.0000 · acierto 0.0000 · vigente 0.0000 · nose nan (rel nan/aus nan) · invento 0.0000 · 0.2 s/paso  (calentando, sin abstencion)
  paso 2225 · perdida  2.1159 · GLOBAL 0.0000 · acierto 0.0000 · vigente 0.0000 · nose nan (rel nan/aus nan) · invento 0.0000 · 0.2 s/paso  (calentando, sin abstencion)
  paso 2250 · perdida  1.9159 · GLOBAL 0.2500 · acierto 0.2500 · vigente 0.3333 · nose nan (rel nan/aus nan) · invento 0.0000 · 0.2 s/paso  (calentando, sin abstencion)
  paso 2275 · perdida  1.9106 · GLOBAL 0.2500 · acierto 0.2500 · vigente 0.0000 · nose nan (rel nan/aus nan) · invento 0.0000 · 0.2 s/paso  (calentando, sin abstencion)
  paso 2300 · perdida  1.8556 · GLOBAL 0.2500 · acierto 0.2500 · vigente 0.0000 · nose nan (rel nan/aus nan) · invento 0.0000 · 0.2 s/paso  (calentando, sin abstencion)
  paso 2325 · perdida  2.1771 · GLOBAL 0.2500 · acierto 0.2500 · vigente 0.0000 · nose nan (rel nan/aus nan) · invento 0.0000 · 0.2 s/paso  (calentando, sin abstencion)
  paso 2350 · perdida  2.1728 · GLOBAL 0.2500 · acierto 0.2500 · vigente 0.0000 · nose nan (rel nan/aus nan) · invento 0.0000 · 0.2 s/paso  (calentando, sin abstencion)
  paso 2375 · perdida  2.1163 · GLOBAL 0.2500 · acierto 0.2500 · vigente 0.0000 · nose nan (rel nan/aus nan) · invento 0.0000 · 0.2 s/paso  (calentando, sin abstencion)
  paso 2400 · perdida  1.7859 · GLOBAL 0.2500 · acierto 0.2500 · vigente 0.0000 · nose nan (rel nan/aus nan) · invento 0.0000 · 0.2 s/paso  (calentando, sin abstencion)
  paso 2425 · perdida  1.9496 · GLOBAL 0.2500 · acierto 0.2500 · vigente 0.0000 · nose nan (rel nan/aus nan) · invento 0.0000 · 0.2 s/paso  (calentando, sin abstencion)
  paso 2450 · perdida  1.4885 · GLOBAL 0.5000 · acierto 0.5000 · vigente 0.5000 · nose nan (rel nan/aus nan) · invento 0.0000 · 0.2 s/paso  (calentando, sin abstencion)
  paso 2475 · perdida  1.5866 · GLOBAL 0.2500 · acierto 0.2500 · vigente 0.5000 · nose nan (rel nan/aus nan) · invento 0.0000 · 0.2 s/paso  (calentando, sin abstencion)
  paso 2500 · perdida  1.6340 · GLOBAL 0.2500 · acierto 0.2500 · vigente 0.0000 · nose nan (rel nan/aus nan) · invento 0.0000 · 0.2 s/paso  (calentando, sin abstencion)
  paso 2525 · perdida  1.9093 · GLOBAL 0.2500 · acierto 0.2500 · vigente 0.0000 · nose nan (rel nan/aus nan) · invento 0.0000 · 0.2 s/paso  (calentando, sin abstencion)
  paso 2550 · perdida  2.1622 · GLOBAL 0.2500 · acierto 0.2500 · vigente 0.0000 · nose nan (rel nan/aus nan) · invento 0.0000 · 0.2 s/paso  (calentando, sin abstencion)
  paso 2575 · perdida  2.0855 · GLOBAL 0.2500 · acierto 0.2500 · vigente 0.0000 · nose nan (rel nan/aus nan) · invento 0.0000 · 0.2 s/paso  (calentando, sin abstencion)
  paso 2600 · perdida  1.5290 · GLOBAL 0.5000 · acierto 0.5000 · vigente nan · nose nan (rel nan/aus nan) · invento 0.0000 · 0.2 s/paso  (calentando, sin abstencion)
  paso 2625 · perdida  1.6644 · GLOBAL 0.2500 · acierto 0.2500 · vigente nan · nose nan (rel nan/aus nan) · invento 0.0000 · 0.2 s/paso  (calentando, sin abstencion)
  paso 2650 · perdida  2.4502 · GLOBAL 0.2500 · acierto 0.2500 · vigente 1.0000 · nose nan (rel nan/aus nan) · invento 0.0000 · 0.2 s/paso  (calentando, sin abstencion)
  paso 2675 · perdida  1.5269 · GLOBAL 0.5000 · acierto 0.5000 · vigente 0.5000 · nose nan (rel nan/aus nan) · invento 0.0000 · 0.2 s/paso  (calentando, sin abstencion)
  paso 2700 · perdida  1.7017 · GLOBAL 0.5000 · acierto 0.5000 · vigente 0.0000 · nose nan (rel nan/aus nan) · invento 0.0000 · 0.2 s/paso  (calentando, sin abstencion)
  paso 2725 · perdida  1.8839 · GLOBAL 0.2500 · acierto 0.2500 · vigente nan · nose nan (rel nan/aus nan) · invento 0.0000 · 0.2 s/paso  (calentando, sin abstencion)
  paso 2750 · perdida  2.6302 · GLOBAL 0.0000 · acierto 0.0000 · vigente 0.0000 · nose nan (rel nan/aus nan) · invento 0.0000 · 0.2 s/paso  (calentando, sin abstencion)
  paso 2775 · perdida  2.2262 · GLOBAL 0.0000 · acierto 0.0000 · vigente 0.0000 · nose nan (rel nan/aus nan) · invento 0.0000 · 0.2 s/paso  (calentando, sin abstencion)
  paso 2800 · perdida  1.1637 · GLOBAL 0.5000 · acierto 0.5000 · vigente nan · nose nan (rel nan/aus nan) · invento 0.0000 · 0.2 s/paso  (calentando, sin abstencion)
  paso 2825 · perdida  1.8734 · GLOBAL 0.2500 · acierto 0.2500 · vigente 0.0000 · nose nan (rel nan/aus nan) · invento 0.0000 · 0.2 s/paso  (calentando, sin abstencion)
  paso 2850 · perdida  2.0445 · GLOBAL 0.5000 · acierto 0.5000 · vigente 1.0000 · nose nan (rel nan/aus nan) · invento 0.0000 · 0.2 s/paso  (calentando, sin abstencion)
  paso 2875 · perdida  1.6485 · GLOBAL 0.2500 · acierto 0.2500 · vigente 0.0000 · nose nan (rel nan/aus nan) · invento 0.0000 · 0.2 s/paso  (calentando, sin abstencion)
  paso 2900 · perdida  1.6547 · GLOBAL 0.2500 · acierto 0.2500 · vigente 0.0000 · nose nan (rel nan/aus nan) · invento 0.0000 · 0.2 s/paso  (calentando, sin abstencion)
  paso 2925 · perdida  1.7906 · GLOBAL 0.5000 · acierto 0.5000 · vigente 0.0000 · nose nan (rel nan/aus nan) · invento 0.0000 · 0.2 s/paso  (calentando, sin abstencion)
  paso 2950 · perdida  0.8575 · GLOBAL 0.5000 · acierto 0.5000 · vigente 0.0000 · nose nan (rel nan/aus nan) · invento 0.0000 · 0.2 s/paso  (calentando, sin abstencion)
  paso 2975 · perdida  1.0510 · GLOBAL 0.7500 · acierto 0.7500 · vigente 0.6667 · nose nan (rel nan/aus nan) · invento 0.0000 · 0.2 s/paso  (calentando, sin abstencion)
  paso 3000 · perdida  1.2265 · GLOBAL 0.7500 · acierto 0.7500 · vigente 1.0000 · nose nan (rel nan/aus nan) · invento 0.0000 · 0.2 s/paso  (calentando, sin abstencion)
  paso 3025 · perdida  2.0074 · GLOBAL 0.5000 · acierto 1.0000 · vigente 1.0000 · nose 0.0000 (rel 0.00/aus 0.00) · invento 1.0000 · 0.2 s/paso
  paso 3050 · perdida  1.5091 · GLOBAL 0.7500 · acierto 0.0000 · vigente nan · nose 1.0000 (rel 1.00/aus 1.00) · invento 0.0000 · 0.2 s/paso
  paso 3075 · perdida  2.3600 · GLOBAL 0.0000 · acierto 0.0000 · vigente nan · nose 0.0000 (rel nan/aus 0.00) · invento 1.0000 · 0.2 s/paso
  paso 3100 · perdida  1.6325 · GLOBAL 0.0000 · acierto 0.0000 · vigente 0.0000 · nose 0.0000 (rel 0.00/aus nan) · invento 1.0000 · 0.2 s/paso
  paso 3125 · perdida  1.8962 · GLOBAL 0.0000 · acierto 0.0000 · vigente 0.0000 · nose nan (rel nan/aus nan) · invento 0.0000 · 0.2 s/paso
  paso 3150 · perdida  2.2308 · GLOBAL 0.2500 · acierto 0.0000 · vigente 0.0000 · nose 1.0000 (rel nan/aus 1.00) · invento 0.0000 · 0.2 s/paso
  paso 3175 · perdida  2.4752 · GLOBAL 0.2500 · acierto 0.0000 · vigente nan · nose 1.0000 (rel 1.00/aus nan) · invento 0.0000 · 0.2 s/paso
  paso 3200 · perdida  1.7297 · GLOBAL 0.2500 · acierto 0.0000 · vigente 0.0000 · nose 1.0000 (rel nan/aus 1.00) · invento 0.0000 · 0.2 s/paso
  paso 3225 · perdida  2.5254 · GLOBAL 0.0000 · acierto 0.0000 · vigente 0.0000 · nose 0.0000 (rel 0.00/aus 0.00) · invento 1.0000 · 0.2 s/paso
  paso 3250 · perdida  1.8706 · GLOBAL 0.5000 · acierto 0.0000 · vigente nan · nose 1.0000 (rel nan/aus 1.00) · invento 0.0000 · 0.2 s/paso
  paso 3275 · perdida  3.0514 · GLOBAL 0.0000 · acierto 0.0000 · vigente 0.0000 · nose nan (rel nan/aus nan) · invento 0.0000 · 0.2 s/paso
  paso 3300 · perdida  1.5665 · GLOBAL 0.5000 · acierto 1.0000 · vigente 1.0000 · nose 0.0000 (rel 0.00/aus 0.00) · invento 1.0000 · 0.2 s/paso
  paso 3325 · perdida  1.6749 · GLOBAL 0.5000 · acierto 1.0000 · vigente 1.0000 · nose 0.3333 (rel 1.00/aus 0.00) · invento 0.6667 · 0.2 s/paso
  paso 3350 · perdida  1.3952 · GLOBAL 0.0000 · acierto 0.0000 · vigente 0.0000 · nose 0.0000 (rel 0.00/aus nan) · invento 1.0000 · 0.2 s/paso
  paso 3375 · perdida  2.0858 · GLOBAL 0.2500 · acierto 0.0000 · vigente 0.0000 · nose 1.0000 (rel 1.00/aus nan) · invento 0.0000 · 0.2 s/paso
  paso 3400 · perdida  3.0343 · GLOBAL 0.2500 · acierto 0.0000 · vigente 0.0000 · nose 1.0000 (rel 1.00/aus nan) · invento 0.0000 · 0.2 s/paso
  paso 3425 · perdida  1.1673 · GLOBAL 0.7500 · acierto 0.5000 · vigente nan · nose 1.0000 (rel 1.00/aus 1.00) · invento 0.0000 · 0.2 s/paso
  paso 3450 · perdida  1.0825 · GLOBAL 0.7500 · acierto 0.0000 · vigente nan · nose 1.0000 (rel 1.00/aus 1.00) · invento 0.0000 · 0.2 s/paso
  paso 3475 · perdida  1.8133 · GLOBAL 0.2500 · acierto 0.3333 · vigente nan · nose 0.0000 (rel 0.00/aus nan) · invento 1.0000 · 0.2 s/paso
  paso 3500 · perdida  0.7948 · GLOBAL 0.7500 · acierto 0.5000 · vigente 0.5000 · nose 1.0000 (rel nan/aus 1.00) · invento 0.0000 · 0.2 s/paso
  paso 3525 · perdida  2.7243 · GLOBAL 0.0000 · acierto 0.0000 · vigente 0.0000 · nose nan (rel nan/aus nan) · invento 0.0000 · 0.2 s/paso
  paso 3550 · perdida  1.7237 · GLOBAL 0.2500 · acierto 0.0000 · vigente 0.0000 · nose 1.0000 (rel nan/aus 1.00) · invento 0.0000 · 0.2 s/paso
  paso 3575 · perdida  1.5332 · GLOBAL 0.2500 · acierto 0.2500 · vigente 0.3333 · nose nan (rel nan/aus nan) · invento 0.0000 · 0.2 s/paso
  paso 3600 · perdida  1.0039 · GLOBAL 1.0000 · acierto 1.0000 · vigente 1.0000 · nose 1.0000 (rel 1.00/aus nan) · invento 0.0000 · 0.2 s/paso
  paso 3625 · perdida  1.2138 · GLOBAL 0.7500 · acierto 0.0000 · vigente 0.0000 · nose 1.0000 (rel 1.00/aus 1.00) · invento 0.0000 · 0.2 s/paso
  paso 3650 · perdida  1.9671 · GLOBAL 0.0000 · acierto 0.0000 · vigente 0.0000 · nose nan (rel nan/aus nan) · invento 0.0000 · 0.2 s/paso
  paso 3675 · perdida  1.6175 · GLOBAL 0.0000 · acierto 0.0000 · vigente 0.0000 · nose nan (rel nan/aus nan) · invento 0.0000 · 0.2 s/paso
  paso 3700 · perdida  2.0360 · GLOBAL 0.2500 · acierto 0.0000 · vigente 0.0000 · nose 0.5000 (rel 1.00/aus 0.00) · invento 0.5000 · 0.2 s/paso
  paso 3725 · perdida  1.7678 · GLOBAL 0.2500 · acierto 0.0000 · vigente 0.0000 · nose 0.3333 (rel 1.00/aus 0.00) · invento 0.6667 · 0.2 s/paso
  paso 3750 · perdida  1.5961 · GLOBAL 0.5000 · acierto 0.3333 · vigente 0.5000 · nose 1.0000 (rel nan/aus 1.00) · invento 0.0000 · 0.2 s/paso
  paso 3775 · perdida  2.1699 · GLOBAL 0.2500 · acierto 0.2500 · vigente 0.0000 · nose nan (rel nan/aus nan) · invento 0.0000 · 0.2 s/paso
  paso 3800 · perdida  2.8040 · GLOBAL 0.2500 · acierto 0.2500 · vigente 0.0000 · nose nan (rel nan/aus nan) · invento 0.0000 · 0.2 s/paso
  paso 3825 · perdida  1.7348 · GLOBAL 0.2500 · acierto 0.5000 · vigente 0.0000 · nose 0.0000 (rel 0.00/aus nan) · invento 1.0000 · 0.2 s/paso
  paso 3850 · perdida  1.0919 · GLOBAL 0.7500 · acierto 1.0000 · vigente nan · nose 0.5000 (rel 0.50/aus nan) · invento 0.5000 · 0.2 s/paso
  paso 3875 · perdida  1.7793 · GLOBAL 0.2500 · acierto 0.5000 · vigente 1.0000 · nose 0.0000 (rel nan/aus 0.00) · invento 1.0000 · 0.2 s/paso
  paso 3900 · perdida  1.2824 · GLOBAL 0.5000 · acierto 0.5000 · vigente nan · nose 0.5000 (rel 1.00/aus 0.00) · invento 0.5000 · 0.2 s/paso
  paso 3925 · perdida  1.4714 · GLOBAL 0.2500 · acierto 0.0000 · vigente 0.0000 · nose 1.0000 (rel nan/aus 1.00) · invento 0.0000 · 0.2 s/paso
  paso 3950 · perdida  1.5995 · GLOBAL 0.0000 · acierto 0.0000 · vigente 0.0000 · nose nan (rel nan/aus nan) · invento 0.0000 · 0.2 s/paso
  paso 3975 · perdida  1.5686 · GLOBAL 0.5000 · acierto 0.0000 · vigente 0.0000 · nose 1.0000 (rel 1.00/aus 1.00) · invento 0.0000 · 0.2 s/paso
  paso 4000 · perdida  1.9246 · GLOBAL 0.2500 · acierto 0.0000 · vigente 0.0000 · nose 1.0000 (rel 1.00/aus nan) · invento 0.0000 · 0.2 s/paso
  paso 4025 · perdida  2.0557 · GLOBAL 0.2500 · acierto 0.0000 · vigente 0.0000 · nose 1.0000 (rel 1.00/aus nan) · invento 0.0000 · 0.2 s/paso
  paso 4050 · perdida  1.5143 · GLOBAL 0.5000 · acierto 0.3333 · vigente 0.0000 · nose 1.0000 (rel nan/aus 1.00) · invento 0.0000 · 0.2 s/paso
  paso 4075 · perdida  1.9254 · GLOBAL 0.2500 · acierto 0.3333 · vigente 0.0000 · nose 0.0000 (rel nan/aus 0.00) · invento 1.0000 · 0.2 s/paso
  paso 4100 · perdida  1.8144 · GLOBAL 0.2500 · acierto 0.3333 · vigente 0.5000 · nose 0.0000 (rel 0.00/aus nan) · invento 1.0000 · 0.2 s/paso
  paso 4125 · perdida  0.8094 · GLOBAL 0.5000 · acierto 0.0000 · vigente nan · nose 0.6667 (rel 1.00/aus 0.00) · invento 0.3333 · 0.2 s/paso
  paso 4150 · perdida  1.7637 · GLOBAL 0.5000 · acierto 0.0000 · vigente nan · nose 0.6667 (rel 0.67/aus nan) · invento 0.3333 · 0.2 s/paso
  paso 4175 · perdida  1.6228 · GLOBAL 0.0000 · acierto 0.0000 · vigente 0.0000 · nose nan (rel nan/aus nan) · invento 0.0000 · 0.2 s/paso
  paso 4200 · perdida  1.6958 · GLOBAL 0.2500 · acierto 0.5000 · vigente nan · nose 0.0000 (rel 0.00/aus 0.00) · invento 1.0000 · 0.2 s/paso
  paso 4225 · perdida  1.7862 · GLOBAL 0.2500 · acierto 0.0000 · vigente 0.0000 · nose 1.0000 (rel 1.00/aus nan) · invento 0.0000 · 0.2 s/paso
  paso 4250 · perdida  1.7450 · GLOBAL 0.2500 · acierto 0.5000 · vigente nan · nose 0.0000 (rel 0.00/aus nan) · invento 1.0000 · 0.2 s/paso
  paso 4275 · perdida  1.9557 · GLOBAL 0.2500 · acierto 0.0000 · vigente 0.0000 · nose 1.0000 (rel 1.00/aus nan) · invento 0.0000 · 0.2 s/paso
  paso 4300 · perdida  2.0891 · GLOBAL 0.0000 · acierto 0.0000 · vigente 0.0000 · nose 0.0000 (rel 0.00/aus nan) · invento 1.0000 · 0.2 s/paso
  paso 4325 · perdida  1.9948 · GLOBAL 0.5000 · acierto 0.3333 · vigente 0.0000 · nose 1.0000 (rel 1.00/aus nan) · invento 0.0000 · 0.2 s/paso
  paso 4350 · perdida  1.3340 · GLOBAL 0.5000 · acierto 0.0000 · vigente nan · nose 1.0000 (rel 1.00/aus 1.00) · invento 0.0000 · 0.2 s/paso
  paso 4375 · perdida  1.1659 · GLOBAL 0.7500 · acierto 0.5000 · vigente 0.0000 · nose 1.0000 (rel nan/aus 1.00) · invento 0.0000 · 0.2 s/paso
  paso 4400 · perdida  1.0947 · GLOBAL 0.5000 · acierto 0.0000 · vigente 0.0000 · nose 1.0000 (rel 1.00/aus nan) · invento 0.0000 · 0.2 s/paso
  paso 4425 · perdida  0.7211 · GLOBAL 0.7500 · acierto 0.5000 · vigente 0.0000 · nose 1.0000 (rel nan/aus 1.00) · invento 0.0000 · 0.2 s/paso
  paso 4450 · perdida  0.7545 · GLOBAL 0.7500 · acierto 0.0000 · vigente nan · nose 1.0000 (rel 1.00/aus 1.00) · invento 0.0000 · 0.2 s/paso
  paso 4475 · perdida  0.5200 · GLOBAL 1.0000 · acierto 1.0000 · vigente nan · nose 1.0000 (rel 1.00/aus 1.00) · invento 0.0000 · 0.2 s/paso
  paso 4500 · perdida  0.4496 · GLOBAL 1.0000 · acierto 1.0000 · vigente nan · nose 1.0000 (rel 1.00/aus 1.00) · invento 0.0000 · 0.2 s/paso
  paso 4525 · perdida  1.1818 · GLOBAL 0.5000 · acierto 0.0000 · vigente 0.0000 · nose 1.0000 (rel 1.00/aus nan) · invento 0.0000 · 0.2 s/paso
  paso 4550 · perdida  0.7761 · GLOBAL 0.7500 · acierto 1.0000 · vigente nan · nose 0.5000 (rel 0.00/aus 1.00) · invento 0.5000 · 0.2 s/paso
  paso 4575 · perdida  1.0630 · GLOBAL 0.2500 · acierto 0.0000 · vigente 0.0000 · nose 0.5000 (rel nan/aus 0.50) · invento 0.5000 · 0.2 s/paso
  paso 4600 · perdida  2.1041 · GLOBAL 0.2500 · acierto 0.2500 · vigente 0.0000 · nose nan (rel nan/aus nan) · invento 0.0000 · 0.2 s/paso
  paso 4625 · perdida  1.3274 · GLOBAL 0.5000 · acierto 0.3333 · vigente 0.0000 · nose 1.0000 (rel nan/aus 1.00) · invento 0.0000 · 0.2 s/paso
  paso 4650 · perdida  0.6089 · GLOBAL 0.7500 · acierto 0.0000 · vigente 0.0000 · nose 1.0000 (rel 1.00/aus nan) · invento 0.0000 · 0.2 s/paso
  paso 4675 · perdida  1.6541 · GLOBAL 0.5000 · acierto 0.0000 · vigente 0.0000 · nose 1.0000 (rel nan/aus 1.00) · invento 0.0000 · 0.2 s/paso
  paso 4700 · perdida  1.3671 · GLOBAL 0.7500 · acierto 0.6667 · vigente 1.0000 · nose 1.0000 (rel nan/aus 1.00) · invento 0.0000 · 0.2 s/paso
  paso 4725 · perdida  1.4825 · GLOBAL 0.5000 · acierto 0.0000 · vigente 0.0000 · nose 1.0000 (rel 1.00/aus 1.00) · invento 0.0000 · 0.2 s/paso
  paso 4750 · perdida  1.2208 · GLOBAL 0.2500 · acierto 0.3333 · vigente 0.5000 · nose 0.0000 (rel 0.00/aus nan) · invento 1.0000 · 0.2 s/paso
  paso 4775 · perdida  1.4281 · GLOBAL 0.2500 · acierto 0.2500 · vigente 0.0000 · nose nan (rel nan/aus nan) · invento 0.0000 · 0.2 s/paso
  paso 4800 · perdida  0.3751 · GLOBAL 1.0000 · acierto 1.0000 · vigente nan · nose 1.0000 (rel 1.00/aus 1.00) · invento 0.0000 · 0.2 s/paso
  paso 4825 · perdida  0.9208 · GLOBAL 0.5000 · acierto 0.3333 · vigente 0.0000 · nose 1.0000 (rel nan/aus 1.00) · invento 0.0000 · 0.2 s/paso
  paso 4850 · perdida  0.9241 · GLOBAL 0.7500 · acierto 0.0000 · vigente 0.0000 · nose 1.0000 (rel 1.00/aus 1.00) · invento 0.0000 · 0.2 s/paso
  paso 4875 · perdida  0.7393 · GLOBAL 0.7500 · acierto 0.0000 · vigente 0.0000 · nose 1.0000 (rel 1.00/aus 1.00) · invento 0.0000 · 0.2 s/paso
  paso 4900 · perdida  1.8178 · GLOBAL 0.2500 · acierto 0.3333 · vigente 0.0000 · nose 0.0000 (rel nan/aus 0.00) · invento 1.0000 · 0.2 s/paso
  paso 4925 · perdida  2.6891 · GLOBAL 0.2500 · acierto 0.0000 · vigente 0.0000 · nose 1.0000 (rel 1.00/aus nan) · invento 0.0000 · 0.2 s/paso
  paso 4950 · perdida  1.3859 · GLOBAL 0.2500 · acierto 0.2500 · vigente 0.2500 · nose nan (rel nan/aus nan) · invento 0.0000 · 0.2 s/paso
  paso 4975 · perdida  0.8057 · GLOBAL 0.7500 · acierto 0.6667 · vigente 1.0000 · nose 1.0000 (rel nan/aus 1.00) · invento 0.0000 · 0.2 s/paso
  paso 5000 · perdida  0.8845 · GLOBAL 0.5000 · acierto 0.5000 · vigente 0.0000 · nose 0.5000 (rel 0.50/aus nan) · invento 0.5000 · 0.2 s/paso
  paso 5025 · perdida  0.7051 · GLOBAL 0.5000 · acierto 0.5000 · vigente nan · nose nan (rel nan/aus nan) · invento 0.0000 · 0.2 s/paso
  paso 5050 · perdida  1.0103 · GLOBAL 0.2500 · acierto 0.0000 · vigente 0.0000 · nose 0.5000 (rel nan/aus 0.50) · invento 0.5000 · 0.2 s/paso
  paso 5075 · perdida  0.9484 · GLOBAL 0.2500 · acierto 0.5000 · vigente 0.0000 · nose 0.0000 (rel 0.00/aus nan) · invento 1.0000 · 0.2 s/paso
  paso 5100 · perdida  1.6152 · GLOBAL 0.2500 · acierto 0.0000 · vigente 0.0000 · nose 0.5000 (rel 0.00/aus 1.00) · invento 0.5000 · 0.2 s/paso
  paso 5125 · perdida  1.3071 · GLOBAL 0.5000 · acierto 0.3333 · vigente 1.0000 · nose 1.0000 (rel 1.00/aus nan) · invento 0.0000 · 0.2 s/paso
  paso 5150 · perdida  2.4678 · GLOBAL 0.0000 · acierto 0.0000 · vigente 0.0000 · nose 0.0000 (rel nan/aus 0.00) · invento 1.0000 · 0.2 s/paso
  paso 5175 · perdida  0.7851 · GLOBAL 0.5000 · acierto 0.5000 · vigente 0.0000 · nose nan (rel nan/aus nan) · invento 0.0000 · 0.2 s/paso
  paso 5200 · perdida  0.6965 · GLOBAL 0.5000 · acierto 0.5000 · vigente 0.0000 · nose nan (rel nan/aus nan) · invento 0.0000 · 0.2 s/paso
  paso 5225 · perdida  1.5142 · GLOBAL 0.2500 · acierto 1.0000 · vigente nan · nose 0.0000 (rel 0.00/aus 0.00) · invento 1.0000 · 0.2 s/paso
  paso 5250 · perdida  1.0816 · GLOBAL 0.2500 · acierto 0.0000 · vigente 0.0000 · nose 1.0000 (rel nan/aus 1.00) · invento 0.0000 · 0.2 s/paso
  paso 5275 · perdida  1.4228 · GLOBAL 0.2500 · acierto 0.3333 · vigente nan · nose 0.0000 (rel nan/aus 0.00) · invento 1.0000 · 0.2 s/paso
  paso 5300 · perdida  0.7571 · GLOBAL 0.7500 · acierto 0.6667 · vigente 0.0000 · nose 1.0000 (rel nan/aus 1.00) · invento 0.0000 · 0.2 s/paso
  paso 5325 · perdida  0.5799 · GLOBAL 1.0000 · acierto 1.0000 · vigente 1.0000 · nose 1.0000 (rel nan/aus 1.00) · invento 0.0000 · 0.2 s/paso
  paso 5350 · perdida  0.4731 · GLOBAL 1.0000 · acierto 1.0000 · vigente 1.0000 · nose nan (rel nan/aus nan) · invento 0.0000 · 0.2 s/paso
  paso 5375 · perdida  0.6655 · GLOBAL 0.5000 · acierto 0.5000 · vigente 0.0000 · nose 0.5000 (rel 0.00/aus 1.00) · invento 0.5000 · 0.2 s/paso
  paso 5400 · perdida  1.9168 · GLOBAL 0.2500 · acierto 0.2500 · vigente 0.0000 · nose nan (rel nan/aus nan) · invento 0.0000 · 0.2 s/paso
  paso 5425 · perdida  0.8153 · GLOBAL 0.5000 · acierto 0.5000 · vigente 1.0000 · nose nan (rel nan/aus nan) · invento 0.0000 · 0.2 s/paso
  paso 5450 · perdida  1.1762 · GLOBAL 0.5000 · acierto 0.6667 · vigente 0.5000 · nose 0.0000 (rel nan/aus 0.00) · invento 1.0000 · 0.2 s/paso
  paso 5475 · perdida  1.1797 · GLOBAL 0.5000 · acierto 0.3333 · vigente 0.5000 · nose 1.0000 (rel nan/aus 1.00) · invento 0.0000 · 0.2 s/paso
  paso 5500 · perdida  1.0678 · GLOBAL 0.5000 · acierto 0.6667 · vigente 1.0000 · nose 0.0000 (rel nan/aus 0.00) · invento 1.0000 · 0.2 s/paso
  paso 5525 · perdida  1.0120 · GLOBAL 0.2500 · acierto 0.0000 · vigente 0.0000 · nose 0.5000 (rel 0.50/aus nan) · invento 0.5000 · 0.2 s/paso
  paso 5550 · perdida  1.0174 · GLOBAL 0.5000 · acierto 1.0000 · vigente nan · nose 0.0000 (rel 0.00/aus nan) · invento 1.0000 · 0.2 s/paso
  paso 5575 · perdida  1.7657 · GLOBAL 0.5000 · acierto 0.3333 · vigente 0.5000 · nose 1.0000 (rel 1.00/aus nan) · invento 0.0000 · 0.2 s/paso
  paso 5600 · perdida  2.0492 · GLOBAL 0.2500 · acierto 0.0000 · vigente 0.0000 · nose 0.5000 (rel 0.50/aus nan) · invento 0.5000 · 0.2 s/paso
  paso 5625 · perdida  1.0393 · GLOBAL 0.5000 · acierto 0.0000 · vigente 0.0000 · nose 1.0000 (rel 1.00/aus nan) · invento 0.0000 · 0.2 s/paso
  paso 5650 · perdida  0.9672 · GLOBAL 0.5000 · acierto 0.6667 · vigente 0.0000 · nose 0.0000 (rel nan/aus 0.00) · invento 1.0000 · 0.2 s/paso
  paso 5675 · perdida  1.4202 · GLOBAL 0.5000 · acierto 0.5000 · vigente 0.5000 · nose 0.5000 (rel 1.00/aus 0.00) · invento 0.5000 · 0.2 s/paso
  paso 5700 · perdida  1.5407 · GLOBAL 0.2500 · acierto 0.5000 · vigente 0.0000 · nose 0.0000 (rel 0.00/aus 0.00) · invento 1.0000 · 0.2 s/paso
  paso 5725 · perdida  2.2636 · GLOBAL 0.0000 · acierto 0.0000 · vigente 0.0000 · nose nan (rel nan/aus nan) · invento 0.0000 · 0.2 s/paso
  paso 5750 · perdida  1.0277 · GLOBAL 0.5000 · acierto 0.3333 · vigente 0.3333 · nose 1.0000 (rel nan/aus 1.00) · invento 0.0000 · 0.2 s/paso
  paso 5775 · perdida  1.8505 · GLOBAL 0.2500 · acierto 0.3333 · vigente 0.0000 · nose 0.0000 (rel 0.00/aus nan) · invento 1.0000 · 0.2 s/paso
  paso 5800 · perdida  1.0405 · GLOBAL 0.5000 · acierto 0.3333 · vigente 0.0000 · nose 1.0000 (rel 1.00/aus nan) · invento 0.0000 · 0.2 s/paso
  paso 5825 · perdida  1.3854 · GLOBAL 0.0000 · acierto 0.0000 · vigente 0.0000 · nose 0.0000 (rel nan/aus 0.00) · invento 1.0000 · 0.2 s/paso
  paso 5850 · perdida  0.7949 · GLOBAL 0.7500 · acierto 1.0000 · vigente 1.0000 · nose 0.6667 (rel 0.50/aus 1.00) · invento 0.3333 · 0.2 s/paso
  paso 5875 · perdida  1.4437 · GLOBAL 0.2500 · acierto 0.3333 · vigente 0.5000 · nose 0.0000 (rel nan/aus 0.00) · invento 1.0000 · 0.2 s/paso
  paso 5900 · perdida  0.6763 · GLOBAL 0.7500 · acierto 0.0000 · vigente nan · nose 1.0000 (rel nan/aus 1.00) · invento 0.0000 · 0.2 s/paso
  paso 5925 · perdida  0.5305 · GLOBAL 0.7500 · acierto 0.7500 · vigente nan · nose nan (rel nan/aus nan) · invento 0.0000 · 0.2 s/paso
  paso 5950 · perdida  1.0271 · GLOBAL 0.5000 · acierto nan · vigente nan · nose 0.5000 (rel 0.50/aus 0.50) · invento 0.5000 · 0.2 s/paso
  paso 5975 · perdida  2.0295 · GLOBAL 0.0000 · acierto 0.0000 · vigente 0.0000 · nose 0.0000 (rel 0.00/aus 0.00) · invento 1.0000 · 0.2 s/paso
  paso 6000 · perdida  0.9196 · GLOBAL 0.5000 · acierto 0.6667 · vigente nan · nose 0.0000 (rel nan/aus 0.00) · invento 1.0000 · 0.2 s/paso
  paso 6025 · perdida  1.7013 · GLOBAL 0.2500 · acierto 0.0000 · vigente 0.0000 · nose 0.5000 (rel 0.50/aus nan) · invento 0.5000 · 0.2 s/paso
  paso 6050 · perdida  0.7469 · GLOBAL 0.5000 · acierto 1.0000 · vigente nan · nose 0.0000 (rel nan/aus 0.00) · invento 1.0000 · 0.2 s/paso
  paso 6075 · perdida  1.7436 · GLOBAL 0.2500 · acierto 0.0000 · vigente 0.0000 · nose 1.0000 (rel 1.00/aus nan) · invento 0.0000 · 0.2 s/paso
  paso 6100 · perdida  1.0129 · GLOBAL 0.5000 · acierto 0.0000 · vigente 0.0000 · nose 0.6667 (rel 0.67/aus nan) · invento 0.3333 · 0.2 s/paso
  paso 6125 · perdida  1.0001 · GLOBAL 0.5000 · acierto 0.3333 · vigente 0.5000 · nose 1.0000 (rel 1.00/aus nan) · invento 0.0000 · 0.2 s/paso
  paso 6150 · perdida  1.3740 · GLOBAL 0.5000 · acierto 1.0000 · vigente 1.0000 · nose 0.3333 (rel nan/aus 0.33) · invento 0.6667 · 0.2 s/paso
  paso 6175 · perdida  1.2827 · GLOBAL 0.5000 · acierto 0.5000 · vigente 0.0000 · nose nan (rel nan/aus nan) · invento 0.0000 · 0.2 s/paso
  paso 6200 · perdida  1.6684 · GLOBAL 0.2500 · acierto 0.0000 · vigente 0.0000 · nose 0.3333 (rel 0.50/aus 0.00) · invento 0.6667 · 0.2 s/paso
  paso 6225 · perdida  0.6466 · GLOBAL 0.7500 · acierto 0.6667 · vigente nan · nose 1.0000 (rel nan/aus 1.00) · invento 0.0000 · 0.2 s/paso
  paso 6250 · perdida  1.9372 · GLOBAL 0.5000 · acierto 0.5000 · vigente 0.0000 · nose nan (rel nan/aus nan) · invento 0.0000 · 0.2 s/paso
  paso 6275 · perdida  0.7097 · GLOBAL 0.5000 · acierto 0.5000 · vigente 0.0000 · nose 0.5000 (rel 0.50/aus nan) · invento 0.5000 · 0.2 s/paso
  paso 6300 · perdida  1.0177 · GLOBAL 0.5000 · acierto 1.0000 · vigente nan · nose 0.0000 (rel nan/aus 0.00) · invento 1.0000 · 0.2 s/paso
  paso 6325 · perdida  0.4908 · GLOBAL 0.7500 · acierto 0.6667 · vigente nan · nose 1.0000 (rel 1.00/aus nan) · invento 0.0000 · 0.2 s/paso
  paso 6350 · perdida  1.3850 · GLOBAL 0.7500 · acierto 0.6667 · vigente 0.0000 · nose 1.0000 (rel nan/aus 1.00) · invento 0.0000 · 0.2 s/paso
  paso 6375 · perdida  1.2836 · GLOBAL 0.5000 · acierto 0.3333 · vigente 1.0000 · nose 1.0000 (rel 1.00/aus nan) · invento 0.0000 · 0.2 s/paso
  paso 6400 · perdida  0.9366 · GLOBAL 0.5000 · acierto 0.6667 · vigente 0.0000 · nose 0.0000 (rel 0.00/aus nan) · invento 1.0000 · 0.2 s/paso
  paso 6425 · perdida  0.9299 · GLOBAL 0.5000 · acierto 0.0000 · vigente 0.0000 · nose 1.0000 (rel 1.00/aus 1.00) · invento 0.0000 · 0.2 s/paso
  paso 6450 · perdida  0.5863 · GLOBAL 0.7500 · acierto 0.5000 · vigente nan · nose 1.0000 (rel 1.00/aus 1.00) · invento 0.0000 · 0.2 s/paso
  paso 6475 · perdida  0.9483 · GLOBAL 0.7500 · acierto 1.0000 · vigente 1.0000 · nose 0.0000 (rel nan/aus 0.00) · invento 1.0000 · 0.2 s/paso
  paso 6500 · perdida  1.1609 · GLOBAL 0.2500 · acierto 1.0000 · vigente nan · nose 0.0000 (rel 0.00/aus 0.00) · invento 1.0000 · 0.2 s/paso
  paso 6525 · perdida  0.8725 · GLOBAL 0.7500 · acierto 0.6667 · vigente 0.0000 · nose 1.0000 (rel 1.00/aus nan) · invento 0.0000 · 0.2 s/paso
  paso 6550 · perdida  0.7600 · GLOBAL 0.7500 · acierto 0.5000 · vigente 0.0000 · nose 1.0000 (rel 1.00/aus 1.00) · invento 0.0000 · 0.2 s/paso
  paso 6575 · perdida  0.7798 · GLOBAL 0.7500 · acierto 1.0000 · vigente nan · nose 0.0000 (rel nan/aus 0.00) · invento 1.0000 · 0.2 s/paso
  paso 6600 · perdida  0.7830 · GLOBAL 0.5000 · acierto 0.5000 · vigente 1.0000 · nose 0.5000 (rel nan/aus 0.50) · invento 0.5000 · 0.2 s/paso
  paso 6625 · perdida  1.2172 · GLOBAL 0.7500 · acierto 0.6667 · vigente 0.0000 · nose 1.0000 (rel nan/aus 1.00) · invento 0.0000 · 0.2 s/paso
  paso 6650 · perdida  0.4502 · GLOBAL 1.0000 · acierto 1.0000 · vigente 1.0000 · nose 1.0000 (rel 1.00/aus nan) · invento 0.0000 · 0.2 s/paso
  paso 6675 · perdida  2.0390 · GLOBAL 0.2500 · acierto 0.0000 · vigente nan · nose 1.0000 (rel 1.00/aus nan) · invento 0.0000 · 0.2 s/paso
  paso 6700 · perdida  1.9711 · GLOBAL 0.2500 · acierto 0.5000 · vigente 0.0000 · nose 0.0000 (rel 0.00/aus nan) · invento 1.0000 · 0.2 s/paso
  paso 6725 · perdida  1.7279 · GLOBAL 0.5000 · acierto 0.6667 · vigente 0.5000 · nose 0.0000 (rel 0.00/aus nan) · invento 1.0000 · 0.2 s/paso
  paso 6750 · perdida  1.5884 · GLOBAL 0.5000 · acierto 0.3333 · vigente 0.3333 · nose 1.0000 (rel nan/aus 1.00) · invento 0.0000 · 0.2 s/paso
  paso 6775 · perdida  0.7886 · GLOBAL 0.7500 · acierto 1.0000 · vigente nan · nose 0.0000 (rel 0.00/aus nan) · invento 1.0000 · 0.2 s/paso
  paso 6800 · perdida  0.9464 · GLOBAL 0.5000 · acierto 0.0000 · vigente nan · nose 0.6667 (rel 1.00/aus 0.50) · invento 0.3333 · 0.2 s/paso
  paso 6825 · perdida  0.7619 · GLOBAL 0.5000 · acierto 0.3333 · vigente 0.0000 · nose 1.0000 (rel nan/aus 1.00) · invento 0.0000 · 0.1 s/paso
  paso 6850 · perdida  1.3064 · GLOBAL 0.2500 · acierto 0.0000 · vigente 0.0000 · nose 1.0000 (rel 1.00/aus nan) · invento 0.0000 · 0.1 s/paso
  paso 6875 · perdida  1.9075 · GLOBAL 0.0000 · acierto 0.0000 · vigente 0.0000 · nose nan (rel nan/aus nan) · invento 0.0000 · 0.1 s/paso
  paso 6900 · perdida  0.8443 · GLOBAL 0.7500 · acierto 1.0000 · vigente 1.0000 · nose 0.0000 (rel 0.00/aus nan) · invento 1.0000 · 0.1 s/paso
  paso 6925 · perdida  1.8712 · GLOBAL 0.2500 · acierto 0.2500 · vigente 0.3333 · nose nan (rel nan/aus nan) · invento 0.0000 · 0.1 s/paso
  paso 6950 · perdida  2.4762 · GLOBAL 0.2500 · acierto 0.0000 · vigente 0.0000 · nose 0.5000 (rel 0.00/aus 1.00) · invento 0.5000 · 0.1 s/paso
  paso 6975 · perdida  1.4644 · GLOBAL 0.0000 · acierto 0.0000 · vigente 0.0000 · nose 0.0000 (rel 0.00/aus nan) · invento 1.0000 · 0.1 s/paso
  paso 7000 · perdida  0.7703 · GLOBAL 0.7500 · acierto 0.5000 · vigente 0.5000 · nose 1.0000 (rel 1.00/aus 1.00) · invento 0.0000 · 0.1 s/paso
  paso 7025 · perdida  0.9526 · GLOBAL 0.5000 · acierto 0.3333 · vigente 1.0000 · nose 1.0000 (rel 1.00/aus nan) · invento 0.0000 · 0.1 s/paso
  paso 7050 · perdida  1.1439 · GLOBAL 0.2500 · acierto 0.2500 · vigente 0.5000 · nose nan (rel nan/aus nan) · invento 0.0000 · 0.1 s/paso
  paso 7075 · perdida  0.8725 · GLOBAL 0.2500 · acierto 0.3333 · vigente 0.0000 · nose 0.0000 (rel nan/aus 0.00) · invento 1.0000 · 0.1 s/paso
  paso 7100 · perdida  2.0703 · GLOBAL 0.2500 · acierto 0.3333 · vigente nan · nose 0.0000 (rel nan/aus 0.00) · invento 1.0000 · 0.1 s/paso
  paso 7125 · perdida  1.3473 · GLOBAL 0.2500 · acierto 0.3333 · vigente nan · nose 0.0000 (rel nan/aus 0.00) · invento 1.0000 · 0.1 s/paso
  paso 7150 · perdida  1.6308 · GLOBAL 0.2500 · acierto 0.0000 · vigente 0.0000 · nose 0.5000 (rel 1.00/aus 0.00) · invento 0.5000 · 0.1 s/paso
  paso 7175 · perdida  1.7382 · GLOBAL 0.0000 · acierto 0.0000 · vigente 0.0000 · nose 0.0000 (rel nan/aus 0.00) · invento 1.0000 · 0.1 s/paso
  paso 7200 · perdida  1.1065 · GLOBAL 0.5000 · acierto 0.0000 · vigente 0.0000 · nose 0.6667 (rel 1.00/aus 0.50) · invento 0.3333 · 0.1 s/paso
  paso 7225 · perdida  1.4825 · GLOBAL 0.2500 · acierto 0.2500 · vigente 0.0000 · nose nan (rel nan/aus nan) · invento 0.0000 · 0.1 s/paso
  paso 7250 · perdida  2.7232 · GLOBAL 0.2500 · acierto 0.2500 · vigente 0.0000 · nose nan (rel nan/aus nan) · invento 0.0000 · 0.1 s/paso
  paso 7275 · perdida  1.0898 · GLOBAL 0.7500 · acierto 1.0000 · vigente nan · nose 0.6667 (rel 1.00/aus 0.50) · invento 0.3333 · 0.1 s/paso
  paso 7300 · perdida  1.0210 · GLOBAL 0.5000 · acierto 0.0000 · vigente 0.0000 · nose 1.0000 (rel 1.00/aus nan) · invento 0.0000 · 0.1 s/paso
  paso 7325 · perdida  0.9517 · GLOBAL 0.7500 · acierto 0.7500 · vigente 0.5000 · nose nan (rel nan/aus nan) · invento 0.0000 · 0.1 s/paso
  paso 7350 · perdida  2.0306 · GLOBAL 0.2500 · acierto 0.3333 · vigente 0.0000 · nose 0.0000 (rel nan/aus 0.00) · invento 1.0000 · 0.1 s/paso
  paso 7375 · perdida  1.4182 · GLOBAL 0.2500 · acierto 0.5000 · vigente 0.0000 · nose 0.0000 (rel 0.00/aus nan) · invento 1.0000 · 0.1 s/paso
  paso 7400 · perdida  0.5382 · GLOBAL 0.7500 · acierto 0.6667 · vigente 0.0000 · nose 1.0000 (rel 1.00/aus nan) · invento 0.0000 · 0.1 s/paso
  paso 7425 · perdida  1.2128 · GLOBAL 0.5000 · acierto 0.3333 · vigente 0.0000 · nose 1.0000 (rel 1.00/aus nan) · invento 0.0000 · 0.1 s/paso
  paso 7450 · perdida  1.9173 · GLOBAL 0.2500 · acierto 0.0000 · vigente 0.0000 · nose 0.3333 (rel 0.50/aus 0.00) · invento 0.6667 · 0.1 s/paso
  paso 7475 · perdida  1.8167 · GLOBAL 0.2500 · acierto 0.0000 · vigente 0.0000 · nose 1.0000 (rel nan/aus 1.00) · invento 0.0000 · 0.1 s/paso
  paso 7500 · perdida  0.2601 · GLOBAL 1.0000 · acierto 1.0000 · vigente nan · nose 1.0000 (rel 1.00/aus 1.00) · invento 0.0000 · 0.1 s/paso
  paso 7525 · perdida  0.4417 · GLOBAL 1.0000 · acierto 1.0000 · vigente 1.0000 · nose 1.0000 (rel nan/aus 1.00) · invento 0.0000 · 0.1 s/paso
  paso 7550 · perdida  0.2144 · GLOBAL 1.0000 · acierto 1.0000 · vigente nan · nose 1.0000 (rel 1.00/aus nan) · invento 0.0000 · 0.1 s/paso
  paso 7575 · perdida  0.2049 · GLOBAL 1.0000 · acierto 1.0000 · vigente 1.0000 · nose nan (rel nan/aus nan) · invento 0.0000 · 0.1 s/paso
  paso 7600 · perdida  0.9290 · GLOBAL 0.5000 · acierto 0.5000 · vigente 0.0000 · nose 0.5000 (rel 0.00/aus 1.00) · invento 0.5000 · 0.1 s/paso
  paso 7625 · perdida  0.7024 · GLOBAL 0.7500 · acierto 1.0000 · vigente 1.0000 · nose 0.6667 (rel 0.00/aus 1.00) · invento 0.3333 · 0.1 s/paso
  paso 7650 · perdida  1.1210 · GLOBAL 0.5000 · acierto 0.5000 · vigente nan · nose nan (rel nan/aus nan) · invento 0.0000 · 0.1 s/paso
  paso 7675 · perdida  0.7964 · GLOBAL 0.7500 · acierto 0.0000 · vigente 0.0000 · nose 1.0000 (rel 1.00/aus 1.00) · invento 0.0000 · 0.1 s/paso
  paso 7700 · perdida  0.3840 · GLOBAL 1.0000 · acierto 1.0000 · vigente nan · nose 1.0000 (rel nan/aus 1.00) · invento 0.0000 · 0.1 s/paso
  paso 7725 · perdida  1.0590 · GLOBAL 0.5000 · acierto 1.0000 · vigente nan · nose 0.3333 (rel 0.50/aus 0.00) · invento 0.6667 · 0.1 s/paso
  paso 7750 · perdida  0.8538 · GLOBAL 0.5000 · acierto 1.0000 · vigente nan · nose 0.3333 (rel 1.00/aus 0.00) · invento 0.6667 · 0.1 s/paso
  paso 7775 · perdida  0.9301 · GLOBAL 0.5000 · acierto 1.0000 · vigente nan · nose 0.3333 (rel 0.50/aus 0.00) · invento 0.6667 · 0.1 s/paso
  paso 7800 · perdida  1.2005 · GLOBAL 0.7500 · acierto 0.6667 · vigente 1.0000 · nose 1.0000 (rel nan/aus 1.00) · invento 0.0000 · 0.1 s/paso
  paso 7825 · perdida  0.9881 · GLOBAL 0.5000 · acierto 1.0000 · vigente nan · nose 0.0000 (rel 0.00/aus 0.00) · invento 1.0000 · 0.1 s/paso
  paso 7850 · perdida  2.4097 · GLOBAL 0.5000 · acierto 0.5000 · vigente 0.0000 · nose 0.5000 (rel nan/aus 0.50) · invento 0.5000 · 0.1 s/paso
  paso 7875 · perdida  0.6915 · GLOBAL 0.7500 · acierto 1.0000 · vigente nan · nose 0.0000 (rel nan/aus 0.00) · invento 1.0000 · 0.1 s/paso
  paso 7900 · perdida  0.5536 · GLOBAL 0.7500 · acierto 0.6667 · vigente 1.0000 · nose 1.0000 (rel nan/aus 1.00) · invento 0.0000 · 0.1 s/paso
  paso 7925 · perdida  1.2902 · GLOBAL 0.2500 · acierto 0.0000 · vigente 0.0000 · nose 0.3333 (rel 0.00/aus 1.00) · invento 0.6667 · 0.1 s/paso
  paso 7950 · perdida  1.2243 · GLOBAL 0.5000 · acierto 0.3333 · vigente 0.5000 · nose 1.0000 (rel nan/aus 1.00) · invento 0.0000 · 0.1 s/paso
  paso 7975 · perdida  1.1685 · GLOBAL 0.5000 · acierto 0.3333 · vigente 0.0000 · nose 1.0000 (rel 1.00/aus nan) · invento 0.0000 · 0.1 s/paso
  paso 8000 · perdida  0.4500 · GLOBAL 0.7500 · acierto 0.5000 · vigente 0.0000 · nose 1.0000 (rel 1.00/aus 1.00) · invento 0.0000 · 0.1 s/paso
  paso 8025 · perdida  0.3816 · GLOBAL 1.0000 · acierto 1.0000 · vigente 1.0000 · nose 1.0000 (rel nan/aus 1.00) · invento 0.0000 · 0.1 s/paso
  paso 8050 · perdida  0.5233 · GLOBAL 0.7500 · acierto 0.5000 · vigente 0.0000 · nose 1.0000 (rel 1.00/aus nan) · invento 0.0000 · 0.1 s/paso
  paso 8075 · perdida  0.0667 · GLOBAL 1.0000 · acierto 1.0000 · vigente nan · nose nan (rel nan/aus nan) · invento 0.0000 · 0.1 s/paso
  paso 8100 · perdida  0.2109 · GLOBAL 1.0000 · acierto 1.0000 · vigente 1.0000 · nose nan (rel nan/aus nan) · invento 0.0000 · 0.1 s/paso
  paso 8125 · perdida  1.8273 · GLOBAL 0.5000 · acierto 0.0000 · vigente 0.0000 · nose 1.0000 (rel 1.00/aus 1.00) · invento 0.0000 · 0.1 s/paso
  paso 8150 · perdida  1.0774 · GLOBAL 0.5000 · acierto 0.0000 · vigente 0.0000 · nose 0.6667 (rel 1.00/aus 0.50) · invento 0.3333 · 0.1 s/paso
  paso 8175 · perdida  1.1363 · GLOBAL 0.5000 · acierto 0.3333 · vigente 0.0000 · nose 1.0000 (rel nan/aus 1.00) · invento 0.0000 · 0.1 s/paso
  paso 8200 · perdida  1.1357 · GLOBAL 0.5000 · acierto 1.0000 · vigente nan · nose 0.3333 (rel 0.00/aus 1.00) · invento 0.6667 · 0.1 s/paso
  paso 8225 · perdida  0.4276 · GLOBAL 1.0000 · acierto 1.0000 · vigente 1.0000 · nose 1.0000 (rel nan/aus 1.00) · invento 0.0000 · 0.1 s/paso
  paso 8250 · perdida  0.7971 · GLOBAL 0.5000 · acierto 0.5000 · vigente 0.0000 · nose nan (rel nan/aus nan) · invento 0.0000 · 0.1 s/paso
  paso 8275 · perdida  0.7842 · GLOBAL 0.7500 · acierto 0.6667 · vigente nan · nose 1.0000 (rel nan/aus 1.00) · invento 0.0000 · 0.1 s/paso
  paso 8300 · perdida  2.1099 · GLOBAL 0.2500 · acierto 0.0000 · vigente 0.0000 · nose 0.3333 (rel 0.00/aus 1.00) · invento 0.6667 · 0.1 s/paso
  paso 8325 · perdida  0.8609 · GLOBAL 0.7500 · acierto 0.0000 · vigente 0.0000 · nose 1.0000 (rel 1.00/aus 1.00) · invento 0.0000 · 0.1 s/paso
  paso 8350 · perdida  1.2956 · GLOBAL 0.5000 · acierto 1.0000 · vigente nan · nose 0.3333 (rel 0.00/aus 0.50) · invento 0.6667 · 0.1 s/paso
  paso 8375 · perdida  1.2695 · GLOBAL 0.2500 · acierto 0.2500 · vigente 0.3333 · nose nan (rel nan/aus nan) · invento 0.0000 · 0.1 s/paso
  paso 8400 · perdida  0.3785 · GLOBAL 0.7500 · acierto 1.0000 · vigente nan · nose 0.6667 (rel 1.00/aus 0.50) · invento 0.3333 · 0.1 s/paso
  paso 8425 · perdida  1.5746 · GLOBAL 0.0000 · acierto 0.0000 · vigente 0.0000 · nose 0.0000 (rel 0.00/aus 0.00) · invento 1.0000 · 0.1 s/paso
  paso 8450 · perdida  0.0738 · GLOBAL 1.0000 · acierto 1.0000 · vigente nan · nose 1.0000 (rel 1.00/aus 1.00) · invento 0.0000 · 0.1 s/paso
  paso 8475 · perdida  1.4583 · GLOBAL 0.5000 · acierto 0.6667 · vigente 0.0000 · nose 0.0000 (rel nan/aus 0.00) · invento 1.0000 · 0.1 s/paso
  paso 8500 · perdida  2.7453 · GLOBAL 0.2500 · acierto 0.0000 · vigente 0.0000 · nose 1.0000 (rel nan/aus 1.00) · invento 0.0000 · 0.1 s/paso
  paso 8525 · perdida  0.8759 · GLOBAL 0.5000 · acierto 0.5000 · vigente 0.5000 · nose nan (rel nan/aus nan) · invento 0.0000 · 0.1 s/paso
  paso 8550 · perdida  0.7339 · GLOBAL 0.5000 · acierto 0.5000 · vigente nan · nose 0.5000 (rel 0.00/aus 1.00) · invento 0.5000 · 0.1 s/paso
  paso 8575 · perdida  1.5810 · GLOBAL 0.5000 · acierto 1.0000 · vigente 1.0000 · nose 0.3333 (rel 0.00/aus 1.00) · invento 0.6667 · 0.1 s/paso
  paso 8600 · perdida  0.6260 · GLOBAL 1.0000 · acierto 1.0000 · vigente 1.0000 · nose nan (rel nan/aus nan) · invento 0.0000 · 0.1 s/paso
  paso 8625 · perdida  1.3693 · GLOBAL 0.5000 · acierto 1.0000 · vigente nan · nose 0.0000 (rel 0.00/aus nan) · invento 1.0000 · 0.1 s/paso
  paso 8650 · perdida  0.2406 · GLOBAL 1.0000 · acierto 1.0000 · vigente nan · nose 1.0000 (rel 1.00/aus 1.00) · invento 0.0000 · 0.1 s/paso
  paso 8675 · perdida  0.2811 · GLOBAL 0.7500 · acierto 1.0000 · vigente nan · nose 0.5000 (rel nan/aus 0.50) · invento 0.5000 · 0.1 s/paso
  paso 8700 · perdida  2.8814 · GLOBAL 0.0000 · acierto 0.0000 · vigente 0.0000 · nose 0.0000 (rel 0.00/aus nan) · invento 1.0000 · 0.1 s/paso
  paso 8725 · perdida  1.6507 · GLOBAL 0.2500 · acierto 0.0000 · vigente 0.0000 · nose 1.0000 (rel 1.00/aus nan) · invento 0.0000 · 0.1 s/paso
  paso 8750 · perdida  0.6569 · GLOBAL 0.7500 · acierto 1.0000 · vigente nan · nose 0.6667 (rel 1.00/aus 0.00) · invento 0.3333 · 0.1 s/paso
  paso 8775 · perdida  1.2442 · GLOBAL 0.5000 · acierto 0.6667 · vigente 0.0000 · nose 0.0000 (rel 0.00/aus nan) · invento 1.0000 · 0.1 s/paso
  paso 8800 · perdida  1.0302 · GLOBAL 0.7500 · acierto 0.5000 · vigente nan · nose 1.0000 (rel nan/aus 1.00) · invento 0.0000 · 0.1 s/paso
  paso 8825 · perdida  0.8711 · GLOBAL 0.5000 · acierto 1.0000 · vigente nan · nose 0.3333 (rel 0.00/aus 1.00) · invento 0.6667 · 0.1 s/paso
  paso 8850 · perdida  0.5017 · GLOBAL 1.0000 · acierto 1.0000 · vigente 1.0000 · nose 1.0000 (rel 1.00/aus 1.00) · invento 0.0000 · 0.1 s/paso
  paso 8875 · perdida  1.0742 · GLOBAL 0.7500 · acierto 1.0000 · vigente 1.0000 · nose 0.0000 (rel nan/aus 0.00) · invento 1.0000 · 0.1 s/paso
  paso 8900 · perdida  0.7581 · GLOBAL 0.7500 · acierto 1.0000 · vigente 1.0000 · nose 0.0000 (rel 0.00/aus nan) · invento 1.0000 · 0.1 s/paso
  paso 8925 · perdida  0.5965 · GLOBAL 0.7500 · acierto 1.0000 · vigente nan · nose 0.5000 (rel 0.50/aus nan) · invento 0.5000 · 0.1 s/paso
  paso 8950 · perdida  0.7301 · GLOBAL 0.7500 · acierto 0.5000 · vigente 0.5000 · nose 1.0000 (rel 1.00/aus 1.00) · invento 0.0000 · 0.1 s/paso
  paso 8975 · perdida  1.3482 · GLOBAL 0.2500 · acierto 0.0000 · vigente 0.0000 · nose 1.0000 (rel nan/aus 1.00) · invento 0.0000 · 0.1 s/paso
  paso 9000 · perdida  0.6769 · GLOBAL 0.7500 · acierto 0.6667 · vigente 0.0000 · nose 1.0000 (rel 1.00/aus nan) · invento 0.0000 · 0.1 s/paso
  paso 9025 · perdida  1.1969 · GLOBAL 0.5000 · acierto 0.5000 · vigente 0.0000 · nose nan (rel nan/aus nan) · invento 0.0000 · 0.1 s/paso
  paso 9050 · perdida  0.5795 · GLOBAL 0.5000 · acierto 1.0000 · vigente nan · nose 0.0000 (rel 0.00/aus 0.00) · invento 1.0000 · 0.1 s/paso
  paso 9075 · perdida  0.5063 · GLOBAL 0.7500 · acierto 0.7500 · vigente 1.0000 · nose nan (rel nan/aus nan) · invento 0.0000 · 0.1 s/paso
  paso 9100 · perdida  0.4358 · GLOBAL 0.7500 · acierto 1.0000 · vigente nan · nose 0.5000 (rel 0.00/aus 1.00) · invento 0.5000 · 0.1 s/paso
  paso 9125 · perdida  1.3824 · GLOBAL 0.2500 · acierto 0.3333 · vigente 0.5000 · nose 0.0000 (rel 0.00/aus nan) · invento 1.0000 · 0.1 s/paso
  paso 9150 · perdida  2.1894 · GLOBAL 0.5000 · acierto 0.5000 · vigente 0.0000 · nose 0.5000 (rel nan/aus 0.50) · invento 0.5000 · 0.1 s/paso
  paso 9175 · perdida  1.0368 · GLOBAL 0.5000 · acierto 0.5000 · vigente 0.0000 · nose nan (rel nan/aus nan) · invento 0.0000 · 0.1 s/paso
  paso 9200 · perdida  1.0628 · GLOBAL 0.7500 · acierto 0.5000 · vigente 0.0000 · nose 1.0000 (rel 1.00/aus 1.00) · invento 0.0000 · 0.1 s/paso
  paso 9225 · perdida  0.5962 · GLOBAL 0.5000 · acierto 0.5000 · vigente nan · nose 0.5000 (rel nan/aus 0.50) · invento 0.5000 · 0.1 s/paso
  paso 9250 · perdida  0.6153 · GLOBAL 1.0000 · acierto 1.0000 · vigente 1.0000 · nose 1.0000 (rel 1.00/aus 1.00) · invento 0.0000 · 0.1 s/paso
  paso 9275 · perdida  0.5635 · GLOBAL 0.7500 · acierto nan · vigente nan · nose 0.7500 (rel 1.00/aus 0.50) · invento 0.2500 · 0.1 s/paso
  paso 9300 · perdida  0.7649 · GLOBAL 0.5000 · acierto 0.5000 · vigente nan · nose 0.5000 (rel 0.00/aus 1.00) · invento 0.5000 · 0.1 s/paso
  paso 9325 · perdida  1.0431 · GLOBAL 0.5000 · acierto 1.0000 · vigente 1.0000 · nose 0.0000 (rel 0.00/aus nan) · invento 1.0000 · 0.1 s/paso
  paso 9350 · perdida  1.5011 · GLOBAL 0.2500 · acierto 0.0000 · vigente 0.0000 · nose 0.5000 (rel nan/aus 0.50) · invento 0.5000 · 0.1 s/paso
  paso 9375 · perdida  1.2757 · GLOBAL 0.2500 · acierto 0.3333 · vigente 0.0000 · nose 0.0000 (rel 0.00/aus nan) · invento 1.0000 · 0.1 s/paso
  paso 9400 · perdida  0.7955 · GLOBAL 0.7500 · acierto 0.5000 · vigente 0.0000 · nose 1.0000 (rel nan/aus 1.00) · invento 0.0000 · 0.1 s/paso
  paso 9425 · perdida  0.8821 · GLOBAL 0.5000 · acierto 0.5000 · vigente 1.0000 · nose 0.5000 (rel 0.50/aus nan) · invento 0.5000 · 0.1 s/paso
  paso 9450 · perdida  0.2568 · GLOBAL 1.0000 · acierto 1.0000 · vigente nan · nose 1.0000 (rel 1.00/aus 1.00) · invento 0.0000 · 0.1 s/paso
  paso 9475 · perdida  1.2446 · GLOBAL 0.5000 · acierto 0.3333 · vigente 0.5000 · nose 1.0000 (rel 1.00/aus nan) · invento 0.0000 · 0.1 s/paso
  paso 9500 · perdida  0.7738 · GLOBAL 0.5000 · acierto 1.0000 · vigente nan · nose 0.3333 (rel 0.33/aus nan) · invento 0.6667 · 0.1 s/paso
  paso 9525 · perdida  0.3390 · GLOBAL 1.0000 · acierto 1.0000 · vigente 1.0000 · nose 1.0000 (rel 1.00/aus nan) · invento 0.0000 · 0.1 s/paso
  paso 9550 · perdida  0.4806 · GLOBAL 1.0000 · acierto 1.0000 · vigente nan · nose 1.0000 (rel 1.00/aus 1.00) · invento 0.0000 · 0.1 s/paso
  paso 9575 · perdida  0.7072 · GLOBAL 0.7500 · acierto 1.0000 · vigente nan · nose 0.6667 (rel 0.50/aus 1.00) · invento 0.3333 · 0.1 s/paso
  paso 9600 · perdida  0.9972 · GLOBAL 0.2500 · acierto 0.5000 · vigente 0.0000 · nose 0.0000 (rel 0.00/aus nan) · invento 1.0000 · 0.1 s/paso
  paso 9625 · perdida  1.2408 · GLOBAL 0.5000 · acierto 0.3333 · vigente 0.0000 · nose 1.0000 (rel nan/aus 1.00) · invento 0.0000 · 0.1 s/paso
  paso 9650 · perdida  1.2223 · GLOBAL 0.5000 · acierto 0.3333 · vigente nan · nose 1.0000 (rel nan/aus 1.00) · invento 0.0000 · 0.1 s/paso
  paso 9675 · perdida  1.1409 · GLOBAL 0.5000 · acierto 0.6667 · vigente 0.5000 · nose 0.0000 (rel 0.00/aus nan) · invento 1.0000 · 0.1 s/paso
  paso 9700 · perdida  0.2729 · GLOBAL 1.0000 · acierto 1.0000 · vigente nan · nose 1.0000 (rel 1.00/aus 1.00) · invento 0.0000 · 0.1 s/paso
  paso 9725 · perdida  0.6197 · GLOBAL 0.7500 · acierto 1.0000 · vigente 1.0000 · nose 0.5000 (rel 0.50/aus nan) · invento 0.5000 · 0.1 s/paso
  paso 9750 · perdida  0.7501 · GLOBAL 0.7500 · acierto 0.6667 · vigente 0.6667 · nose 1.0000 (rel 1.00/aus nan) · invento 0.0000 · 0.1 s/paso
  paso 9775 · perdida  1.3421 · GLOBAL 0.2500 · acierto 0.0000 · vigente 0.0000 · nose 1.0000 (rel nan/aus 1.00) · invento 0.0000 · 0.1 s/paso
  paso 9800 · perdida  0.3265 · GLOBAL 0.7500 · acierto 1.0000 · vigente nan · nose 0.0000 (rel nan/aus 0.00) · invento 1.0000 · 0.1 s/paso
  paso 9825 · perdida  0.8462 · GLOBAL 0.7500 · acierto 1.0000 · vigente 1.0000 · nose 0.5000 (rel nan/aus 0.50) · invento 0.5000 · 0.1 s/paso
  paso 9850 · perdida  1.3267 · GLOBAL 0.2500 · acierto 0.0000 · vigente 0.0000 · nose 0.5000 (rel 1.00/aus 0.00) · invento 0.5000 · 0.1 s/paso
  paso 9875 · perdida  0.3041 · GLOBAL 0.7500 · acierto 1.0000 · vigente 1.0000 · nose 0.0000 (rel 0.00/aus nan) · invento 1.0000 · 0.1 s/paso
  paso 9900 · perdida  1.0424 · GLOBAL 0.2500 · acierto 0.3333 · vigente 0.5000 · nose 0.0000 (rel 0.00/aus nan) · invento 1.0000 · 0.1 s/paso
  paso 9925 · perdida  1.0581 · GLOBAL 0.5000 · acierto 0.3333 · vigente 0.0000 · nose 1.0000 (rel 1.00/aus nan) · invento 0.0000 · 0.1 s/paso
  paso 9950 · perdida  1.0947 · GLOBAL 0.5000 · acierto 0.0000 · vigente 0.0000 · nose 1.0000 (rel nan/aus 1.00) · invento 0.0000 · 0.1 s/paso
  paso 9975 · perdida  0.4824 · GLOBAL 0.7500 · acierto 0.5000 · vigente 0.0000 · nose 1.0000 (rel 1.00/aus 1.00) · invento 0.0000 · 0.1 s/paso
  paso 10000 · perdida  0.4464 · GLOBAL 0.7500 · acierto 0.6667 · vigente 0.0000 · nose 1.0000 (rel nan/aus 1.00) · invento 0.0000 · 0.1 s/paso
  paso 10025 · perdida  0.3144 · GLOBAL 1.0000 · acierto 1.0000 · vigente nan · nose 1.0000 (rel 1.00/aus 1.00) · invento 0.0000 · 0.1 s/paso
  paso 10050 · perdida  1.1014 · GLOBAL 0.5000 · acierto 0.3333 · vigente 0.0000 · nose 1.0000 (rel nan/aus 1.00) · invento 0.0000 · 0.1 s/paso
  paso 10075 · perdida  0.7584 · GLOBAL 0.7500 · acierto 0.5000 · vigente nan · nose 1.0000 (rel 1.00/aus 1.00) · invento 0.0000 · 0.1 s/paso
  paso 10100 · perdida  0.8896 · GLOBAL 0.7500 · acierto 0.5000 · vigente 0.5000 · nose 1.0000 (rel nan/aus 1.00) · invento 0.0000 · 0.1 s/paso
  paso 10125 · perdida  0.8880 · GLOBAL 0.5000 · acierto 1.0000 · vigente 1.0000 · nose 0.3333 (rel 0.50/aus 0.00) · invento 0.6667 · 0.1 s/paso
  paso 10150 · perdida  1.1935 · GLOBAL 0.5000 · acierto 0.3333 · vigente 0.0000 · nose 1.0000 (rel 1.00/aus nan) · invento 0.0000 · 0.1 s/paso
  paso 10175 · perdida  0.2695 · GLOBAL 1.0000 · acierto 1.0000 · vigente nan · nose 1.0000 (rel 1.00/aus nan) · invento 0.0000 · 0.1 s/paso
  paso 10200 · perdida  0.7496 · GLOBAL 0.5000 · acierto 1.0000 · vigente nan · nose 0.0000 (rel 0.00/aus nan) · invento 1.0000 · 0.1 s/paso
  paso 10225 · perdida  0.5424 · GLOBAL 0.7500 · acierto 0.6667 · vigente nan · nose 1.0000 (rel 1.00/aus nan) · invento 0.0000 · 0.1 s/paso
  paso 10250 · perdida  1.0187 · GLOBAL 0.7500 · acierto 0.5000 · vigente nan · nose 1.0000 (rel 1.00/aus 1.00) · invento 0.0000 · 0.1 s/paso
  paso 10275 · perdida  1.1464 · GLOBAL 0.5000 · acierto 0.0000 · vigente 0.0000 · nose 0.6667 (rel 0.67/aus nan) · invento 0.3333 · 0.1 s/paso
  paso 10300 · perdida  0.6984 · GLOBAL 0.5000 · acierto 0.5000 · vigente 0.0000 · nose 0.5000 (rel nan/aus 0.50) · invento 0.5000 · 0.1 s/paso
  paso 10325 · perdida  0.2161 · GLOBAL 1.0000 · acierto 1.0000 · vigente nan · nose 1.0000 (rel 1.00/aus nan) · invento 0.0000 · 0.1 s/paso
  paso 10350 · perdida  1.0607 · GLOBAL 0.5000 · acierto 0.6667 · vigente 0.0000 · nose 0.0000 (rel nan/aus 0.00) · invento 1.0000 · 0.1 s/paso
  paso 10375 · perdida  1.8044 · GLOBAL 0.5000 · acierto 0.5000 · vigente 0.5000 · nose 0.5000 (rel 1.00/aus 0.00) · invento 0.5000 · 0.1 s/paso
  paso 10400 · perdida  1.1676 · GLOBAL 0.2500 · acierto 0.2500 · vigente 0.0000 · nose nan (rel nan/aus nan) · invento 0.0000 · 0.1 s/paso
  paso 10425 · perdida  0.5861 · GLOBAL 0.7500 · acierto 0.5000 · vigente 0.0000 · nose 1.0000 (rel nan/aus 1.00) · invento 0.0000 · 0.1 s/paso
  paso 10450 · perdida  0.5165 · GLOBAL 1.0000 · acierto 1.0000 · vigente 1.0000 · nose nan (rel nan/aus nan) · invento 0.0000 · 0.1 s/paso
  paso 10475 · perdida  0.4808 · GLOBAL 0.7500 · acierto 1.0000 · vigente nan · nose 0.5000 (rel 1.00/aus 0.00) · invento 0.5000 · 0.1 s/paso
  paso 10500 · perdida  0.7947 · GLOBAL 0.7500 · acierto 1.0000 · vigente nan · nose 0.6667 (rel 1.00/aus 0.50) · invento 0.3333 · 0.1 s/paso
  paso 10525 · perdida  1.1017 · GLOBAL 0.2500 · acierto 0.3333 · vigente 0.0000 · nose 0.0000 (rel nan/aus 0.00) · invento 1.0000 · 0.1 s/paso
  paso 10550 · perdida  0.3759 · GLOBAL 1.0000 · acierto 1.0000 · vigente 1.0000 · nose 1.0000 (rel 1.00/aus nan) · invento 0.0000 · 0.1 s/paso
  paso 10575 · perdida  1.6660 · GLOBAL 0.5000 · acierto 0.3333 · vigente 0.5000 · nose 1.0000 (rel nan/aus 1.00) · invento 0.0000 · 0.1 s/paso
  paso 10600 · perdida  0.2868 · GLOBAL 1.0000 · acierto 1.0000 · vigente 1.0000 · nose nan (rel nan/aus nan) · invento 0.0000 · 0.1 s/paso
  paso 10625 · perdida  0.5624 · GLOBAL 0.7500 · acierto 0.6667 · vigente 0.5000 · nose 1.0000 (rel 1.00/aus nan) · invento 0.0000 · 0.1 s/paso
  paso 10650 · perdida  0.8523 · GLOBAL 0.7500 · acierto 1.0000 · vigente nan · nose 0.5000 (rel 0.00/aus 1.00) · invento 0.5000 · 0.1 s/paso
  paso 10675 · perdida  1.2151 · GLOBAL 0.5000 · acierto 0.6667 · vigente 0.5000 · nose 0.0000 (rel 0.00/aus nan) · invento 1.0000 · 0.1 s/paso
  paso 10700 · perdida  0.8597 · GLOBAL 0.5000 · acierto 0.5000 · vigente 0.0000 · nose 0.5000 (rel 1.00/aus 0.00) · invento 0.5000 · 0.1 s/paso
  paso 10725 · perdida  0.4531 · GLOBAL 0.7500 · acierto 0.6667 · vigente nan · nose 1.0000 (rel 1.00/aus nan) · invento 0.0000 · 0.1 s/paso
  paso 10750 · perdida  0.2656 · GLOBAL 1.0000 · acierto 1.0000 · vigente 1.0000 · nose nan (rel nan/aus nan) · invento 0.0000 · 0.1 s/paso
  paso 10775 · perdida  0.7258 · GLOBAL 0.5000 · acierto 1.0000 · vigente nan · nose 0.3333 (rel 1.00/aus 0.00) · invento 0.6667 · 0.1 s/paso
  paso 10800 · perdida  0.6519 · GLOBAL 0.7500 · acierto 0.6667 · vigente 0.0000 · nose 1.0000 (rel 1.00/aus nan) · invento 0.0000 · 0.1 s/paso
  paso 10825 · perdida  1.3555 · GLOBAL 0.5000 · acierto 0.5000 · vigente 0.5000 · nose 0.5000 (rel nan/aus 0.50) · invento 0.5000 · 0.1 s/paso
  paso 10850 · perdida  0.7035 · GLOBAL 0.7500 · acierto 0.7500 · vigente 1.0000 · nose nan (rel nan/aus nan) · invento 0.0000 · 0.1 s/paso
  paso 10875 · perdida  0.6557 · GLOBAL 0.7500 · acierto 0.6667 · vigente 0.0000 · nose 1.0000 (rel 1.00/aus nan) · invento 0.0000 · 0.1 s/paso
  paso 10900 · perdida  0.9141 · GLOBAL 0.7500 · acierto 1.0000 · vigente nan · nose 0.6667 (rel 0.50/aus 1.00) · invento 0.3333 · 0.1 s/paso
  paso 10925 · perdida  0.5038 · GLOBAL 0.7500 · acierto 0.7500 · vigente 0.0000 · nose nan (rel nan/aus nan) · invento 0.0000 · 0.1 s/paso
  paso 10950 · perdida  0.2955 · GLOBAL 1.0000 · acierto 1.0000 · vigente nan · nose 1.0000 (rel nan/aus 1.00) · invento 0.0000 · 0.1 s/paso
  paso 10975 · perdida  0.9201 · GLOBAL 0.5000 · acierto 1.0000 · vigente nan · nose 0.0000 (rel 0.00/aus 0.00) · invento 1.0000 · 0.1 s/paso
  paso 11000 · perdida  1.1264 · GLOBAL 0.7500 · acierto 1.0000 · vigente nan · nose 0.0000 (rel nan/aus 0.00) · invento 1.0000 · 0.1 s/paso
  paso 11025 · perdida  1.6599 · GLOBAL 0.2500 · acierto 0.3333 · vigente 0.3333 · nose 0.0000 (rel 0.00/aus nan) · invento 1.0000 · 0.1 s/paso
  paso 11050 · perdida  0.1471 · GLOBAL 1.0000 · acierto 1.0000 · vigente nan · nose 1.0000 (rel nan/aus 1.00) · invento 0.0000 · 0.1 s/paso
  paso 11075 · perdida  0.8094 · GLOBAL 0.7500 · acierto 0.6667 · vigente 0.6667 · nose 1.0000 (rel 1.00/aus nan) · invento 0.0000 · 0.1 s/paso
  paso 11100 · perdida  1.4666 · GLOBAL 0.0000 · acierto 0.0000 · vigente 0.0000 · nose 0.0000 (rel 0.00/aus nan) · invento 1.0000 · 0.1 s/paso
  paso 11125 · perdida  0.7665 · GLOBAL 0.5000 · acierto 0.0000 · vigente 0.0000 · nose 0.6667 (rel 1.00/aus 0.00) · invento 0.3333 · 0.1 s/paso
  paso 11150 · perdida  0.9123 · GLOBAL 0.5000 · acierto 0.5000 · vigente 0.0000 · nose nan (rel nan/aus nan) · invento 0.0000 · 0.1 s/paso
  paso 11175 · perdida  0.9680 · GLOBAL 0.7500 · acierto 0.5000 · vigente nan · nose 1.0000 (rel 1.00/aus 1.00) · invento 0.0000 · 0.1 s/paso
  paso 11200 · perdida  0.3974 · GLOBAL 0.7500 · acierto 0.6667 · vigente 0.0000 · nose 1.0000 (rel 1.00/aus nan) · invento 0.0000 · 0.1 s/paso
  paso 11225 · perdida  1.5961 · GLOBAL 0.7500 · acierto 0.6667 · vigente 0.0000 · nose 1.0000 (rel nan/aus 1.00) · invento 0.0000 · 0.1 s/paso
  paso 11250 · perdida  0.3285 · GLOBAL 1.0000 · acierto 1.0000 · vigente 1.0000 · nose 1.0000 (rel nan/aus 1.00) · invento 0.0000 · 0.1 s/paso
  paso 11275 · perdida  0.3531 · GLOBAL 1.0000 · acierto 1.0000 · vigente nan · nose 1.0000 (rel 1.00/aus 1.00) · invento 0.0000 · 0.1 s/paso
  paso 11300 · perdida  1.0394 · GLOBAL 0.5000 · acierto 0.3333 · vigente 0.3333 · nose 1.0000 (rel 1.00/aus nan) · invento 0.0000 · 0.1 s/paso
  paso 11325 · perdida  1.8389 · GLOBAL 0.7500 · acierto 0.6667 · vigente 0.5000 · nose 1.0000 (rel 1.00/aus nan) · invento 0.0000 · 0.1 s/paso
  paso 11350 · perdida  0.3694 · GLOBAL 1.0000 · acierto 1.0000 · vigente 1.0000 · nose 1.0000 (rel 1.00/aus 1.00) · invento 0.0000 · 0.1 s/paso
  paso 11375 · perdida  0.5185 · GLOBAL 0.7500 · acierto 0.5000 · vigente 0.0000 · nose 1.0000 (rel 1.00/aus 1.00) · invento 0.0000 · 0.1 s/paso
  paso 11400 · perdida  0.7206 · GLOBAL 0.7500 · acierto 0.0000 · vigente nan · nose 1.0000 (rel 1.00/aus nan) · invento 0.0000 · 0.1 s/paso
  paso 11425 · perdida  0.9844 · GLOBAL 0.5000 · acierto 0.3333 · vigente 0.0000 · nose 1.0000 (rel nan/aus 1.00) · invento 0.0000 · 0.1 s/paso
  paso 11450 · perdida  0.6402 · GLOBAL 0.7500 · acierto 0.6667 · vigente 0.0000 · nose 1.0000 (rel nan/aus 1.00) · invento 0.0000 · 0.1 s/paso
  paso 11475 · perdida  0.6711 · GLOBAL 0.7500 · acierto 1.0000 · vigente 1.0000 · nose 0.6667 (rel 0.00/aus 1.00) · invento 0.3333 · 0.1 s/paso
  paso 11500 · perdida  0.4304 · GLOBAL 0.7500 · acierto 1.0000 · vigente 1.0000 · nose 0.5000 (rel 1.00/aus 0.00) · invento 0.5000 · 0.1 s/paso
  paso 11525 · perdida  0.3124 · GLOBAL 1.0000 · acierto 1.0000 · vigente nan · nose 1.0000 (rel nan/aus 1.00) · invento 0.0000 · 0.1 s/paso
  paso 11550 · perdida  0.2089 · GLOBAL 1.0000 · acierto 1.0000 · vigente nan · nose 1.0000 (rel nan/aus 1.00) · invento 0.0000 · 0.1 s/paso
  paso 11575 · perdida  0.0991 · GLOBAL 1.0000 · acierto 1.0000 · vigente 1.0000 · nose nan (rel nan/aus nan) · invento 0.0000 · 0.1 s/paso
  paso 11600 · perdida  1.2544 · GLOBAL 0.2500 · acierto 0.0000 · vigente 0.0000 · nose 0.3333 (rel nan/aus 0.33) · invento 0.6667 · 0.1 s/paso
  paso 11625 · perdida  0.5582 · GLOBAL 0.7500 · acierto 1.0000 · vigente 1.0000 · nose 0.5000 (rel nan/aus 0.50) · invento 0.5000 · 0.1 s/paso
  paso 11650 · perdida  2.1107 · GLOBAL 0.0000 · acierto 0.0000 · vigente 0.0000 · nose 0.0000 (rel 0.00/aus nan) · invento 1.0000 · 0.1 s/paso
  paso 11675 · perdida  1.2605 · GLOBAL 0.5000 · acierto 0.5000 · vigente 0.0000 · nose 0.5000 (rel 0.00/aus 1.00) · invento 0.5000 · 0.1 s/paso
  paso 11700 · perdida  0.5917 · GLOBAL 0.7500 · acierto 0.6667 · vigente 1.0000 · nose 1.0000 (rel nan/aus 1.00) · invento 0.0000 · 0.1 s/paso
  paso 11725 · perdida  0.7640 · GLOBAL 0.5000 · acierto nan · vigente nan · nose 0.5000 (rel 0.00/aus 1.00) · invento 0.5000 · 0.1 s/paso
  paso 11750 · perdida  1.3541 · GLOBAL 0.2500 · acierto 0.5000 · vigente 0.0000 · nose 0.0000 (rel 0.00/aus 0.00) · invento 1.0000 · 0.1 s/paso
  paso 11775 · perdida  0.9428 · GLOBAL 0.5000 · acierto 0.3333 · vigente 0.0000 · nose 1.0000 (rel nan/aus 1.00) · invento 0.0000 · 0.1 s/paso
  paso 11800 · perdida  0.6027 · GLOBAL 0.5000 · acierto 0.0000 · vigente 0.0000 · nose 0.6667 (rel 0.00/aus 1.00) · invento 0.3333 · 0.1 s/paso
  paso 11825 · perdida  0.6996 · GLOBAL 0.7500 · acierto 1.0000 · vigente 1.0000 · nose 0.5000 (rel nan/aus 0.50) · invento 0.5000 · 0.1 s/paso
  paso 11850 · perdida  0.6125 · GLOBAL 0.5000 · acierto 0.3333 · vigente 0.0000 · nose 1.0000 (rel nan/aus 1.00) · invento 0.0000 · 0.1 s/paso
  paso 11875 · perdida  1.4755 · GLOBAL 0.2500 · acierto 0.0000 · vigente 0.0000 · nose 0.3333 (rel 1.00/aus 0.00) · invento 0.6667 · 0.1 s/paso
  paso 11900 · perdida  0.2550 · GLOBAL 1.0000 · acierto 1.0000 · vigente nan · nose 1.0000 (rel 1.00/aus nan) · invento 0.0000 · 0.1 s/paso
  paso 11925 · perdida  0.4301 · GLOBAL 0.7500 · acierto 0.6667 · vigente nan · nose 1.0000 (rel nan/aus 1.00) · invento 0.0000 · 0.1 s/paso
  paso 11950 · perdida  0.8594 · GLOBAL 0.2500 · acierto 0.0000 · vigente 0.0000 · nose 1.0000 (rel nan/aus 1.00) · invento 0.0000 · 0.1 s/paso
  paso 11975 · perdida  0.2196 · GLOBAL 1.0000 · acierto 1.0000 · vigente nan · nose 1.0000 (rel 1.00/aus 1.00) · invento 0.0000 · 0.1 s/paso
  paso 12000 · perdida  1.0602 · GLOBAL 0.2500 · acierto 0.5000 · vigente 0.0000 · nose 0.0000 (rel 0.00/aus 0.00) · invento 1.0000 · 0.1 s/paso
  paso 12025 · perdida  0.5319 · GLOBAL 0.5000 · acierto 0.6667 · vigente 0.5000 · nose 0.0000 (rel nan/aus 0.00) · invento 1.0000 · 0.1 s/paso
  paso 12050 · perdida  0.9677 · GLOBAL 0.7500 · acierto 0.0000 · vigente 0.0000 · nose 1.0000 (rel 1.00/aus 1.00) · invento 0.0000 · 0.1 s/paso
  paso 12075 · perdida  0.4535 · GLOBAL 0.7500 · acierto 1.0000 · vigente 1.0000 · nose 0.5000 (rel 1.00/aus 0.00) · invento 0.5000 · 0.1 s/paso
  paso 12100 · perdida  0.8468 · GLOBAL 0.5000 · acierto 0.5000 · vigente 0.5000 · nose 0.5000 (rel 1.00/aus 0.00) · invento 0.5000 · 0.1 s/paso
  paso 12125 · perdida  1.4741 · GLOBAL 0.7500 · acierto 0.5000 · vigente 0.0000 · nose 1.0000 (rel nan/aus 1.00) · invento 0.0000 · 0.1 s/paso
  paso 12150 · perdida  1.0171 · GLOBAL 0.5000 · acierto 0.5000 · vigente 0.0000 · nose nan (rel nan/aus nan) · invento 0.0000 · 0.1 s/paso
  paso 12175 · perdida  0.2352 · GLOBAL 1.0000 · acierto 1.0000 · vigente nan · nose 1.0000 (rel nan/aus 1.00) · invento 0.0000 · 0.1 s/paso
  paso 12200 · perdida  2.2342 · GLOBAL 0.2500 · acierto 0.0000 · vigente nan · nose 0.3333 (rel 1.00/aus 0.00) · invento 0.6667 · 0.1 s/paso
  paso 12225 · perdida  0.4089 · GLOBAL 1.0000 · acierto nan · vigente nan · nose 1.0000 (rel 1.00/aus 1.00) · invento 0.0000 · 0.1 s/paso
  paso 12250 · perdida  0.7359 · GLOBAL 0.5000 · acierto 0.6667 · vigente nan · nose 0.0000 (rel 0.00/aus nan) · invento 1.0000 · 0.1 s/paso
  paso 12275 · perdida  0.8665 · GLOBAL 0.7500 · acierto 0.7500 · vigente 0.5000 · nose nan (rel nan/aus nan) · invento 0.0000 · 0.1 s/paso
  paso 12300 · perdida  0.5332 · GLOBAL 1.0000 · acierto 1.0000 · vigente nan · nose 1.0000 (rel nan/aus 1.00) · invento 0.0000 · 0.1 s/paso
  paso 12325 · perdida  0.6160 · GLOBAL 0.7500 · acierto 0.6667 · vigente 0.0000 · nose 1.0000 (rel 1.00/aus nan) · invento 0.0000 · 0.1 s/paso
  paso 12350 · perdida  0.2759 · GLOBAL 1.0000 · acierto 1.0000 · vigente nan · nose 1.0000 (rel 1.00/aus 1.00) · invento 0.0000 · 0.1 s/paso
  paso 12375 · perdida  0.2079 · GLOBAL 1.0000 · acierto 1.0000 · vigente 1.0000 · nose nan (rel nan/aus nan) · invento 0.0000 · 0.1 s/paso
  paso 12400 · perdida  0.4023 · GLOBAL 0.7500 · acierto 0.6667 · vigente 0.0000 · nose 1.0000 (rel nan/aus 1.00) · invento 0.0000 · 0.1 s/paso
  paso 12425 · perdida  0.4584 · GLOBAL 0.7500 · acierto 0.0000 · vigente 0.0000 · nose 1.0000 (rel 1.00/aus nan) · invento 0.0000 · 0.1 s/paso
  paso 12450 · perdida  0.4547 · GLOBAL 0.7500 · acierto 1.0000 · vigente nan · nose 0.6667 (rel 1.00/aus 0.00) · invento 0.3333 · 0.1 s/paso
  paso 12475 · perdida  1.1143 · GLOBAL 0.5000 · acierto 0.3333 · vigente 0.0000 · nose 1.0000 (rel nan/aus 1.00) · invento 0.0000 · 0.1 s/paso
  paso 12500 · perdida  0.9988 · GLOBAL 0.7500 · acierto 0.5000 · vigente 0.5000 · nose 1.0000 (rel 1.00/aus nan) · invento 0.0000 · 0.1 s/paso
  paso 12525 · perdida  0.5612 · GLOBAL 0.7500 · acierto 0.7500 · vigente 0.5000 · nose nan (rel nan/aus nan) · invento 0.0000 · 0.1 s/paso
  paso 12550 · perdida  0.4719 · GLOBAL 0.7500 · acierto 0.5000 · vigente 0.0000 · nose 1.0000 (rel 1.00/aus 1.00) · invento 0.0000 · 0.1 s/paso
  paso 12575 · perdida  0.4331 · GLOBAL 0.7500 · acierto 0.0000 · vigente nan · nose 1.0000 (rel 1.00/aus 1.00) · invento 0.0000 · 0.1 s/paso
  paso 12600 · perdida  1.0695 · GLOBAL 0.5000 · acierto 0.6667 · vigente 0.0000 · nose 0.0000 (rel 0.00/aus nan) · invento 1.0000 · 0.1 s/paso
  paso 12625 · perdida  0.3414 · GLOBAL 1.0000 · acierto 1.0000 · vigente 1.0000 · nose 1.0000 (rel 1.00/aus nan) · invento 0.0000 · 0.1 s/paso
  paso 12650 · perdida  1.6381 · GLOBAL 0.2500 · acierto 0.2500 · vigente 0.5000 · nose nan (rel nan/aus nan) · invento 0.0000 · 0.1 s/paso
  paso 12675 · perdida  1.1918 · GLOBAL 0.5000 · acierto 1.0000 · vigente nan · nose 0.3333 (rel 1.00/aus 0.00) · invento 0.6667 · 0.1 s/paso
  paso 12700 · perdida  1.1963 · GLOBAL 0.5000 · acierto 0.3333 · vigente 0.3333 · nose 1.0000 (rel nan/aus 1.00) · invento 0.0000 · 0.1 s/paso
  paso 12725 · perdida  0.4507 · GLOBAL 0.7500 · acierto 0.6667 · vigente 0.6667 · nose 1.0000 (rel nan/aus 1.00) · invento 0.0000 · 0.1 s/paso
  paso 12750 · perdida  0.3420 · GLOBAL 1.0000 · acierto 1.0000 · vigente 1.0000 · nose 1.0000 (rel nan/aus 1.00) · invento 0.0000 · 0.1 s/paso
  paso 12775 · perdida  1.1877 · GLOBAL 0.7500 · acierto 1.0000 · vigente 1.0000 · nose 0.5000 (rel nan/aus 0.50) · invento 0.5000 · 0.1 s/paso
  paso 12800 · perdida  0.8407 · GLOBAL 0.5000 · acierto 0.3333 · vigente 0.3333 · nose 1.0000 (rel nan/aus 1.00) · invento 0.0000 · 0.1 s/paso
  paso 12825 · perdida  0.5400 · GLOBAL 0.7500 · acierto 0.5000 · vigente 0.0000 · nose 1.0000 (rel 1.00/aus 1.00) · invento 0.0000 · 0.1 s/paso
  paso 12850 · perdida  0.9379 · GLOBAL 0.5000 · acierto 1.0000 · vigente 1.0000 · nose 0.3333 (rel 0.50/aus 0.00) · invento 0.6667 · 0.1 s/paso
  paso 12875 · perdida  0.2108 · GLOBAL 1.0000 · acierto 1.0000 · vigente nan · nose 1.0000 (rel 1.00/aus 1.00) · invento 0.0000 · 0.1 s/paso
  paso 12900 · perdida  1.1397 · GLOBAL 0.5000 · acierto 0.3333 · vigente 0.0000 · nose 1.0000 (rel 1.00/aus nan) · invento 0.0000 · 0.1 s/paso
  paso 12925 · perdida  0.4658 · GLOBAL 0.7500 · acierto 1.0000 · vigente 1.0000 · nose 0.5000 (rel 1.00/aus 0.00) · invento 0.5000 · 0.1 s/paso
  paso 12950 · perdida  1.3723 · GLOBAL 0.5000 · acierto 0.5000 · vigente 0.0000 · nose 0.5000 (rel 0.00/aus 1.00) · invento 0.5000 · 0.1 s/paso
  paso 12975 · perdida  1.4559 · GLOBAL 0.5000 · acierto 0.5000 · vigente 0.5000 · nose nan (rel nan/aus nan) · invento 0.0000 · 0.1 s/paso
  paso 13000 · perdida  1.3337 · GLOBAL 0.5000 · acierto 0.3333 · vigente 0.0000 · nose 1.0000 (rel 1.00/aus nan) · invento 0.0000 · 0.1 s/paso
  paso 13025 · perdida  0.3257 · GLOBAL 1.0000 · acierto 1.0000 · vigente 1.0000 · nose 1.0000 (rel nan/aus 1.00) · invento 0.0000 · 0.1 s/paso
  paso 13050 · perdida  0.4007 · GLOBAL 0.7500 · acierto 1.0000 · vigente nan · nose 0.5000 (rel nan/aus 0.50) · invento 0.5000 · 0.1 s/paso
  paso 13075 · perdida  2.3897 · GLOBAL 0.2500 · acierto 0.0000 · vigente 0.0000 · nose 1.0000 (rel nan/aus 1.00) · invento 0.0000 · 0.1 s/paso
  paso 13100 · perdida  0.7570 · GLOBAL 0.7500 · acierto 1.0000 · vigente 1.0000 · nose 0.5000 (rel nan/aus 0.50) · invento 0.5000 · 0.1 s/paso
  paso 13125 · perdida  0.5926 · GLOBAL 0.7500 · acierto 1.0000 · vigente nan · nose 0.0000 (rel nan/aus 0.00) · invento 1.0000 · 0.1 s/paso
  paso 13150 · perdida  0.2758 · GLOBAL 1.0000 · acierto 1.0000 · vigente 1.0000 · nose 1.0000 (rel nan/aus 1.00) · invento 0.0000 · 0.1 s/paso
  paso 13175 · perdida  0.7931 · GLOBAL 0.7500 · acierto 0.5000 · vigente 0.0000 · nose 1.0000 (rel 1.00/aus nan) · invento 0.0000 · 0.1 s/paso
  paso 13200 · perdida  0.7826 · GLOBAL 0.7500 · acierto 0.5000 · vigente 0.5000 · nose 1.0000 (rel 1.00/aus 1.00) · invento 0.0000 · 0.1 s/paso
  paso 13225 · perdida  0.9022 · GLOBAL 0.7500 · acierto 0.0000 · vigente 0.0000 · nose 1.0000 (rel 1.00/aus 1.00) · invento 0.0000 · 0.1 s/paso
  paso 13250 · perdida  1.4042 · GLOBAL 0.5000 · acierto 0.3333 · vigente 0.0000 · nose 1.0000 (rel 1.00/aus nan) · invento 0.0000 · 0.1 s/paso
  paso 13275 · perdida  0.3748 · GLOBAL 0.7500 · acierto 0.5000 · vigente nan · nose 1.0000 (rel 1.00/aus 1.00) · invento 0.0000 · 0.1 s/paso
  paso 13300 · perdida  0.0977 · GLOBAL 1.0000 · acierto 1.0000 · vigente nan · nose 1.0000 (rel 1.00/aus 1.00) · invento 0.0000 · 0.1 s/paso
  paso 13325 · perdida  0.8900 · GLOBAL 0.7500 · acierto 0.5000 · vigente 0.0000 · nose 1.0000 (rel 1.00/aus nan) · invento 0.0000 · 0.1 s/paso
  paso 13350 · perdida  0.5610 · GLOBAL 0.7500 · acierto 1.0000 · vigente nan · nose 0.0000 (rel 0.00/aus nan) · invento 1.0000 · 0.1 s/paso
  paso 13375 · perdida  1.3529 · GLOBAL 0.5000 · acierto 0.6667 · vigente 0.5000 · nose 0.0000 (rel 0.00/aus nan) · invento 1.0000 · 0.1 s/paso
  paso 13400 · perdida  1.1523 · GLOBAL 0.5000 · acierto 0.3333 · vigente nan · nose 1.0000 (rel nan/aus 1.00) · invento 0.0000 · 0.1 s/paso
  paso 13425 · perdida  1.7434 · GLOBAL 0.5000 · acierto 1.0000 · vigente 1.0000 · nose 0.3333 (rel 0.33/aus nan) · invento 0.6667 · 0.1 s/paso
  paso 13450 · perdida  0.7929 · GLOBAL 0.7500 · acierto 1.0000 · vigente nan · nose 0.6667 (rel nan/aus 0.67) · invento 0.3333 · 0.1 s/paso
  paso 13475 · perdida  0.3252 · GLOBAL 0.7500 · acierto 1.0000 · vigente nan · nose 0.0000 (rel 0.00/aus nan) · invento 1.0000 · 0.1 s/paso
  paso 13500 · perdida  0.8202 · GLOBAL 0.5000 · acierto 1.0000 · vigente 1.0000 · nose 0.0000 (rel nan/aus 0.00) · invento 1.0000 · 0.1 s/paso
  paso 13525 · perdida  0.4683 · GLOBAL 0.7500 · acierto 1.0000 · vigente nan · nose 0.5000 (rel 1.00/aus 0.00) · invento 0.5000 · 0.1 s/paso
  paso 13550 · perdida  1.9179 · GLOBAL 0.2500 · acierto 0.5000 · vigente 0.0000 · nose 0.0000 (rel 0.00/aus 0.00) · invento 1.0000 · 0.1 s/paso
  paso 13575 · perdida  0.0536 · GLOBAL 1.0000 · acierto 1.0000 · vigente nan · nose 1.0000 (rel 1.00/aus nan) · invento 0.0000 · 0.1 s/paso
  paso 13600 · perdida  1.1020 · GLOBAL 0.5000 · acierto 0.0000 · vigente 0.0000 · nose 1.0000 (rel 1.00/aus 1.00) · invento 0.0000 · 0.1 s/paso
  paso 13625 · perdida  1.2675 · GLOBAL 0.5000 · acierto 1.0000 · vigente 1.0000 · nose 0.0000 (rel nan/aus 0.00) · invento 1.0000 · 0.1 s/paso
  paso 13650 · perdida  0.4275 · GLOBAL 0.7500 · acierto 1.0000 · vigente nan · nose 0.5000 (rel nan/aus 0.50) · invento 0.5000 · 0.1 s/paso
  paso 13675 · perdida  0.5731 · GLOBAL 0.7500 · acierto 0.5000 · vigente nan · nose 1.0000 (rel 1.00/aus 1.00) · invento 0.0000 · 0.1 s/paso
  paso 13700 · perdida  0.8575 · GLOBAL 0.5000 · acierto 0.5000 · vigente 0.0000 · nose nan (rel nan/aus nan) · invento 0.0000 · 0.1 s/paso
  paso 13725 · perdida  1.7316 · GLOBAL 0.2500 · acierto 0.3333 · vigente 0.3333 · nose 0.0000 (rel nan/aus 0.00) · invento 1.0000 · 0.1 s/paso
  paso 13750 · perdida  0.6576 · GLOBAL 0.7500 · acierto 0.6667 · vigente nan · nose 1.0000 (rel 1.00/aus nan) · invento 0.0000 · 0.1 s/paso
  paso 13775 · perdida  2.3582 · GLOBAL 0.0000 · acierto 0.0000 · vigente nan · nose 0.0000 (rel 0.00/aus 0.00) · invento 1.0000 · 0.1 s/paso
  paso 13800 · perdida  0.8019 · GLOBAL 0.2500 · acierto 0.2500 · vigente 0.0000 · nose nan (rel nan/aus nan) · invento 0.0000 · 0.1 s/paso
  paso 13825 · perdida  0.6426 · GLOBAL 0.7500 · acierto 1.0000 · vigente 1.0000 · nose 0.0000 (rel nan/aus 0.00) · invento 1.0000 · 0.1 s/paso
  paso 13850 · perdida  1.5721 · GLOBAL 0.5000 · acierto 0.3333 · vigente 0.0000 · nose 1.0000 (rel nan/aus 1.00) · invento 0.0000 · 0.1 s/paso
  paso 13875 · perdida  0.8525 · GLOBAL 0.7500 · acierto 0.6667 · vigente 0.5000 · nose 1.0000 (rel nan/aus 1.00) · invento 0.0000 · 0.1 s/paso
  paso 13900 · perdida  0.4523 · GLOBAL 0.7500 · acierto 1.0000 · vigente 1.0000 · nose 0.6667 (rel 0.00/aus 1.00) · invento 0.3333 · 0.1 s/paso
  paso 13925 · perdida  1.9657 · GLOBAL 0.2500 · acierto 0.0000 · vigente 0.0000 · nose 0.5000 (rel 0.50/aus nan) · invento 0.5000 · 0.1 s/paso
  paso 13950 · perdida  0.9685 · GLOBAL 0.5000 · acierto 0.0000 · vigente 0.0000 · nose 0.6667 (rel 1.00/aus 0.50) · invento 0.3333 · 0.1 s/paso
  paso 13975 · perdida  0.2240 · GLOBAL 1.0000 · acierto 1.0000 · vigente 1.0000 · nose nan (rel nan/aus nan) · invento 0.0000 · 0.1 s/paso
  paso 14000 · perdida  0.2610 · GLOBAL 0.7500 · acierto 0.0000 · vigente nan · nose 1.0000 (rel 1.00/aus 1.00) · invento 0.0000 · 0.1 s/paso
  paso 14025 · perdida  0.7831 · GLOBAL 0.7500 · acierto 0.0000 · vigente 0.0000 · nose 1.0000 (rel 1.00/aus 1.00) · invento 0.0000 · 0.1 s/paso
  paso 14050 · perdida  0.4275 · GLOBAL 0.7500 · acierto 0.5000 · vigente 1.0000 · nose 1.0000 (rel nan/aus 1.00) · invento 0.0000 · 0.1 s/paso
  paso 14075 · perdida  0.2688 · GLOBAL 0.7500 · acierto 1.0000 · vigente nan · nose 0.0000 (rel nan/aus 0.00) · invento 1.0000 · 0.1 s/paso
  paso 14100 · perdida  0.8278 · GLOBAL 0.7500 · acierto 0.7500 · vigente 0.5000 · nose nan (rel nan/aus nan) · invento 0.0000 · 0.1 s/paso
  paso 14125 · perdida  0.6972 · GLOBAL 0.7500 · acierto 0.5000 · vigente nan · nose 1.0000 (rel 1.00/aus 1.00) · invento 0.0000 · 0.1 s/paso
  paso 14150 · perdida  1.2252 · GLOBAL 0.0000 · acierto 0.0000 · vigente nan · nose 0.0000 (rel 0.00/aus nan) · invento 1.0000 · 0.1 s/paso
  paso 14175 · perdida  0.3188 · GLOBAL 1.0000 · acierto 1.0000 · vigente 1.0000 · nose 1.0000 (rel nan/aus 1.00) · invento 0.0000 · 0.1 s/paso
  paso 14200 · perdida  0.7931 · GLOBAL 0.5000 · acierto 1.0000 · vigente nan · nose 0.0000 (rel nan/aus 0.00) · invento 1.0000 · 0.1 s/paso
  paso 14225 · perdida  1.4032 · GLOBAL 0.5000 · acierto 1.0000 · vigente nan · nose 0.3333 (rel 0.00/aus 0.50) · invento 0.6667 · 0.1 s/paso
  paso 14250 · perdida  0.5600 · GLOBAL 0.7500 · acierto 1.0000 · vigente nan · nose 0.0000 (rel nan/aus 0.00) · invento 1.0000 · 0.1 s/paso
  paso 14275 · perdida  1.1787 · GLOBAL 0.5000 · acierto 0.5000 · vigente nan · nose 0.5000 (rel 1.00/aus 0.00) · invento 0.5000 · 0.1 s/paso
  paso 14300 · perdida  0.1868 · GLOBAL 1.0000 · acierto 1.0000 · vigente nan · nose 1.0000 (rel 1.00/aus 1.00) · invento 0.0000 · 0.1 s/paso
  paso 14325 · perdida  0.3268 · GLOBAL 1.0000 · acierto 1.0000 · vigente nan · nose 1.0000 (rel 1.00/aus 1.00) · invento 0.0000 · 0.1 s/paso
  paso 14350 · perdida  1.6830 · GLOBAL 0.5000 · acierto 0.0000 · vigente 0.0000 · nose 1.0000 (rel nan/aus 1.00) · invento 0.0000 · 0.1 s/paso
  paso 14375 · perdida  0.9135 · GLOBAL 0.7500 · acierto 0.5000 · vigente 0.0000 · nose 1.0000 (rel 1.00/aus nan) · invento 0.0000 · 0.1 s/paso
  paso 14400 · perdida  0.4990 · GLOBAL 0.7500 · acierto 0.5000 · vigente 0.0000 · nose 1.0000 (rel 1.00/aus nan) · invento 0.0000 · 0.1 s/paso
  paso 14425 · perdida  1.4929 · GLOBAL 0.2500 · acierto 0.0000 · vigente 0.0000 · nose 1.0000 (rel nan/aus 1.00) · invento 0.0000 · 0.1 s/paso
  paso 14450 · perdida  0.2816 · GLOBAL 1.0000 · acierto 1.0000 · vigente 1.0000 · nose 1.0000 (rel nan/aus 1.00) · invento 0.0000 · 0.1 s/paso
  paso 14475 · perdida  0.8940 · GLOBAL 0.5000 · acierto 0.3333 · vigente 0.0000 · nose 1.0000 (rel 1.00/aus nan) · invento 0.0000 · 0.1 s/paso
  paso 14500 · perdida  0.2923 · GLOBAL 1.0000 · acierto 1.0000 · vigente nan · nose 1.0000 (rel 1.00/aus nan) · invento 0.0000 · 0.1 s/paso
  paso 14525 · perdida  0.1524 · GLOBAL 1.0000 · acierto 1.0000 · vigente 1.0000 · nose 1.0000 (rel nan/aus 1.00) · invento 0.0000 · 0.1 s/paso
  paso 14550 · perdida  0.9925 · GLOBAL 0.2500 · acierto 0.0000 · vigente 0.0000 · nose 1.0000 (rel nan/aus 1.00) · invento 0.0000 · 0.1 s/paso
  paso 14575 · perdida  1.0423 · GLOBAL 0.5000 · acierto 0.0000 · vigente 0.0000 · nose 1.0000 (rel 1.00/aus nan) · invento 0.0000 · 0.1 s/paso
  paso 14600 · perdida  0.3503 · GLOBAL 1.0000 · acierto 1.0000 · vigente nan · nose 1.0000 (rel 1.00/aus nan) · invento 0.0000 · 0.1 s/paso
  paso 14625 · perdida  1.3492 · GLOBAL 0.7500 · acierto 1.0000 · vigente 1.0000 · nose 0.0000 (rel nan/aus 0.00) · invento 1.0000 · 0.1 s/paso
  paso 14650 · perdida  0.6006 · GLOBAL 0.5000 · acierto 0.3333 · vigente 0.5000 · nose 1.0000 (rel nan/aus 1.00) · invento 0.0000 · 0.1 s/paso
  paso 14675 · perdida  0.6683 · GLOBAL 0.5000 · acierto 0.5000 · vigente 0.0000 · nose 0.5000 (rel nan/aus 0.50) · invento 0.5000 · 0.1 s/paso
  paso 14700 · perdida  0.6133 · GLOBAL 0.5000 · acierto 0.3333 · vigente 0.0000 · nose 1.0000 (rel 1.00/aus nan) · invento 0.0000 · 0.1 s/paso
  paso 14725 · perdida  0.5904 · GLOBAL 0.7500 · acierto 0.5000 · vigente 0.5000 · nose 1.0000 (rel 1.00/aus nan) · invento 0.0000 · 0.1 s/paso
  paso 14750 · perdida  1.4503 · GLOBAL 0.5000 · acierto 0.0000 · vigente 0.0000 · nose 1.0000 (rel 1.00/aus nan) · invento 0.0000 · 0.1 s/paso
  paso 14775 · perdida  0.5228 · GLOBAL 0.7500 · acierto 0.7500 · vigente 0.0000 · nose nan (rel nan/aus nan) · invento 0.0000 · 0.1 s/paso
  paso 14800 · perdida  0.4893 · GLOBAL 0.7500 · acierto 1.0000 · vigente nan · nose 0.5000 (rel 0.50/aus nan) · invento 0.5000 · 0.1 s/paso
  paso 14825 · perdida  0.4680 · GLOBAL 1.0000 · acierto 1.0000 · vigente nan · nose 1.0000 (rel 1.00/aus 1.00) · invento 0.0000 · 0.1 s/paso
  paso 14850 · perdida  0.6028 · GLOBAL 0.7500 · acierto 1.0000 · vigente 1.0000 · nose 0.0000 (rel 0.00/aus nan) · invento 1.0000 · 0.1 s/paso
  paso 14875 · perdida  0.3418 · GLOBAL 1.0000 · acierto 1.0000 · vigente nan · nose 1.0000 (rel nan/aus 1.00) · invento 0.0000 · 0.1 s/paso
  paso 14900 · perdida  1.8213 · GLOBAL 0.5000 · acierto 0.0000 · vigente 0.0000 · nose 0.6667 (rel 1.00/aus 0.00) · invento 0.3333 · 0.1 s/paso
  paso 14925 · perdida  1.2473 · GLOBAL 0.5000 · acierto 0.0000 · vigente 0.0000 · nose 1.0000 (rel 1.00/aus 1.00) · invento 0.0000 · 0.1 s/paso
  paso 14950 · perdida  0.7466 · GLOBAL 0.7500 · acierto 0.6667 · vigente 0.5000 · nose 1.0000 (rel 1.00/aus nan) · invento 0.0000 · 0.1 s/paso
  paso 14975 · perdida  0.9016 · GLOBAL 0.5000 · acierto 0.3333 · vigente 0.5000 · nose 1.0000 (rel nan/aus 1.00) · invento 0.0000 · 0.1 s/paso
  paso 15000 · perdida  0.3721 · GLOBAL 1.0000 · acierto 1.0000 · vigente 1.0000 · nose 1.0000 (rel 1.00/aus nan) · invento 0.0000 · 0.1 s/paso
  paso 15025 · perdida  1.2931 · GLOBAL 0.7500 · acierto 1.0000 · vigente nan · nose 0.5000 (rel 1.00/aus 0.00) · invento 0.5000 · 0.1 s/paso
  paso 15050 · perdida  0.4307 · GLOBAL 0.7500 · acierto 0.7500 · vigente 0.5000 · nose nan (rel nan/aus nan) · invento 0.0000 · 0.1 s/paso
  paso 15075 · perdida  0.5672 · GLOBAL 0.5000 · acierto 0.5000 · vigente 0.5000 · nose 0.5000 (rel nan/aus 0.50) · invento 0.5000 · 0.1 s/paso
  paso 15100 · perdida  0.8328 · GLOBAL 0.7500 · acierto 0.5000 · vigente 0.0000 · nose 1.0000 (rel 1.00/aus 1.00) · invento 0.0000 · 0.1 s/paso
  paso 15125 · perdida  0.5096 · GLOBAL 0.7500 · acierto 0.6667 · vigente nan · nose 1.0000 (rel nan/aus 1.00) · invento 0.0000 · 0.1 s/paso
  paso 15150 · perdida  0.4946 · GLOBAL 0.7500 · acierto 0.5000 · vigente 0.0000 · nose 1.0000 (rel 1.00/aus 1.00) · invento 0.0000 · 0.1 s/paso
  paso 15175 · perdida  1.0358 · GLOBAL 0.5000 · acierto 0.5000 · vigente 0.0000 · nose 0.5000 (rel 1.00/aus 0.00) · invento 0.5000 · 0.1 s/paso
  paso 15200 · perdida  0.9985 · GLOBAL 0.7500 · acierto 1.0000 · vigente 1.0000 · nose 0.6667 (rel 1.00/aus 0.00) · invento 0.3333 · 0.1 s/paso
  paso 15225 · perdida  0.7938 · GLOBAL 0.5000 · acierto nan · vigente nan · nose 0.5000 (rel 0.00/aus 0.67) · invento 0.5000 · 0.1 s/paso
  paso 15250 · perdida  0.5163 · GLOBAL 0.7500 · acierto 1.0000 · vigente nan · nose 0.5000 (rel nan/aus 0.50) · invento 0.5000 · 0.1 s/paso
  paso 15275 · perdida  0.2138 · GLOBAL 1.0000 · acierto 1.0000 · vigente 1.0000 · nose 1.0000 (rel 1.00/aus nan) · invento 0.0000 · 0.1 s/paso
  paso 15300 · perdida  1.2009 · GLOBAL 0.2500 · acierto 1.0000 · vigente 1.0000 · nose 0.0000 (rel 0.00/aus 0.00) · invento 1.0000 · 0.1 s/paso
  paso 15325 · perdida  1.2728 · GLOBAL 0.5000 · acierto 0.3333 · vigente 0.0000 · nose 1.0000 (rel 1.00/aus nan) · invento 0.0000 · 0.1 s/paso
  paso 15350 · perdida  1.2259 · GLOBAL 0.5000 · acierto 0.3333 · vigente 0.0000 · nose 1.0000 (rel nan/aus 1.00) · invento 0.0000 · 0.1 s/paso
  paso 15375 · perdida  0.5363 · GLOBAL 0.7500 · acierto 0.0000 · vigente 0.0000 · nose 1.0000 (rel nan/aus 1.00) · invento 0.0000 · 0.1 s/paso
  paso 15400 · perdida  1.5927 · GLOBAL 0.5000 · acierto 0.0000 · vigente 0.0000 · nose 0.6667 (rel 0.50/aus 1.00) · invento 0.3333 · 0.1 s/paso
  paso 15425 · perdida  0.1279 · GLOBAL 1.0000 · acierto 1.0000 · vigente nan · nose 1.0000 (rel nan/aus 1.00) · invento 0.0000 · 0.1 s/paso
  paso 15450 · perdida  0.4727 · GLOBAL 1.0000 · acierto 1.0000 · vigente 1.0000 · nose 1.0000 (rel 1.00/aus 1.00) · invento 0.0000 · 0.1 s/paso
  paso 15475 · perdida  2.4287 · GLOBAL 0.5000 · acierto 0.3333 · vigente 0.0000 · nose 1.0000 (rel nan/aus 1.00) · invento 0.0000 · 0.1 s/paso
  paso 15500 · perdida  0.3180 · GLOBAL 1.0000 · acierto 1.0000 · vigente 1.0000 · nose nan (rel nan/aus nan) · invento 0.0000 · 0.1 s/paso
  paso 15525 · perdida  0.7870 · GLOBAL 0.7500 · acierto 0.7500 · vigente 0.5000 · nose nan (rel nan/aus nan) · invento 0.0000 · 0.1 s/paso
  paso 15550 · perdida  1.5606 · GLOBAL 0.5000 · acierto 0.3333 · vigente 0.0000 · nose 1.0000 (rel nan/aus 1.00) · invento 0.0000 · 0.1 s/paso
  paso 15575 · perdida  0.6735 · GLOBAL 0.7500 · acierto 0.6667 · vigente 0.0000 · nose 1.0000 (rel 1.00/aus nan) · invento 0.0000 · 0.1 s/paso
  paso 15600 · perdida  0.3175 · GLOBAL 0.7500 · acierto 0.7500 · vigente 0.5000 · nose nan (rel nan/aus nan) · invento 0.0000 · 0.1 s/paso
  paso 15625 · perdida  0.5806 · GLOBAL 0.7500 · acierto 0.7500 · vigente 0.5000 · nose nan (rel nan/aus nan) · invento 0.0000 · 0.1 s/paso
  paso 15650 · perdida  0.5912 · GLOBAL 0.7500 · acierto 0.0000 · vigente 0.0000 · nose 1.0000 (rel 1.00/aus 1.00) · invento 0.0000 · 0.1 s/paso
  paso 15675 · perdida  0.5018 · GLOBAL 1.0000 · acierto 1.0000 · vigente 1.0000 · nose 1.0000 (rel nan/aus 1.00) · invento 0.0000 · 0.1 s/paso
  paso 15700 · perdida  0.1889 · GLOBAL 1.0000 · acierto 1.0000 · vigente 1.0000 · nose nan (rel nan/aus nan) · invento 0.0000 · 0.1 s/paso
  paso 15725 · perdida  0.4257 · GLOBAL 0.7500 · acierto 0.6667 · vigente 0.5000 · nose 1.0000 (rel nan/aus 1.00) · invento 0.0000 · 0.1 s/paso
  paso 15750 · perdida  0.5020 · GLOBAL 0.7500 · acierto 0.6667 · vigente 0.0000 · nose 1.0000 (rel 1.00/aus nan) · invento 0.0000 · 0.1 s/paso
  paso 15775 · perdida  0.9687 · GLOBAL 0.7500 · acierto 1.0000 · vigente 1.0000 · nose 0.6667 (rel 0.50/aus 1.00) · invento 0.3333 · 0.1 s/paso
  paso 15800 · perdida  1.2044 · GLOBAL 0.5000 · acierto 0.6667 · vigente 0.5000 · nose 0.0000 (rel nan/aus 0.00) · invento 1.0000 · 0.1 s/paso
  paso 15825 · perdida  0.8552 · GLOBAL 0.5000 · acierto 0.0000 · vigente 0.0000 · nose 1.0000 (rel 1.00/aus 1.00) · invento 0.0000 · 0.1 s/paso
  paso 15850 · perdida  1.6994 · GLOBAL 0.5000 · acierto 1.0000 · vigente 1.0000 · nose 0.0000 (rel nan/aus 0.00) · invento 1.0000 · 0.1 s/paso
  paso 15875 · perdida  0.9720 · GLOBAL 0.7500 · acierto 1.0000 · vigente 1.0000 · nose 0.6667 (rel 1.00/aus 0.00) · invento 0.3333 · 0.1 s/paso
  paso 15900 · perdida  0.2525 · GLOBAL 1.0000 · acierto 1.0000 · vigente 1.0000 · nose 1.0000 (rel nan/aus 1.00) · invento 0.0000 · 0.1 s/paso
  paso 15925 · perdida  0.3291 · GLOBAL 1.0000 · acierto 1.0000 · vigente nan · nose 1.0000 (rel 1.00/aus nan) · invento 0.0000 · 0.1 s/paso
  paso 15950 · perdida  0.6820 · GLOBAL 0.5000 · acierto 0.6667 · vigente nan · nose 0.0000 (rel 0.00/aus nan) · invento 1.0000 · 0.1 s/paso
  paso 15975 · perdida  1.5549 · GLOBAL 0.5000 · acierto 0.3333 · vigente 0.0000 · nose 1.0000 (rel 1.00/aus nan) · invento 0.0000 · 0.1 s/paso
  paso 16000 · perdida  0.4142 · GLOBAL 1.0000 · acierto 1.0000 · vigente nan · nose 1.0000 (rel nan/aus 1.00) · invento 0.0000 · 0.1 s/paso
  paso 16025 · perdida  0.4862 · GLOBAL 0.7500 · acierto 1.0000 · vigente 1.0000 · nose 0.6667 (rel 1.00/aus 0.50) · invento 0.3333 · 0.1 s/paso
  paso 16050 · perdida  0.4155 · GLOBAL 0.7500 · acierto 1.0000 · vigente nan · nose 0.0000 (rel 0.00/aus nan) · invento 1.0000 · 0.1 s/paso
  paso 16075 · perdida  1.3604 · GLOBAL 0.5000 · acierto 0.6667 · vigente 0.0000 · nose 0.0000 (rel nan/aus 0.00) · invento 1.0000 · 0.1 s/paso
  paso 16100 · perdida  1.1124 · GLOBAL 0.2500 · acierto 0.5000 · vigente 0.0000 · nose 0.0000 (rel 0.00/aus 0.00) · invento 1.0000 · 0.1 s/paso
  paso 16125 · perdida  2.4586 · GLOBAL 0.0000 · acierto 0.0000 · vigente 0.0000 · nose 0.0000 (rel 0.00/aus 0.00) · invento 1.0000 · 0.1 s/paso
  paso 16150 · perdida  0.4937 · GLOBAL 0.7500 · acierto 1.0000 · vigente nan · nose 0.0000 (rel nan/aus 0.00) · invento 1.0000 · 0.1 s/paso
  paso 16175 · perdida  0.8384 · GLOBAL 0.5000 · acierto 1.0000 · vigente 1.0000 · nose 0.3333 (rel 1.00/aus 0.00) · invento 0.6667 · 0.1 s/paso
  paso 16200 · perdida  0.5160 · GLOBAL 0.7500 · acierto 0.6667 · vigente 0.6667 · nose 1.0000 (rel 1.00/aus nan) · invento 0.0000 · 0.1 s/paso
  paso 16225 · perdida  0.6854 · GLOBAL 0.7500 · acierto 0.6667 · vigente 0.0000 · nose 1.0000 (rel 1.00/aus nan) · invento 0.0000 · 0.1 s/paso
  paso 16250 · perdida  1.0066 · GLOBAL 0.7500 · acierto 0.5000 · vigente 0.0000 · nose 1.0000 (rel 1.00/aus 1.00) · invento 0.0000 · 0.1 s/paso
  paso 16275 · perdida  0.4200 · GLOBAL 0.7500 · acierto 0.6667 · vigente nan · nose 1.0000 (rel nan/aus 1.00) · invento 0.0000 · 0.1 s/paso
  paso 16300 · perdida  1.4367 · GLOBAL 0.5000 · acierto 0.3333 · vigente 0.0000 · nose 1.0000 (rel nan/aus 1.00) · invento 0.0000 · 0.1 s/paso
  paso 16325 · perdida  1.6900 · GLOBAL 0.2500 · acierto 0.5000 · vigente 0.0000 · nose 0.0000 (rel nan/aus 0.00) · invento 1.0000 · 0.1 s/paso
  paso 16350 · perdida  0.3275 · GLOBAL 1.0000 · acierto 1.0000 · vigente nan · nose 1.0000 (rel 1.00/aus nan) · invento 0.0000 · 0.1 s/paso
  paso 16375 · perdida  0.7904 · GLOBAL 0.5000 · acierto nan · vigente nan · nose 0.5000 (rel 0.33/aus 1.00) · invento 0.5000 · 0.1 s/paso
  paso 16400 · perdida  0.6650 · GLOBAL 0.7500 · acierto 1.0000 · vigente 1.0000 · nose 0.5000 (rel nan/aus 0.50) · invento 0.5000 · 0.1 s/paso
  paso 16425 · perdida  0.9254 · GLOBAL 0.5000 · acierto 0.5000 · vigente 0.0000 · nose 0.5000 (rel 0.00/aus 1.00) · invento 0.5000 · 0.1 s/paso
  paso 16450 · perdida  0.2146 · GLOBAL 1.0000 · acierto 1.0000 · vigente nan · nose 1.0000 (rel 1.00/aus 1.00) · invento 0.0000 · 0.1 s/paso
  paso 16475 · perdida  1.3687 · GLOBAL 0.2500 · acierto 0.0000 · vigente 0.0000 · nose 0.5000 (rel 0.50/aus nan) · invento 0.5000 · 0.1 s/paso
  paso 16500 · perdida  0.7298 · GLOBAL 0.5000 · acierto 0.0000 · vigente nan · nose 0.6667 (rel 0.00/aus 1.00) · invento 0.3333 · 0.1 s/paso
  paso 16525 · perdida  1.0506 · GLOBAL 0.2500 · acierto 0.3333 · vigente 0.5000 · nose 0.0000 (rel 0.00/aus nan) · invento 1.0000 · 0.1 s/paso
  paso 16550 · perdida  0.2669 · GLOBAL 0.7500 · acierto 1.0000 · vigente nan · nose 0.0000 (rel nan/aus 0.00) · invento 1.0000 · 0.1 s/paso
  paso 16575 · perdida  0.2806 · GLOBAL 1.0000 · acierto 1.0000 · vigente 1.0000 · nose 1.0000 (rel 1.00/aus nan) · invento 0.0000 · 0.1 s/paso
  paso 16600 · perdida  0.4891 · GLOBAL 0.5000 · acierto 0.5000 · vigente 0.0000 · nose 0.5000 (rel 0.00/aus 1.00) · invento 0.5000 · 0.1 s/paso
  paso 16625 · perdida  0.5552 · GLOBAL 1.0000 · acierto 1.0000 · vigente 1.0000 · nose 1.0000 (rel 1.00/aus nan) · invento 0.0000 · 0.1 s/paso
  paso 16650 · perdida  1.9661 · GLOBAL 0.5000 · acierto 0.0000 · vigente 0.0000 · nose 1.0000 (rel 1.00/aus 1.00) · invento 0.0000 · 0.1 s/paso
  paso 16675 · perdida  0.5828 · GLOBAL 0.5000 · acierto 0.6667 · vigente 1.0000 · nose 0.0000 (rel 0.00/aus nan) · invento 1.0000 · 0.1 s/paso
  paso 16700 · perdida  1.6817 · GLOBAL 0.2500 · acierto 0.0000 · vigente 0.0000 · nose 0.3333 (rel nan/aus 0.33) · invento 0.6667 · 0.1 s/paso
  paso 16725 · perdida  0.9346 · GLOBAL 0.7500 · acierto 0.7500 · vigente 0.6667 · nose nan (rel nan/aus nan) · invento 0.0000 · 0.1 s/paso
  paso 16750 · perdida  1.2948 · GLOBAL 0.5000 · acierto 0.3333 · vigente 0.0000 · nose 1.0000 (rel nan/aus 1.00) · invento 0.0000 · 0.1 s/paso
  paso 16775 · perdida  0.2742 · GLOBAL 1.0000 · acierto 1.0000 · vigente nan · nose 1.0000 (rel nan/aus 1.00) · invento 0.0000 · 0.1 s/paso
  paso 16800 · perdida  0.7538 · GLOBAL 0.7500 · acierto 1.0000 · vigente 1.0000 · nose 0.5000 (rel nan/aus 0.50) · invento 0.5000 · 0.1 s/paso
  paso 16825 · perdida  1.0331 · GLOBAL 0.5000 · acierto 0.3333 · vigente 0.0000 · nose 1.0000 (rel nan/aus 1.00) · invento 0.0000 · 0.1 s/paso
  paso 16850 · perdida  0.7242 · GLOBAL 0.7500 · acierto 1.0000 · vigente 1.0000 · nose 0.5000 (rel 1.00/aus 0.00) · invento 0.5000 · 0.1 s/paso
  paso 16875 · perdida  2.0471 · GLOBAL 0.2500 · acierto 1.0000 · vigente nan · nose 0.0000 (rel 0.00/aus 0.00) · invento 1.0000 · 0.1 s/paso
  paso 16900 · perdida  0.1723 · GLOBAL 1.0000 · acierto 1.0000 · vigente nan · nose 1.0000 (rel 1.00/aus nan) · invento 0.0000 · 0.1 s/paso
  paso 16925 · perdida  0.5552 · GLOBAL 0.7500 · acierto 0.6667 · vigente 0.5000 · nose 1.0000 (rel nan/aus 1.00) · invento 0.0000 · 0.1 s/paso
  paso 16950 · perdida  1.0204 · GLOBAL 0.2500 · acierto 0.3333 · vigente 0.0000 · nose 0.0000 (rel 0.00/aus nan) · invento 1.0000 · 0.1 s/paso
  paso 16975 · perdida  1.4222 · GLOBAL 0.2500 · acierto 1.0000 · vigente nan · nose 0.0000 (rel 0.00/aus 0.00) · invento 1.0000 · 0.1 s/paso
  paso 17000 · perdida  1.3991 · GLOBAL 0.7500 · acierto 0.5000 · vigente 0.0000 · nose 1.0000 (rel nan/aus 1.00) · invento 0.0000 · 0.1 s/paso
  paso 17025 · perdida  0.6516 · GLOBAL 0.5000 · acierto 1.0000 · vigente nan · nose 0.0000 (rel 0.00/aus nan) · invento 1.0000 · 0.1 s/paso
  paso 17050 · perdida  1.1437 · GLOBAL 0.5000 · acierto 0.5000 · vigente 0.5000 · nose nan (rel nan/aus nan) · invento 0.0000 · 0.1 s/paso
  paso 17075 · perdida  0.3735 · GLOBAL 1.0000 · acierto 1.0000 · vigente 1.0000 · nose nan (rel nan/aus nan) · invento 0.0000 · 0.1 s/paso
  paso 17100 · perdida  0.6039 · GLOBAL 0.7500 · acierto 0.7500 · vigente 0.6667 · nose nan (rel nan/aus nan) · invento 0.0000 · 0.1 s/paso
  paso 17125 · perdida  0.5268 · GLOBAL 0.7500 · acierto 0.5000 · vigente 1.0000 · nose 1.0000 (rel 1.00/aus 1.00) · invento 0.0000 · 0.1 s/paso
  paso 17150 · perdida  0.4796 · GLOBAL 0.7500 · acierto 1.0000 · vigente nan · nose 0.0000 (rel 0.00/aus nan) · invento 1.0000 · 0.1 s/paso
  paso 17175 · perdida  0.2091 · GLOBAL 1.0000 · acierto 1.0000 · vigente 1.0000 · nose 1.0000 (rel 1.00/aus nan) · invento 0.0000 · 0.1 s/paso
  paso 17200 · perdida  0.6245 · GLOBAL 0.7500 · acierto 1.0000 · vigente nan · nose 0.6667 (rel 1.00/aus 0.00) · invento 0.3333 · 0.1 s/paso
  paso 17225 · perdida  1.3563 · GLOBAL 0.2500 · acierto 0.2500 · vigente 0.0000 · nose nan (rel nan/aus nan) · invento 0.0000 · 0.1 s/paso
  paso 17250 · perdida  0.4818 · GLOBAL 0.7500 · acierto 1.0000 · vigente 1.0000 · nose 0.0000 (rel 0.00/aus nan) · invento 1.0000 · 0.1 s/paso
  paso 17275 · perdida  0.6623 · GLOBAL 0.5000 · acierto 0.6667 · vigente 0.5000 · nose 0.0000 (rel nan/aus 0.00) · invento 1.0000 · 0.1 s/paso
  paso 17300 · perdida  0.4597 · GLOBAL 1.0000 · acierto 1.0000 · vigente nan · nose 1.0000 (rel 1.00/aus 1.00) · invento 0.0000 · 0.1 s/paso
  paso 17325 · perdida  0.8494 · GLOBAL 0.5000 · acierto 0.6667 · vigente 0.0000 · nose 0.0000 (rel 0.00/aus nan) · invento 1.0000 · 0.1 s/paso
  paso 17350 · perdida  0.5675 · GLOBAL 0.5000 · acierto 0.5000 · vigente 0.0000 · nose 0.5000 (rel 0.50/aus nan) · invento 0.5000 · 0.1 s/paso
  paso 17375 · perdida  1.3701 · GLOBAL 0.2500 · acierto 0.5000 · vigente 0.0000 · nose 0.0000 (rel nan/aus 0.00) · invento 1.0000 · 0.1 s/paso
  paso 17400 · perdida  0.1511 · GLOBAL 1.0000 · acierto 1.0000 · vigente 1.0000 · nose 1.0000 (rel nan/aus 1.00) · invento 0.0000 · 0.1 s/paso
  paso 17425 · perdida  0.2062 · GLOBAL 1.0000 · acierto 1.0000 · vigente 1.0000 · nose 1.0000 (rel 1.00/aus nan) · invento 0.0000 · 0.1 s/paso
  paso 17450 · perdida  0.1173 · GLOBAL 1.0000 · acierto 1.0000 · vigente nan · nose 1.0000 (rel 1.00/aus nan) · invento 0.0000 · 0.1 s/paso
  paso 17475 · perdida  0.5050 · GLOBAL 0.7500 · acierto 0.7500 · vigente 0.5000 · nose nan (rel nan/aus nan) · invento 0.0000 · 0.1 s/paso
  paso 17500 · perdida  0.4882 · GLOBAL 1.0000 · acierto nan · vigente nan · nose 1.0000 (rel 1.00/aus 1.00) · invento 0.0000 · 0.1 s/paso
  paso 17525 · perdida  0.4280 · GLOBAL 0.7500 · acierto 0.5000 · vigente 0.0000 · nose 1.0000 (rel 1.00/aus nan) · invento 0.0000 · 0.1 s/paso
  paso 17550 · perdida  1.1753 · GLOBAL 0.2500 · acierto 0.0000 · vigente 0.0000 · nose 0.5000 (rel 0.50/aus nan) · invento 0.5000 · 0.1 s/paso
  paso 17575 · perdida  0.3548 · GLOBAL 0.7500 · acierto 1.0000 · vigente 1.0000 · nose 0.0000 (rel nan/aus 0.00) · invento 1.0000 · 0.1 s/paso
  paso 17600 · perdida  1.4815 · GLOBAL 0.2500 · acierto 0.0000 · vigente 0.0000 · nose 1.0000 (rel 1.00/aus nan) · invento 0.0000 · 0.1 s/paso
  paso 17625 · perdida  0.7118 · GLOBAL 0.7500 · acierto nan · vigente nan · nose 0.7500 (rel 0.75/aus nan) · invento 0.2500 · 0.1 s/paso
  paso 17650 · perdida  0.3051 · GLOBAL 1.0000 · acierto 1.0000 · vigente nan · nose 1.0000 (rel 1.00/aus 1.00) · invento 0.0000 · 0.1 s/paso
  paso 17675 · perdida  1.2497 · GLOBAL 0.2500 · acierto 0.0000 · vigente 0.0000 · nose 0.5000 (rel 0.00/aus 1.00) · invento 0.5000 · 0.1 s/paso
  paso 17700 · perdida  0.9252 · GLOBAL 0.7500 · acierto 0.5000 · vigente 0.0000 · nose 1.0000 (rel nan/aus 1.00) · invento 0.0000 · 0.1 s/paso
  paso 17725 · perdida  0.4524 · GLOBAL 0.7500 · acierto 0.6667 · vigente 0.0000 · nose 1.0000 (rel 1.00/aus nan) · invento 0.0000 · 0.1 s/paso
  paso 17750 · perdida  0.6547 · GLOBAL 0.5000 · acierto 0.3333 · vigente 0.0000 · nose 1.0000 (rel 1.00/aus nan) · invento 0.0000 · 0.1 s/paso
  paso 17775 · perdida  0.8917 · GLOBAL 0.5000 · acierto nan · vigente nan · nose 0.5000 (rel 0.50/aus 0.50) · invento 0.5000 · 0.1 s/paso
  paso 17800 · perdida  0.8416 · GLOBAL 0.5000 · acierto 1.0000 · vigente nan · nose 0.3333 (rel 0.33/aus nan) · invento 0.6667 · 0.1 s/paso
  paso 17825 · perdida  1.6159 · GLOBAL 0.7500 · acierto 1.0000 · vigente 1.0000 · nose 0.0000 (rel 0.00/aus nan) · invento 1.0000 · 0.1 s/paso
  paso 17850 · perdida  0.5378 · GLOBAL 0.7500 · acierto 0.5000 · vigente 1.0000 · nose 1.0000 (rel 1.00/aus 1.00) · invento 0.0000 · 0.1 s/paso
  paso 17875 · perdida  1.1518 · GLOBAL 0.5000 · acierto 0.5000 · vigente 0.3333 · nose nan (rel nan/aus nan) · invento 0.0000 · 0.1 s/paso
  paso 17900 · perdida  1.3005 · GLOBAL 0.2500 · acierto 0.0000 · vigente nan · nose 0.5000 (rel 0.00/aus 1.00) · invento 0.5000 · 0.1 s/paso
  paso 17925 · perdida  0.4435 · GLOBAL 0.7500 · acierto 0.5000 · vigente nan · nose 1.0000 (rel 1.00/aus 1.00) · invento 0.0000 · 0.1 s/paso
  paso 17950 · perdida  0.4415 · GLOBAL 1.0000 · acierto 1.0000 · vigente 1.0000 · nose 1.0000 (rel 1.00/aus 1.00) · invento 0.0000 · 0.1 s/paso
  paso 17975 · perdida  0.4566 · GLOBAL 0.7500 · acierto 0.6667 · vigente 0.0000 · nose 1.0000 (rel 1.00/aus nan) · invento 0.0000 · 0.1 s/paso
  paso 18000 · perdida  0.6549 · GLOBAL 0.7500 · acierto 0.6667 · vigente nan · nose 1.0000 (rel nan/aus 1.00) · invento 0.0000 · 0.1 s/paso
  paso 18025 · perdida  0.3462 · GLOBAL 0.7500 · acierto 0.6667 · vigente 0.0000 · nose 1.0000 (rel nan/aus 1.00) · invento 0.0000 · 0.1 s/paso
  paso 18050 · perdida  0.6622 · GLOBAL 0.5000 · acierto 1.0000 · vigente 1.0000 · nose 0.0000 (rel 0.00/aus nan) · invento 1.0000 · 0.1 s/paso
  paso 18075 · perdida  0.6913 · GLOBAL 0.7500 · acierto 0.5000 · vigente 0.0000 · nose 1.0000 (rel nan/aus 1.00) · invento 0.0000 · 0.1 s/paso
  paso 18100 · perdida  0.6982 · GLOBAL 0.7500 · acierto 0.5000 · vigente nan · nose 1.0000 (rel 1.00/aus 1.00) · invento 0.0000 · 0.1 s/paso
  paso 18125 · perdida  0.1847 · GLOBAL 1.0000 · acierto 1.0000 · vigente 1.0000 · nose 1.0000 (rel nan/aus 1.00) · invento 0.0000 · 0.1 s/paso
  paso 18150 · perdida  0.4340 · GLOBAL 0.7500 · acierto 0.5000 · vigente 1.0000 · nose 1.0000 (rel 1.00/aus 1.00) · invento 0.0000 · 0.1 s/paso
  paso 18175 · perdida  2.1511 · GLOBAL 0.5000 · acierto 1.0000 · vigente nan · nose 0.0000 (rel nan/aus 0.00) · invento 1.0000 · 0.1 s/paso
  paso 18200 · perdida  0.4468 · GLOBAL 0.7500 · acierto 0.7500 · vigente 0.5000 · nose nan (rel nan/aus nan) · invento 0.0000 · 0.1 s/paso
  paso 18225 · perdida  0.4557 · GLOBAL 1.0000 · acierto nan · vigente nan · nose 1.0000 (rel 1.00/aus 1.00) · invento 0.0000 · 0.1 s/paso
  paso 18250 · perdida  0.6834 · GLOBAL 0.7500 · acierto 1.0000 · vigente 1.0000 · nose 0.0000 (rel nan/aus 0.00) · invento 1.0000 · 0.1 s/paso
  paso 18275 · perdida  0.5135 · GLOBAL 0.7500 · acierto 0.7500 · vigente 0.0000 · nose nan (rel nan/aus nan) · invento 0.0000 · 0.1 s/paso
  paso 18300 · perdida  1.1979 · GLOBAL 0.5000 · acierto 1.0000 · vigente nan · nose 0.3333 (rel 1.00/aus 0.00) · invento 0.6667 · 0.1 s/paso
  paso 18325 · perdida  1.0894 · GLOBAL 0.5000 · acierto 1.0000 · vigente nan · nose 0.0000 (rel 0.00/aus nan) · invento 1.0000 · 0.1 s/paso
  paso 18350 · perdida  0.3118 · GLOBAL 0.7500 · acierto 1.0000 · vigente nan · nose 0.5000 (rel 0.00/aus 1.00) · invento 0.5000 · 0.1 s/paso
  paso 18375 · perdida  0.2642 · GLOBAL 1.0000 · acierto 1.0000 · vigente 1.0000 · nose 1.0000 (rel nan/aus 1.00) · invento 0.0000 · 0.1 s/paso
  paso 18400 · perdida  2.6232 · GLOBAL 0.2500 · acierto 0.5000 · vigente 0.0000 · nose 0.0000 (rel nan/aus 0.00) · invento 1.0000 · 0.1 s/paso
  paso 18425 · perdida  0.9471 · GLOBAL 0.5000 · acierto 1.0000 · vigente nan · nose 0.3333 (rel 0.33/aus nan) · invento 0.6667 · 0.1 s/paso
  paso 18450 · perdida  0.7882 · GLOBAL 0.7500 · acierto 0.6667 · vigente 0.0000 · nose 1.0000 (rel 1.00/aus nan) · invento 0.0000 · 0.1 s/paso
  paso 18475 · perdida  0.6285 · GLOBAL 0.7500 · acierto 1.0000 · vigente 1.0000 · nose 0.5000 (rel 1.00/aus 0.00) · invento 0.5000 · 0.1 s/paso
  paso 18500 · perdida  0.9273 · GLOBAL 0.5000 · acierto 0.0000 · vigente 0.0000 · nose 1.0000 (rel 1.00/aus 1.00) · invento 0.0000 · 0.1 s/paso
  paso 18525 · perdida  0.8586 · GLOBAL 0.7500 · acierto 1.0000 · vigente nan · nose 0.5000 (rel 0.00/aus 1.00) · invento 0.5000 · 0.1 s/paso
  paso 18550 · perdida  0.7339 · GLOBAL 0.5000 · acierto 0.3333 · vigente 0.0000 · nose 1.0000 (rel nan/aus 1.00) · invento 0.0000 · 0.1 s/paso
  paso 18575 · perdida  0.7313 · GLOBAL 0.7500 · acierto 1.0000 · vigente nan · nose 0.6667 (rel 1.00/aus 0.50) · invento 0.3333 · 0.1 s/paso
  paso 18600 · perdida  1.1686 · GLOBAL 0.7500 · acierto 0.0000 · vigente 0.0000 · nose 1.0000 (rel 1.00/aus 1.00) · invento 0.0000 · 0.1 s/paso
  paso 18625 · perdida  0.9331 · GLOBAL 0.7500 · acierto 0.6667 · vigente 0.5000 · nose 1.0000 (rel nan/aus 1.00) · invento 0.0000 · 0.1 s/paso
  paso 18650 · perdida  0.2867 · GLOBAL 1.0000 · acierto 1.0000 · vigente 1.0000 · nose 1.0000 (rel 1.00/aus nan) · invento 0.0000 · 0.1 s/paso
  paso 18675 · perdida  0.4981 · GLOBAL 0.7500 · acierto 0.5000 · vigente 0.0000 · nose 1.0000 (rel nan/aus 1.00) · invento 0.0000 · 0.1 s/paso
  paso 18700 · perdida  0.6798 · GLOBAL 0.7500 · acierto 1.0000 · vigente 1.0000 · nose 0.5000 (rel nan/aus 0.50) · invento 0.5000 · 0.1 s/paso
  paso 18725 · perdida  0.8146 · GLOBAL 0.7500 · acierto 0.5000 · vigente 0.0000 · nose 1.0000 (rel nan/aus 1.00) · invento 0.0000 · 0.1 s/paso
  paso 18750 · perdida  0.3779 · GLOBAL 1.0000 · acierto 1.0000 · vigente 1.0000 · nose 1.0000 (rel 1.00/aus nan) · invento 0.0000 · 0.1 s/paso
  paso 18775 · perdida  0.4543 · GLOBAL 1.0000 · acierto 1.0000 · vigente 1.0000 · nose 1.0000 (rel 1.00/aus 1.00) · invento 0.0000 · 0.1 s/paso
  paso 18800 · perdida  1.1031 · GLOBAL 0.5000 · acierto 0.6667 · vigente 0.5000 · nose 0.0000 (rel nan/aus 0.00) · invento 1.0000 · 0.1 s/paso
  paso 18825 · perdida  0.5239 · GLOBAL 0.5000 · acierto 0.6667 · vigente 0.0000 · nose 0.0000 (rel 0.00/aus nan) · invento 1.0000 · 0.1 s/paso
  paso 18850 · perdida  0.1127 · GLOBAL 1.0000 · acierto 1.0000 · vigente nan · nose 1.0000 (rel 1.00/aus nan) · invento 0.0000 · 0.1 s/paso
  paso 18875 · perdida  1.1409 · GLOBAL 0.5000 · acierto 0.3333 · vigente 0.3333 · nose 1.0000 (rel nan/aus 1.00) · invento 0.0000 · 0.1 s/paso
  paso 18900 · perdida  0.3344 · GLOBAL 1.0000 · acierto 1.0000 · vigente nan · nose 1.0000 (rel 1.00/aus 1.00) · invento 0.0000 · 0.1 s/paso
  paso 18925 · perdida  0.7289 · GLOBAL 0.7500 · acierto 0.6667 · vigente 0.0000 · nose 1.0000 (rel nan/aus 1.00) · invento 0.0000 · 0.1 s/paso
  paso 18950 · perdida  0.9931 · GLOBAL 0.7500 · acierto 0.6667 · vigente 0.5000 · nose 1.0000 (rel 1.00/aus nan) · invento 0.0000 · 0.1 s/paso
  paso 18975 · perdida  0.2826 · GLOBAL 0.7500 · acierto 0.6667 · vigente 0.5000 · nose 1.0000 (rel 1.00/aus nan) · invento 0.0000 · 0.1 s/paso
  paso 19000 · perdida  1.6729 · GLOBAL 0.5000 · acierto 0.3333 · vigente 0.0000 · nose 1.0000 (rel nan/aus 1.00) · invento 0.0000 · 0.1 s/paso
  paso 19025 · perdida  0.6622 · GLOBAL 0.7500 · acierto 0.6667 · vigente 0.0000 · nose 1.0000 (rel nan/aus 1.00) · invento 0.0000 · 0.1 s/paso
  paso 19050 · perdida  1.0562 · GLOBAL 0.7500 · acierto 1.0000 · vigente 1.0000 · nose 0.5000 (rel 0.50/aus nan) · invento 0.5000 · 0.1 s/paso
  paso 19075 · perdida  0.9954 · GLOBAL 0.5000 · acierto 0.3333 · vigente 0.0000 · nose 1.0000 (rel nan/aus 1.00) · invento 0.0000 · 0.1 s/paso
  paso 19100 · perdida  1.2950 · GLOBAL 0.0000 · acierto 0.0000 · vigente 0.0000 · nose 0.0000 (rel nan/aus 0.00) · invento 1.0000 · 0.1 s/paso
  paso 19125 · perdida  0.8545 · GLOBAL 0.7500 · acierto 1.0000 · vigente 1.0000 · nose 0.5000 (rel nan/aus 0.50) · invento 0.5000 · 0.1 s/paso
  paso 19150 · perdida  0.4987 · GLOBAL 0.7500 · acierto 1.0000 · vigente 1.0000 · nose 0.6667 (rel nan/aus 0.67) · invento 0.3333 · 0.1 s/paso
  paso 19175 · perdida  0.5304 · GLOBAL 0.7500 · acierto 0.5000 · vigente 0.0000 · nose 1.0000 (rel 1.00/aus nan) · invento 0.0000 · 0.1 s/paso
  paso 19200 · perdida  0.5538 · GLOBAL 0.7500 · acierto 0.5000 · vigente 0.0000 · nose 1.0000 (rel nan/aus 1.00) · invento 0.0000 · 0.1 s/paso
  paso 19225 · perdida  1.3090 · GLOBAL 0.5000 · acierto 0.5000 · vigente 0.0000 · nose nan (rel nan/aus nan) · invento 0.0000 · 0.1 s/paso
  paso 19250 · perdida  1.6786 · GLOBAL 0.5000 · acierto 0.6667 · vigente 0.0000 · nose 0.0000 (rel 0.00/aus nan) · invento 1.0000 · 0.1 s/paso
  paso 19275 · perdida  0.9349 · GLOBAL 0.5000 · acierto 0.5000 · vigente 0.3333 · nose nan (rel nan/aus nan) · invento 0.0000 · 0.1 s/paso
  paso 19300 · perdida  0.5916 · GLOBAL 0.7500 · acierto 1.0000 · vigente nan · nose 0.5000 (rel 1.00/aus 0.00) · invento 0.5000 · 0.1 s/paso
  paso 19325 · perdida  1.0625 · GLOBAL 0.0000 · acierto 0.0000 · vigente 0.0000 · nose 0.0000 (rel nan/aus 0.00) · invento 1.0000 · 0.1 s/paso
  paso 19350 · perdida  0.6690 · GLOBAL 0.7500 · acierto 0.6667 · vigente nan · nose 1.0000 (rel 1.00/aus nan) · invento 0.0000 · 0.1 s/paso
  paso 19375 · perdida  0.8227 · GLOBAL 0.5000 · acierto 0.3333 · vigente 0.0000 · nose 1.0000 (rel nan/aus 1.00) · invento 0.0000 · 0.1 s/paso
  paso 19400 · perdida  0.3233 · GLOBAL 0.7500 · acierto 0.6667 · vigente 0.0000 · nose 1.0000 (rel nan/aus 1.00) · invento 0.0000 · 0.1 s/paso
  paso 19425 · perdida  0.1317 · GLOBAL 1.0000 · acierto 1.0000 · vigente nan · nose nan (rel nan/aus nan) · invento 0.0000 · 0.1 s/paso
  paso 19450 · perdida  1.8091 · GLOBAL 0.2500 · acierto 0.3333 · vigente 0.0000 · nose 0.0000 (rel 0.00/aus nan) · invento 1.0000 · 0.1 s/paso
  paso 19475 · perdida  1.1046 · GLOBAL 0.7500 · acierto 1.0000 · vigente 1.0000 · nose 0.5000 (rel 1.00/aus 0.00) · invento 0.5000 · 0.1 s/paso
  paso 19500 · perdida  0.4297 · GLOBAL 0.7500 · acierto 1.0000 · vigente nan · nose 0.6667 (rel 0.50/aus 1.00) · invento 0.3333 · 0.1 s/paso
  paso 19525 · perdida  0.6207 · GLOBAL 0.5000 · acierto 1.0000 · vigente nan · nose 0.3333 (rel 0.00/aus 0.50) · invento 0.6667 · 0.1 s/paso
  paso 19550 · perdida  0.4526 · GLOBAL 0.7500 · acierto 0.5000 · vigente nan · nose 1.0000 (rel 1.00/aus 1.00) · invento 0.0000 · 0.1 s/paso
  paso 19575 · perdida  0.4920 · GLOBAL 0.7500 · acierto 1.0000 · vigente nan · nose 0.6667 (rel nan/aus 0.67) · invento 0.3333 · 0.1 s/paso
  paso 19600 · perdida  1.9880 · GLOBAL 0.5000 · acierto 1.0000 · vigente nan · nose 0.0000 (rel 0.00/aus 0.00) · invento 1.0000 · 0.1 s/paso
  paso 19625 · perdida  0.6111 · GLOBAL 0.7500 · acierto 1.0000 · vigente 1.0000 · nose 0.0000 (rel nan/aus 0.00) · invento 1.0000 · 0.1 s/paso
  paso 19650 · perdida  1.0399 · GLOBAL 0.5000 · acierto 0.0000 · vigente 0.0000 · nose 1.0000 (rel 1.00/aus nan) · invento 0.0000 · 0.1 s/paso
  paso 19675 · perdida  0.4541 · GLOBAL 0.7500 · acierto 1.0000 · vigente nan · nose 0.6667 (rel 0.50/aus 1.00) · invento 0.3333 · 0.1 s/paso
  paso 19700 · perdida  0.3933 · GLOBAL 1.0000 · acierto 1.0000 · vigente 1.0000 · nose 1.0000 (rel 1.00/aus 1.00) · invento 0.0000 · 0.1 s/paso
  paso 19725 · perdida  0.4682 · GLOBAL 0.7500 · acierto 1.0000 · vigente nan · nose 0.0000 (rel 0.00/aus nan) · invento 1.0000 · 0.1 s/paso
  paso 19750 · perdida  0.7541 · GLOBAL 0.7500 · acierto nan · vigente nan · nose 0.7500 (rel nan/aus 0.75) · invento 0.2500 · 0.1 s/paso
  paso 19775 · perdida  0.9107 · GLOBAL 0.5000 · acierto 0.3333 · vigente 0.0000 · nose 1.0000 (rel 1.00/aus nan) · invento 0.0000 · 0.1 s/paso
  paso 19800 · perdida  0.9729 · GLOBAL 0.2500 · acierto 0.3333 · vigente 0.0000 · nose 0.0000 (rel 0.00/aus nan) · invento 1.0000 · 0.1 s/paso
  paso 19825 · perdida  0.0779 · GLOBAL 1.0000 · acierto 1.0000 · vigente 1.0000 · nose nan (rel nan/aus nan) · invento 0.0000 · 0.1 s/paso
  paso 19850 · perdida  0.2243 · GLOBAL 1.0000 · acierto 1.0000 · vigente 1.0000 · nose 1.0000 (rel nan/aus 1.00) · invento 0.0000 · 0.1 s/paso
  paso 19875 · perdida  1.1515 · GLOBAL 0.7500 · acierto 0.6667 · vigente 0.5000 · nose 1.0000 (rel 1.00/aus nan) · invento 0.0000 · 0.1 s/paso
  paso 19900 · perdida  0.8310 · GLOBAL 0.7500 · acierto 1.0000 · vigente 1.0000 · nose 0.6667 (rel 0.67/aus nan) · invento 0.3333 · 0.1 s/paso
  paso 19925 · perdida  0.5251 · GLOBAL 0.7500 · acierto 1.0000 · vigente 1.0000 · nose 0.5000 (rel nan/aus 0.50) · invento 0.5000 · 0.1 s/paso
  paso 19950 · perdida  0.4809 · GLOBAL 0.7500 · acierto 0.6667 · vigente 0.0000 · nose 1.0000 (rel nan/aus 1.00) · invento 0.0000 · 0.1 s/paso
  paso 19975 · perdida  1.5665 · GLOBAL 0.2500 · acierto 0.2500 · vigente 0.0000 · nose nan (rel nan/aus nan) · invento 0.0000 · 0.1 s/paso
  paso 20000 · perdida  0.2391 · GLOBAL 1.0000 · acierto 1.0000 · vigente nan · nose 1.0000 (rel 1.00/aus 1.00) · invento 0.0000 · 0.1 s/paso
  paso 20025 · perdida  0.5220 · GLOBAL 1.0000 · acierto 1.0000 · vigente 1.0000 · nose 1.0000 (rel 1.00/aus 1.00) · invento 0.0000 · 0.1 s/paso
  paso 20050 · perdida  0.4497 · GLOBAL 0.7500 · acierto 1.0000 · vigente nan · nose 0.5000 (rel 1.00/aus 0.00) · invento 0.5000 · 0.1 s/paso
  paso 20075 · perdida  0.3503 · GLOBAL 0.7500 · acierto 1.0000 · vigente nan · nose 0.5000 (rel 1.00/aus 0.00) · invento 0.5000 · 0.1 s/paso
  paso 20100 · perdida  0.3016 · GLOBAL 1.0000 · acierto 1.0000 · vigente 1.0000 · nose 1.0000 (rel 1.00/aus nan) · invento 0.0000 · 0.1 s/paso
  paso 20125 · perdida  0.1407 · GLOBAL 1.0000 · acierto 1.0000 · vigente nan · nose nan (rel nan/aus nan) · invento 0.0000 · 0.1 s/paso
  paso 20150 · perdida  0.3909 · GLOBAL 0.7500 · acierto 0.6667 · vigente nan · nose 1.0000 (rel nan/aus 1.00) · invento 0.0000 · 0.1 s/paso
  paso 20175 · perdida  1.0500 · GLOBAL 0.5000 · acierto 0.6667 · vigente 0.0000 · nose 0.0000 (rel nan/aus 0.00) · invento 1.0000 · 0.1 s/paso
  paso 20200 · perdida  0.4440 · GLOBAL 1.0000 · acierto 1.0000 · vigente 1.0000 · nose 1.0000 (rel 1.00/aus 1.00) · invento 0.0000 · 0.1 s/paso
  paso 20225 · perdida  0.5538 · GLOBAL 0.7500 · acierto 0.7500 · vigente 0.5000 · nose nan (rel nan/aus nan) · invento 0.0000 · 0.1 s/paso
  paso 20250 · perdida  1.0130 · GLOBAL 0.7500 · acierto 0.6667 · vigente 0.5000 · nose 1.0000 (rel 1.00/aus nan) · invento 0.0000 · 0.1 s/paso
  paso 20275 · perdida  0.1571 · GLOBAL 1.0000 · acierto 1.0000 · vigente 1.0000 · nose 1.0000 (rel nan/aus 1.00) · invento 0.0000 · 0.1 s/paso
  paso 20300 · perdida  0.9418 · GLOBAL 0.5000 · acierto 1.0000 · vigente nan · nose 0.3333 (rel 0.50/aus 0.00) · invento 0.6667 · 0.1 s/paso
  paso 20325 · perdida  1.1566 · GLOBAL 0.5000 · acierto 0.5000 · vigente 0.0000 · nose nan (rel nan/aus nan) · invento 0.0000 · 0.1 s/paso
  paso 20350 · perdida  0.4511 · GLOBAL 0.7500 · acierto 0.7500 · vigente 0.0000 · nose nan (rel nan/aus nan) · invento 0.0000 · 0.1 s/paso
  paso 20375 · perdida  1.1214 · GLOBAL 0.2500 · acierto 0.3333 · vigente 0.0000 · nose 0.0000 (rel 0.00/aus nan) · invento 1.0000 · 0.1 s/paso
  paso 20400 · perdida  0.8501 · GLOBAL 0.5000 · acierto 1.0000 · vigente nan · nose 0.3333 (rel 0.33/aus nan) · invento 0.6667 · 0.1 s/paso
  paso 20425 · perdida  0.8069 · GLOBAL 0.7500 · acierto 0.6667 · vigente 0.6667 · nose 1.0000 (rel nan/aus 1.00) · invento 0.0000 · 0.1 s/paso
  paso 20450 · perdida  0.1566 · GLOBAL 1.0000 · acierto 1.0000 · vigente nan · nose 1.0000 (rel 1.00/aus 1.00) · invento 0.0000 · 0.1 s/paso
  paso 20475 · perdida  0.6535 · GLOBAL 0.7500 · acierto 0.7500 · vigente 0.0000 · nose nan (rel nan/aus nan) · invento 0.0000 · 0.1 s/paso
  paso 20500 · perdida  1.0957 · GLOBAL 0.5000 · acierto 0.6667 · vigente 0.0000 · nose 0.0000 (rel 0.00/aus nan) · invento 1.0000 · 0.1 s/paso
  paso 20525 · perdida  0.4830 · GLOBAL 0.7500 · acierto 0.6667 · vigente 0.0000 · nose 1.0000 (rel nan/aus 1.00) · invento 0.0000 · 0.1 s/paso
  paso 20550 · perdida  0.5751 · GLOBAL 0.7500 · acierto 1.0000 · vigente 1.0000 · nose 0.6667 (rel 0.50/aus 1.00) · invento 0.3333 · 0.1 s/paso
  paso 20575 · perdida  1.3604 · GLOBAL 0.2500 · acierto 0.5000 · vigente 0.5000 · nose 0.0000 (rel nan/aus 0.00) · invento 1.0000 · 0.1 s/paso
  paso 20600 · perdida  0.2156 · GLOBAL 1.0000 · acierto 1.0000 · vigente nan · nose 1.0000 (rel 1.00/aus nan) · invento 0.0000 · 0.1 s/paso
  paso 20625 · perdida  0.7586 · GLOBAL 0.7500 · acierto 1.0000 · vigente 1.0000 · nose 0.6667 (rel nan/aus 0.67) · invento 0.3333 · 0.1 s/paso
  paso 20650 · perdida  0.2654 · GLOBAL 1.0000 · acierto 1.0000 · vigente nan · nose 1.0000 (rel 1.00/aus nan) · invento 0.0000 · 0.1 s/paso
  paso 20675 · perdida  0.3573 · GLOBAL 0.7500 · acierto 1.0000 · vigente nan · nose 0.5000 (rel 1.00/aus 0.00) · invento 0.5000 · 0.1 s/paso
  paso 20700 · perdida  0.5095 · GLOBAL 0.7500 · acierto 0.6667 · vigente 0.5000 · nose 1.0000 (rel nan/aus 1.00) · invento 0.0000 · 0.1 s/paso
  paso 20725 · perdida  0.1196 · GLOBAL 1.0000 · acierto 1.0000 · vigente nan · nose 1.0000 (rel 1.00/aus 1.00) · invento 0.0000 · 0.1 s/paso
  paso 20750 · perdida  1.1355 · GLOBAL 0.2500 · acierto 0.5000 · vigente 0.0000 · nose 0.0000 (rel 0.00/aus nan) · invento 1.0000 · 0.1 s/paso
  paso 20775 · perdida  0.2833 · GLOBAL 0.7500 · acierto 0.7500 · vigente 0.0000 · nose nan (rel nan/aus nan) · invento 0.0000 · 0.1 s/paso
  paso 20800 · perdida  0.9826 · GLOBAL 0.7500 · acierto 1.0000 · vigente nan · nose 0.5000 (rel 0.00/aus 1.00) · invento 0.5000 · 0.1 s/paso
  paso 20825 · perdida  1.1905 · GLOBAL 0.5000 · acierto 0.3333 · vigente 0.0000 · nose 1.0000 (rel nan/aus 1.00) · invento 0.0000 · 0.1 s/paso
  paso 20850 · perdida  0.0617 · GLOBAL 1.0000 · acierto 1.0000 · vigente nan · nose nan (rel nan/aus nan) · invento 0.0000 · 0.1 s/paso
  paso 20875 · perdida  0.2855 · GLOBAL 0.7500 · acierto 0.7500 · vigente 0.5000 · nose nan (rel nan/aus nan) · invento 0.0000 · 0.1 s/paso
  paso 20900 · perdida  0.2044 · GLOBAL 1.0000 · acierto 1.0000 · vigente 1.0000 · nose nan (rel nan/aus nan) · invento 0.0000 · 0.1 s/paso
  paso 20925 · perdida  0.7439 · GLOBAL 0.7500 · acierto 0.5000 · vigente 0.0000 · nose 1.0000 (rel 1.00/aus 1.00) · invento 0.0000 · 0.1 s/paso
  paso 20950 · perdida  0.8024 · GLOBAL 0.7500 · acierto 0.6667 · vigente 0.0000 · nose 1.0000 (rel nan/aus 1.00) · invento 0.0000 · 0.1 s/paso
  paso 20975 · perdida  0.7377 · GLOBAL 0.5000 · acierto 0.0000 · vigente 0.0000 · nose 0.6667 (rel 1.00/aus 0.00) · invento 0.3333 · 0.1 s/paso
  paso 21000 · perdida  0.5678 · GLOBAL 0.7500 · acierto 0.5000 · vigente 0.5000 · nose 1.0000 (rel 1.00/aus 1.00) · invento 0.0000 · 0.1 s/paso
  paso 21025 · perdida  0.8892 · GLOBAL 0.5000 · acierto 1.0000 · vigente nan · nose 0.3333 (rel 0.33/aus nan) · invento 0.6667 · 0.1 s/paso
  paso 21050 · perdida  0.2868 · GLOBAL 1.0000 · acierto 1.0000 · vigente 1.0000 · nose 1.0000 (rel 1.00/aus 1.00) · invento 0.0000 · 0.1 s/paso
  paso 21075 · perdida  1.6634 · GLOBAL 0.5000 · acierto 0.3333 · vigente 0.3333 · nose 1.0000 (rel 1.00/aus nan) · invento 0.0000 · 0.1 s/paso
  paso 21100 · perdida  0.5490 · GLOBAL 0.5000 · acierto 0.6667 · vigente nan · nose 0.0000 (rel 0.00/aus nan) · invento 1.0000 · 0.1 s/paso
  paso 21125 · perdida  0.7572 · GLOBAL 0.7500 · acierto 0.5000 · vigente 0.5000 · nose 1.0000 (rel nan/aus 1.00) · invento 0.0000 · 0.1 s/paso
  paso 21150 · perdida  0.6782 · GLOBAL 0.7500 · acierto 0.6667 · vigente 0.0000 · nose 1.0000 (rel 1.00/aus nan) · invento 0.0000 · 0.1 s/paso
  paso 21175 · perdida  0.3108 · GLOBAL 0.7500 · acierto 0.6667 · vigente 0.5000 · nose 1.0000 (rel nan/aus 1.00) · invento 0.0000 · 0.1 s/paso
  paso 21200 · perdida  0.4400 · GLOBAL 0.7500 · acierto 1.0000 · vigente 1.0000 · nose 0.5000 (rel 1.00/aus 0.00) · invento 0.5000 · 0.1 s/paso
  paso 21225 · perdida  0.4282 · GLOBAL 1.0000 · acierto 1.0000 · vigente 1.0000 · nose 1.0000 (rel 1.00/aus 1.00) · invento 0.0000 · 0.1 s/paso
  paso 21250 · perdida  0.6140 · GLOBAL 0.7500 · acierto nan · vigente nan · nose 0.7500 (rel 1.00/aus 0.67) · invento 0.2500 · 0.1 s/paso
  paso 21275 · perdida  0.9704 · GLOBAL 0.7500 · acierto 1.0000 · vigente 1.0000 · nose 0.5000 (rel 1.00/aus 0.00) · invento 0.5000 · 0.1 s/paso
  paso 21300 · perdida  0.6506 · GLOBAL 0.5000 · acierto 0.3333 · vigente nan · nose 1.0000 (rel 1.00/aus nan) · invento 0.0000 · 0.1 s/paso
  paso 21325 · perdida  0.6721 · GLOBAL 0.5000 · acierto 1.0000 · vigente 1.0000 · nose 0.0000 (rel 0.00/aus nan) · invento 1.0000 · 0.1 s/paso
  paso 21350 · perdida  0.5438 · GLOBAL 0.7500 · acierto 1.0000 · vigente 1.0000 · nose 0.5000 (rel 1.00/aus 0.00) · invento 0.5000 · 0.1 s/paso
  paso 21375 · perdida  0.6779 · GLOBAL 0.5000 · acierto 1.0000 · vigente 1.0000 · nose 0.0000 (rel nan/aus 0.00) · invento 1.0000 · 0.1 s/paso
  paso 21400 · perdida  1.1541 · GLOBAL 0.5000 · acierto 0.0000 · vigente 0.0000 · nose 1.0000 (rel nan/aus 1.00) · invento 0.0000 · 0.1 s/paso
  paso 21425 · perdida  0.5133 · GLOBAL 0.7500 · acierto 0.5000 · vigente 0.0000 · nose 1.0000 (rel 1.00/aus 1.00) · invento 0.0000 · 0.1 s/paso
  paso 21450 · perdida  0.1243 · GLOBAL 1.0000 · acierto nan · vigente nan · nose 1.0000 (rel 1.00/aus 1.00) · invento 0.0000 · 0.1 s/paso
  paso 21475 · perdida  0.2911 · GLOBAL 0.7500 · acierto 0.5000 · vigente 0.5000 · nose 1.0000 (rel 1.00/aus 1.00) · invento 0.0000 · 0.1 s/paso
  paso 21500 · perdida  1.2057 · GLOBAL 0.2500 · acierto 0.0000 · vigente 0.0000 · nose 1.0000 (rel 1.00/aus nan) · invento 0.0000 · 0.1 s/paso
  paso 21525 · perdida  0.3273 · GLOBAL 1.0000 · acierto 1.0000 · vigente nan · nose 1.0000 (rel 1.00/aus 1.00) · invento 0.0000 · 0.1 s/paso
  paso 21550 · perdida  0.1468 · GLOBAL 1.0000 · acierto 1.0000 · vigente 1.0000 · nose 1.0000 (rel nan/aus 1.00) · invento 0.0000 · 0.1 s/paso
  paso 21575 · perdida  0.4671 · GLOBAL 0.7500 · acierto 1.0000 · vigente nan · nose 0.6667 (rel 0.67/aus nan) · invento 0.3333 · 0.1 s/paso
  paso 21600 · perdida  0.4299 · GLOBAL 0.7500 · acierto 0.6667 · vigente 0.0000 · nose 1.0000 (rel 1.00/aus nan) · invento 0.0000 · 0.1 s/paso
  paso 21625 · perdida  0.1161 · GLOBAL 1.0000 · acierto 1.0000 · vigente nan · nose 1.0000 (rel 1.00/aus nan) · invento 0.0000 · 0.1 s/paso
  paso 21650 · perdida  1.7415 · GLOBAL 0.2500 · acierto 0.2500 · vigente 0.2500 · nose nan (rel nan/aus nan) · invento 0.0000 · 0.1 s/paso
  paso 21675 · perdida  0.1942 · GLOBAL 1.0000 · acierto 1.0000 · vigente 1.0000 · nose nan (rel nan/aus nan) · invento 0.0000 · 0.1 s/paso
  paso 21700 · perdida  0.1967 · GLOBAL 1.0000 · acierto 1.0000 · vigente nan · nose 1.0000 (rel 1.00/aus 1.00) · invento 0.0000 · 0.1 s/paso
  paso 21725 · perdida  0.4272 · GLOBAL 1.0000 · acierto 1.0000 · vigente 1.0000 · nose 1.0000 (rel 1.00/aus 1.00) · invento 0.0000 · 0.1 s/paso
  paso 21750 · perdida  0.1815 · GLOBAL 1.0000 · acierto 1.0000 · vigente nan · nose 1.0000 (rel 1.00/aus 1.00) · invento 0.0000 · 0.1 s/paso
  paso 21775 · perdida  0.4638 · GLOBAL 0.7500 · acierto 1.0000 · vigente 1.0000 · nose 0.5000 (rel 0.00/aus 1.00) · invento 0.5000 · 0.1 s/paso
  paso 21800 · perdida  0.2854 · GLOBAL 0.7500 · acierto 1.0000 · vigente nan · nose 0.6667 (rel 0.00/aus 1.00) · invento 0.3333 · 0.1 s/paso
  paso 21825 · perdida  1.2630 · GLOBAL 0.2500 · acierto 0.3333 · vigente 0.5000 · nose 0.0000 (rel nan/aus 0.00) · invento 1.0000 · 0.1 s/paso
  paso 21850 · perdida  0.1686 · GLOBAL 1.0000 · acierto 1.0000 · vigente 1.0000 · nose 1.0000 (rel nan/aus 1.00) · invento 0.0000 · 0.1 s/paso
  paso 21875 · perdida  0.4112 · GLOBAL 0.7500 · acierto 0.6667 · vigente 0.5000 · nose 1.0000 (rel nan/aus 1.00) · invento 0.0000 · 0.1 s/paso
  paso 21900 · perdida  0.6031 · GLOBAL 0.7500 · acierto 0.6667 · vigente nan · nose 1.0000 (rel 1.00/aus nan) · invento 0.0000 · 0.1 s/paso
  paso 21925 · perdida  0.7811 · GLOBAL 0.5000 · acierto 0.5000 · vigente 0.5000 · nose nan (rel nan/aus nan) · invento 0.0000 · 0.1 s/paso
  paso 21950 · perdida  0.5539 · GLOBAL 0.5000 · acierto 0.5000 · vigente 1.0000 · nose 0.5000 (rel 0.00/aus 1.00) · invento 0.5000 · 0.1 s/paso
  paso 21975 · perdida  0.4146 · GLOBAL 0.7500 · acierto 0.5000 · vigente 0.0000 · nose 1.0000 (rel 1.00/aus 1.00) · invento 0.0000 · 0.1 s/paso
  paso 22000 · perdida  0.3016 · GLOBAL 0.7500 · acierto 0.7500 · vigente 0.0000 · nose nan (rel nan/aus nan) · invento 0.0000 · 0.1 s/paso

  CONTROLES sobre el ultimo lote:
    con archivo        GLOBAL 0.7500 · acierto 0.7500 · vigente 0.0000 · nose nan · invento 0.0000
    BARAJADO           GLOBAL 0.0000 · acierto 0.0000 · vigente 0.0000 · nose nan · invento 0.0000
    VACIO (ceros)      GLOBAL 0.0000 · acierto 0.0000 · vigente 0.0000 · nose nan · invento 0.0000
    lectura APAGADA    GLOBAL 0.0000 · acierto 0.0000 · vigente 0.0000 · nose nan · invento 0.0000

    BARAJADO alto = no lee el archivo · VACIO alto = contesta desde el preentrenamiento
    (VACIO es el control que pedia el plan por vocabulario abierto)

  EVALUACION FINAL sobre 512 muestras frescas (los cuatro brazos, mismas muestras):
    con archivo        GLOBAL 0.6777 · acierto 0.8452 · vigente 0.6718 · nose 0.4208 (rel 0.4600/aus 0.3824) · invento 0.5792 · n 512 {'una': 179, 'dos': 131, 'nose_rel': 100, 'nose_aus': 102}
    BARAJADO           GLOBAL 0.2070 · acierto 0.0613 · vigente 0.0763 · nose 0.4307 (rel 0.4700/aus 0.3922) · invento 0.5693 · n 512 {'una': 179, 'dos': 131, 'nose_rel': 100, 'nose_aus': 102}
    VACIO (ceros)      GLOBAL 0.0000 · acierto 0.0000 · vigente 0.0000 · nose 0.0000 (rel 0.0000/aus 0.0000) · invento 0.0000 · n 512 {'una': 179, 'dos': 131, 'nose_rel': 100, 'nose_aus': 102}
    lectura APAGADA    GLOBAL 0.0000 · acierto 0.0000 · vigente 0.0000 · nose 0.0000 (rel 0.0000/aus 0.0000) · invento 0.0000 · n 512 {'una': 179, 'dos': 131, 'nose_rel': 100, 'nose_aus': 102}

  escrito /content/banco_abstlargo_s2.json

listo en 56.8 min
