Warning: You are sending unauthenticated requests to the HF Hub. Please set a HF_TOKEN to enable higher rate limits and faster downloads.
Loading weights:   0%|          | 0/201 [00:00<?, ?it/s]Loading weights:   0%|          | 1/201 [00:00<00:47,  4.20it/s]Loading weights:   7%|▋         | 15/201 [00:00<00:03, 53.43it/s]Loading weights:  15%|█▌        | 31/201 [00:00<00:01, 89.09it/s]Loading weights:  21%|██▏       | 43/201 [00:00<00:01, 91.75it/s]Loading weights:  29%|██▉       | 58/201 [00:00<00:01, 99.40it/s]Loading weights:  34%|███▍      | 69/201 [00:00<00:01, 94.42it/s]Loading weights:  43%|████▎     | 86/201 [00:00<00:01, 107.87it/s]Loading weights:  50%|████▉     | 100/201 [00:01<00:00, 116.37it/s]Loading weights:  56%|█████▌    | 113/201 [00:01<00:00, 107.05it/s]Loading weights:  62%|██████▏   | 125/201 [00:01<00:00, 110.15it/s]Loading weights:  69%|██████▉   | 139/201 [00:01<00:00, 110.78it/s]Loading weights:  75%|███████▌  | 151/201 [00:01<00:00, 98.40it/s] Loading weights:  83%|████████▎ | 166/201 [00:01<00:00, 110.31it/s]Loading weights:  89%|████████▊ | 178/201 [00:01<00:00, 105.35it/s]Loading weights:  94%|█████████▍| 189/201 [00:01<00:00, 105.76it/s]Loading weights: 100%|██████████| 201/201 [00:02<00:00, 99.99it/s] 
DENSO · atencion completa en las 22 capas · sin conv corta
TinyLlama/TinyLlama-1.1B-Chat-v1.0 · 1.10 B CONGELADOS · entrenables 2.10 M (0.191 %) · rango 256 · cuda
escritura capa 11 · lectura capa 2 · 8 entidades · 8 valores · 1 relaciones · batch 4 · archivo 4 · 22 bloques
abstencion 'None' -> 6213 · piso trivial de responder al azar 1/8 = 0.1250
PISO DEL MUDO: abstenerse SIEMPRE da GLOBAL 0.0000. Por debajo de eso el modelo es peor que el silencio.
  paso    1 · perdida  6.9763 · GLOBAL 0.0000 · acierto 0.0000 · vigente 0.0000 · nose nan (rel nan/aus nan) · invento 0.0000 · 1.4 s/paso
  paso   25 · perdida  2.1867 · GLOBAL 0.0000 · acierto 0.0000 · vigente 0.0000 · nose nan (rel nan/aus nan) · invento 0.0000 · 0.2 s/paso
  paso   50 · perdida  1.2917 · GLOBAL 0.5000 · acierto 0.5000 · vigente 0.5000 · nose nan (rel nan/aus nan) · invento 0.0000 · 0.2 s/paso
  paso   75 · perdida  2.2364 · GLOBAL 0.0000 · acierto 0.0000 · vigente 0.0000 · nose nan (rel nan/aus nan) · invento 0.0000 · 0.2 s/paso
  paso  100 · perdida  1.8637 · GLOBAL 0.0000 · acierto 0.0000 · vigente 0.0000 · nose nan (rel nan/aus nan) · invento 0.0000 · 0.2 s/paso
  paso  125 · perdida  2.5275 · GLOBAL 0.2500 · acierto 0.2500 · vigente 0.2500 · nose nan (rel nan/aus nan) · invento 0.0000 · 0.2 s/paso
  paso  150 · perdida  2.4180 · GLOBAL 0.0000 · acierto 0.0000 · vigente 0.0000 · nose nan (rel nan/aus nan) · invento 0.0000 · 0.2 s/paso
  paso  175 · perdida  2.1212 · GLOBAL 0.2500 · acierto 0.2500 · vigente 0.2500 · nose nan (rel nan/aus nan) · invento 0.0000 · 0.2 s/paso
  paso  200 · perdida  2.6538 · GLOBAL 0.0000 · acierto 0.0000 · vigente 0.0000 · nose nan (rel nan/aus nan) · invento 0.0000 · 0.2 s/paso
  paso  225 · perdida  2.1936 · GLOBAL 0.2500 · acierto 0.2500 · vigente 0.2500 · nose nan (rel nan/aus nan) · invento 0.0000 · 0.2 s/paso
  paso  250 · perdida  2.0629 · GLOBAL 0.2500 · acierto 0.2500 · vigente 0.2500 · nose nan (rel nan/aus nan) · invento 0.0000 · 0.2 s/paso
  paso  275 · perdida  3.8902 · GLOBAL 0.0000 · acierto 0.0000 · vigente 0.0000 · nose nan (rel nan/aus nan) · invento 0.0000 · 0.2 s/paso
  paso  300 · perdida  2.4545 · GLOBAL 0.0000 · acierto 0.0000 · vigente 0.0000 · nose nan (rel nan/aus nan) · invento 0.0000 · 0.2 s/paso
  paso  325 · perdida  2.2251 · GLOBAL 0.0000 · acierto 0.0000 · vigente 0.0000 · nose nan (rel nan/aus nan) · invento 0.0000 · 0.2 s/paso
  paso  350 · perdida  2.3627 · GLOBAL 0.0000 · acierto 0.0000 · vigente 0.0000 · nose nan (rel nan/aus nan) · invento 0.0000 · 0.2 s/paso
  paso  375 · perdida  2.1258 · GLOBAL 0.0000 · acierto 0.0000 · vigente 0.0000 · nose nan (rel nan/aus nan) · invento 0.0000 · 0.2 s/paso
  paso  400 · perdida  2.4603 · GLOBAL 0.0000 · acierto 0.0000 · vigente 0.0000 · nose nan (rel nan/aus nan) · invento 0.0000 · 0.1 s/paso
  paso  425 · perdida  1.5148 · GLOBAL 0.5000 · acierto 0.5000 · vigente 0.5000 · nose nan (rel nan/aus nan) · invento 0.0000 · 0.2 s/paso
  paso  450 · perdida  2.0827 · GLOBAL 0.2500 · acierto 0.2500 · vigente 0.2500 · nose nan (rel nan/aus nan) · invento 0.0000 · 0.2 s/paso
  paso  475 · perdida  3.2440 · GLOBAL 0.0000 · acierto 0.0000 · vigente 0.0000 · nose nan (rel nan/aus nan) · invento 0.0000 · 0.1 s/paso
  paso  500 · perdida  2.0051 · GLOBAL 0.0000 · acierto 0.0000 · vigente 0.0000 · nose nan (rel nan/aus nan) · invento 0.0000 · 0.1 s/paso
  paso  525 · perdida  1.7481 · GLOBAL 0.0000 · acierto 0.0000 · vigente 0.0000 · nose nan (rel nan/aus nan) · invento 0.0000 · 0.2 s/paso
  paso  550 · perdida  2.0039 · GLOBAL 0.0000 · acierto 0.0000 · vigente 0.0000 · nose nan (rel nan/aus nan) · invento 0.0000 · 0.2 s/paso
  paso  575 · perdida  3.6695 · GLOBAL 0.0000 · acierto 0.0000 · vigente 0.0000 · nose nan (rel nan/aus nan) · invento 0.0000 · 0.2 s/paso
  paso  600 · perdida  2.2408 · GLOBAL 0.2500 · acierto 0.2500 · vigente 0.2500 · nose nan (rel nan/aus nan) · invento 0.0000 · 0.2 s/paso
  paso  625 · perdida  1.3653 · GLOBAL 0.7500 · acierto 0.7500 · vigente 0.7500 · nose nan (rel nan/aus nan) · invento 0.0000 · 0.2 s/paso
  paso  650 · perdida  1.9161 · GLOBAL 0.2500 · acierto 0.2500 · vigente 0.2500 · nose nan (rel nan/aus nan) · invento 0.0000 · 0.2 s/paso
  paso  675 · perdida  2.6179 · GLOBAL 0.0000 · acierto 0.0000 · vigente 0.0000 · nose nan (rel nan/aus nan) · invento 0.0000 · 0.2 s/paso
  paso  700 · perdida  1.3992 · GLOBAL 0.2500 · acierto 0.2500 · vigente 0.2500 · nose nan (rel nan/aus nan) · invento 0.0000 · 0.2 s/paso
  paso  725 · perdida  1.8864 · GLOBAL 0.0000 · acierto 0.0000 · vigente 0.0000 · nose nan (rel nan/aus nan) · invento 0.0000 · 0.2 s/paso
  paso  750 · perdida  2.0473 · GLOBAL 0.2500 · acierto 0.2500 · vigente 0.2500 · nose nan (rel nan/aus nan) · invento 0.0000 · 0.2 s/paso
  paso  775 · perdida  2.0972 · GLOBAL 0.2500 · acierto 0.2500 · vigente 0.2500 · nose nan (rel nan/aus nan) · invento 0.0000 · 0.2 s/paso
  paso  800 · perdida  2.9785 · GLOBAL 0.0000 · acierto 0.0000 · vigente 0.0000 · nose nan (rel nan/aus nan) · invento 0.0000 · 0.2 s/paso
  paso  825 · perdida  1.4363 · GLOBAL 0.5000 · acierto 0.5000 · vigente 0.5000 · nose nan (rel nan/aus nan) · invento 0.0000 · 0.2 s/paso
  paso  850 · perdida  1.8493 · GLOBAL 0.2500 · acierto 0.2500 · vigente 0.2500 · nose nan (rel nan/aus nan) · invento 0.0000 · 0.2 s/paso
  paso  875 · perdida  2.2291 · GLOBAL 0.0000 · acierto 0.0000 · vigente 0.0000 · nose nan (rel nan/aus nan) · invento 0.0000 · 0.2 s/paso
  paso  900 · perdida  2.1035 · GLOBAL 0.2500 · acierto 0.2500 · vigente 0.2500 · nose nan (rel nan/aus nan) · invento 0.0000 · 0.2 s/paso
  paso  925 · perdida  2.4548 · GLOBAL 0.0000 · acierto 0.0000 · vigente 0.0000 · nose nan (rel nan/aus nan) · invento 0.0000 · 0.2 s/paso
  paso  950 · perdida  2.0897 · GLOBAL 0.5000 · acierto 0.5000 · vigente 0.5000 · nose nan (rel nan/aus nan) · invento 0.0000 · 0.2 s/paso
  paso  975 · perdida  1.9829 · GLOBAL 0.2500 · acierto 0.2500 · vigente 0.2500 · nose nan (rel nan/aus nan) · invento 0.0000 · 0.2 s/paso
  paso 1000 · perdida  2.2914 · GLOBAL 0.0000 · acierto 0.0000 · vigente 0.0000 · nose nan (rel nan/aus nan) · invento 0.0000 · 0.2 s/paso
  paso 1025 · perdida  1.3812 · GLOBAL 0.5000 · acierto 0.5000 · vigente 0.5000 · nose nan (rel nan/aus nan) · invento 0.0000 · 0.2 s/paso
  paso 1050 · perdida  2.6031 · GLOBAL 0.2500 · acierto 0.2500 · vigente 0.2500 · nose nan (rel nan/aus nan) · invento 0.0000 · 0.2 s/paso
  paso 1075 · perdida  1.8494 · GLOBAL 0.2500 · acierto 0.2500 · vigente 0.2500 · nose nan (rel nan/aus nan) · invento 0.0000 · 0.2 s/paso
  paso 1100 · perdida  1.4574 · GLOBAL 0.2500 · acierto 0.2500 · vigente 0.2500 · nose nan (rel nan/aus nan) · invento 0.0000 · 0.2 s/paso
  paso 1125 · perdida  2.4765 · GLOBAL 0.2500 · acierto 0.2500 · vigente 0.2500 · nose nan (rel nan/aus nan) · invento 0.0000 · 0.2 s/paso
  paso 1150 · perdida  1.5229 · GLOBAL 0.5000 · acierto 0.5000 · vigente 0.5000 · nose nan (rel nan/aus nan) · invento 0.0000 · 0.2 s/paso
  paso 1175 · perdida  2.0470 · GLOBAL 0.0000 · acierto 0.0000 · vigente 0.0000 · nose nan (rel nan/aus nan) · invento 0.0000 · 0.2 s/paso
  paso 1200 · perdida  2.0233 · GLOBAL 0.2500 · acierto 0.2500 · vigente 0.2500 · nose nan (rel nan/aus nan) · invento 0.0000 · 0.2 s/paso
  paso 1225 · perdida  1.8749 · GLOBAL 0.5000 · acierto 0.5000 · vigente 0.5000 · nose nan (rel nan/aus nan) · invento 0.0000 · 0.2 s/paso
  paso 1250 · perdida  1.9295 · GLOBAL 0.2500 · acierto 0.2500 · vigente 0.2500 · nose nan (rel nan/aus nan) · invento 0.0000 · 0.2 s/paso
  paso 1275 · perdida  1.9535 · GLOBAL 0.2500 · acierto 0.2500 · vigente 0.2500 · nose nan (rel nan/aus nan) · invento 0.0000 · 0.2 s/paso
  paso 1300 · perdida  2.6381 · GLOBAL 0.0000 · acierto 0.0000 · vigente 0.0000 · nose nan (rel nan/aus nan) · invento 0.0000 · 0.2 s/paso
  paso 1325 · perdida  2.0804 · GLOBAL 0.0000 · acierto 0.0000 · vigente 0.0000 · nose nan (rel nan/aus nan) · invento 0.0000 · 0.2 s/paso
  paso 1350 · perdida  1.7415 · GLOBAL 0.5000 · acierto 0.5000 · vigente 0.5000 · nose nan (rel nan/aus nan) · invento 0.0000 · 0.2 s/paso
  paso 1375 · perdida  2.3474 · GLOBAL 0.2500 · acierto 0.2500 · vigente 0.2500 · nose nan (rel nan/aus nan) · invento 0.0000 · 0.2 s/paso
  paso 1400 · perdida  1.6602 · GLOBAL 0.0000 · acierto 0.0000 · vigente 0.0000 · nose nan (rel nan/aus nan) · invento 0.0000 · 0.2 s/paso
  paso 1425 · perdida  1.9309 · GLOBAL 0.2500 · acierto 0.2500 · vigente 0.2500 · nose nan (rel nan/aus nan) · invento 0.0000 · 0.2 s/paso
  paso 1450 · perdida  1.6667 · GLOBAL 0.5000 · acierto 0.5000 · vigente 0.5000 · nose nan (rel nan/aus nan) · invento 0.0000 · 0.2 s/paso
  paso 1475 · perdida  1.6235 · GLOBAL 0.5000 · acierto 0.5000 · vigente 0.5000 · nose nan (rel nan/aus nan) · invento 0.0000 · 0.2 s/paso
  paso 1500 · perdida  2.7560 · GLOBAL 0.0000 · acierto 0.0000 · vigente 0.0000 · nose nan (rel nan/aus nan) · invento 0.0000 · 0.2 s/paso
  paso 1525 · perdida  1.9410 · GLOBAL 0.5000 · acierto 0.5000 · vigente 0.5000 · nose nan (rel nan/aus nan) · invento 0.0000 · 0.2 s/paso
  paso 1550 · perdida  1.7862 · GLOBAL 0.2500 · acierto 0.2500 · vigente 0.2500 · nose nan (rel nan/aus nan) · invento 0.0000 · 0.2 s/paso
  paso 1575 · perdida  1.5652 · GLOBAL 0.2500 · acierto 0.2500 · vigente 0.2500 · nose nan (rel nan/aus nan) · invento 0.0000 · 0.2 s/paso
  paso 1600 · perdida  2.3152 · GLOBAL 0.2500 · acierto 0.2500 · vigente 0.2500 · nose nan (rel nan/aus nan) · invento 0.0000 · 0.2 s/paso
  paso 1625 · perdida  1.5887 · GLOBAL 0.2500 · acierto 0.2500 · vigente 0.2500 · nose nan (rel nan/aus nan) · invento 0.0000 · 0.2 s/paso
  paso 1650 · perdida  1.2240 · GLOBAL 0.7500 · acierto 0.7500 · vigente 0.7500 · nose nan (rel nan/aus nan) · invento 0.0000 · 0.2 s/paso
  paso 1675 · perdida  1.3387 · GLOBAL 0.5000 · acierto 0.5000 · vigente 0.5000 · nose nan (rel nan/aus nan) · invento 0.0000 · 0.2 s/paso
  paso 1700 · perdida  1.5673 · GLOBAL 0.2500 · acierto 0.2500 · vigente 0.2500 · nose nan (rel nan/aus nan) · invento 0.0000 · 0.2 s/paso
  paso 1725 · perdida  2.0187 · GLOBAL 0.2500 · acierto 0.2500 · vigente 0.2500 · nose nan (rel nan/aus nan) · invento 0.0000 · 0.2 s/paso
  paso 1750 · perdida  2.0981 · GLOBAL 0.2500 · acierto 0.2500 · vigente 0.2500 · nose nan (rel nan/aus nan) · invento 0.0000 · 0.2 s/paso
  paso 1775 · perdida  1.9172 · GLOBAL 0.2500 · acierto 0.2500 · vigente 0.2500 · nose nan (rel nan/aus nan) · invento 0.0000 · 0.2 s/paso
  paso 1800 · perdida  1.2196 · GLOBAL 0.5000 · acierto 0.5000 · vigente 0.5000 · nose nan (rel nan/aus nan) · invento 0.0000 · 0.2 s/paso
  paso 1825 · perdida  1.8004 · GLOBAL 0.2500 · acierto 0.2500 · vigente 0.2500 · nose nan (rel nan/aus nan) · invento 0.0000 · 0.2 s/paso
  paso 1850 · perdida  2.3890 · GLOBAL 0.0000 · acierto 0.0000 · vigente 0.0000 · nose nan (rel nan/aus nan) · invento 0.0000 · 0.2 s/paso
  paso 1875 · perdida  1.5936 · GLOBAL 0.2500 · acierto 0.2500 · vigente 0.2500 · nose nan (rel nan/aus nan) · invento 0.0000 · 0.2 s/paso
  paso 1900 · perdida  1.5026 · GLOBAL 0.2500 · acierto 0.2500 · vigente 0.2500 · nose nan (rel nan/aus nan) · invento 0.0000 · 0.2 s/paso
  paso 1925 · perdida  1.5643 · GLOBAL 0.5000 · acierto 0.5000 · vigente 0.5000 · nose nan (rel nan/aus nan) · invento 0.0000 · 0.2 s/paso
  paso 1950 · perdida  1.1112 · GLOBAL 0.5000 · acierto 0.5000 · vigente 0.5000 · nose nan (rel nan/aus nan) · invento 0.0000 · 0.2 s/paso
  paso 1975 · perdida  3.3824 · GLOBAL 0.0000 · acierto 0.0000 · vigente 0.0000 · nose nan (rel nan/aus nan) · invento 0.0000 · 0.2 s/paso
  paso 2000 · perdida  1.9496 · GLOBAL 0.2500 · acierto 0.2500 · vigente 0.2500 · nose nan (rel nan/aus nan) · invento 0.0000 · 0.2 s/paso
  paso 2025 · perdida  1.9558 · GLOBAL 0.5000 · acierto 0.5000 · vigente 0.5000 · nose nan (rel nan/aus nan) · invento 0.0000 · 0.2 s/paso
  paso 2050 · perdida  1.4809 · GLOBAL 0.5000 · acierto 0.5000 · vigente 0.5000 · nose nan (rel nan/aus nan) · invento 0.0000 · 0.2 s/paso
  paso 2075 · perdida  1.8925 · GLOBAL 0.2500 · acierto 0.2500 · vigente 0.2500 · nose nan (rel nan/aus nan) · invento 0.0000 · 0.2 s/paso
  paso 2100 · perdida  1.6252 · GLOBAL 0.2500 · acierto 0.2500 · vigente 0.2500 · nose nan (rel nan/aus nan) · invento 0.0000 · 0.2 s/paso
  paso 2125 · perdida  2.2768 · GLOBAL 0.0000 · acierto 0.0000 · vigente 0.0000 · nose nan (rel nan/aus nan) · invento 0.0000 · 0.2 s/paso
  paso 2150 · perdida  1.3430 · GLOBAL 0.5000 · acierto 0.5000 · vigente 0.5000 · nose nan (rel nan/aus nan) · invento 0.0000 · 0.2 s/paso
  paso 2175 · perdida  1.2780 · GLOBAL 0.2500 · acierto 0.2500 · vigente 0.2500 · nose nan (rel nan/aus nan) · invento 0.0000 · 0.2 s/paso
  paso 2200 · perdida  1.6802 · GLOBAL 0.5000 · acierto 0.5000 · vigente 0.5000 · nose nan (rel nan/aus nan) · invento 0.0000 · 0.2 s/paso
  paso 2225 · perdida  1.4325 · GLOBAL 0.5000 · acierto 0.5000 · vigente 0.5000 · nose nan (rel nan/aus nan) · invento 0.0000 · 0.2 s/paso
  paso 2250 · perdida  1.1485 · GLOBAL 0.7500 · acierto 0.7500 · vigente 0.7500 · nose nan (rel nan/aus nan) · invento 0.0000 · 0.2 s/paso
  paso 2275 · perdida  1.2931 · GLOBAL 0.5000 · acierto 0.5000 · vigente 0.5000 · nose nan (rel nan/aus nan) · invento 0.0000 · 0.2 s/paso
  paso 2300 · perdida  2.7242 · GLOBAL 0.0000 · acierto 0.0000 · vigente 0.0000 · nose nan (rel nan/aus nan) · invento 0.0000 · 0.2 s/paso
  paso 2325 · perdida  1.5413 · GLOBAL 0.5000 · acierto 0.5000 · vigente 0.5000 · nose nan (rel nan/aus nan) · invento 0.0000 · 0.2 s/paso
  paso 2350 · perdida  2.2323 · GLOBAL 0.0000 · acierto 0.0000 · vigente 0.0000 · nose nan (rel nan/aus nan) · invento 0.0000 · 0.2 s/paso
  paso 2375 · perdida  2.2756 · GLOBAL 0.2500 · acierto 0.2500 · vigente 0.2500 · nose nan (rel nan/aus nan) · invento 0.0000 · 0.2 s/paso
  paso 2400 · perdida  2.2372 · GLOBAL 0.2500 · acierto 0.2500 · vigente 0.2500 · nose nan (rel nan/aus nan) · invento 0.0000 · 0.2 s/paso
  paso 2425 · perdida  2.2479 · GLOBAL 0.0000 · acierto 0.0000 · vigente 0.0000 · nose nan (rel nan/aus nan) · invento 0.0000 · 0.2 s/paso
  paso 2450 · perdida  1.9684 · GLOBAL 0.0000 · acierto 0.0000 · vigente 0.0000 · nose nan (rel nan/aus nan) · invento 0.0000 · 0.2 s/paso
  paso 2475 · perdida  1.7446 · GLOBAL 0.7500 · acierto 0.7500 · vigente 0.7500 · nose nan (rel nan/aus nan) · invento 0.0000 · 0.2 s/paso
  paso 2500 · perdida  2.1433 · GLOBAL 0.2500 · acierto 0.2500 · vigente 0.2500 · nose nan (rel nan/aus nan) · invento 0.0000 · 0.2 s/paso
  paso 2525 · perdida  2.7481 · GLOBAL 0.0000 · acierto 0.0000 · vigente 0.0000 · nose nan (rel nan/aus nan) · invento 0.0000 · 0.2 s/paso
  paso 2550 · perdida  1.4029 · GLOBAL 0.7500 · acierto 0.7500 · vigente 0.7500 · nose nan (rel nan/aus nan) · invento 0.0000 · 0.2 s/paso
  paso 2575 · perdida  1.6260 · GLOBAL 0.5000 · acierto 0.5000 · vigente 0.5000 · nose nan (rel nan/aus nan) · invento 0.0000 · 0.2 s/paso
  paso 2600 · perdida  2.4514 · GLOBAL 0.0000 · acierto 0.0000 · vigente 0.0000 · nose nan (rel nan/aus nan) · invento 0.0000 · 0.2 s/paso
  paso 2625 · perdida  1.1950 · GLOBAL 0.5000 · acierto 0.5000 · vigente 0.5000 · nose nan (rel nan/aus nan) · invento 0.0000 · 0.2 s/paso
  paso 2650 · perdida  0.6399 · GLOBAL 0.7500 · acierto 0.7500 · vigente 0.7500 · nose nan (rel nan/aus nan) · invento 0.0000 · 0.2 s/paso
  paso 2675 · perdida  2.4613 · GLOBAL 0.2500 · acierto 0.2500 · vigente 0.2500 · nose nan (rel nan/aus nan) · invento 0.0000 · 0.2 s/paso
  paso 2700 · perdida  1.4918 · GLOBAL 0.2500 · acierto 0.2500 · vigente 0.2500 · nose nan (rel nan/aus nan) · invento 0.0000 · 0.2 s/paso
  paso 2725 · perdida  1.5931 · GLOBAL 0.7500 · acierto 0.7500 · vigente 0.7500 · nose nan (rel nan/aus nan) · invento 0.0000 · 0.2 s/paso
  paso 2750 · perdida  1.5796 · GLOBAL 0.5000 · acierto 0.5000 · vigente 0.5000 · nose nan (rel nan/aus nan) · invento 0.0000 · 0.2 s/paso
  paso 2775 · perdida  1.1844 · GLOBAL 0.7500 · acierto 0.7500 · vigente 0.7500 · nose nan (rel nan/aus nan) · invento 0.0000 · 0.2 s/paso
  paso 2800 · perdida  1.1974 · GLOBAL 0.5000 · acierto 0.5000 · vigente 0.5000 · nose nan (rel nan/aus nan) · invento 0.0000 · 0.2 s/paso
  paso 2825 · perdida  2.1802 · GLOBAL 0.0000 · acierto 0.0000 · vigente 0.0000 · nose nan (rel nan/aus nan) · invento 0.0000 · 0.2 s/paso
  paso 2850 · perdida  1.3588 · GLOBAL 0.5000 · acierto 0.5000 · vigente 0.5000 · nose nan (rel nan/aus nan) · invento 0.0000 · 0.2 s/paso
  paso 2875 · perdida  1.5193 · GLOBAL 0.2500 · acierto 0.2500 · vigente 0.2500 · nose nan (rel nan/aus nan) · invento 0.0000 · 0.2 s/paso
  paso 2900 · perdida  1.6382 · GLOBAL 0.2500 · acierto 0.2500 · vigente 0.2500 · nose nan (rel nan/aus nan) · invento 0.0000 · 0.2 s/paso
  paso 2925 · perdida  1.2652 · GLOBAL 0.5000 · acierto 0.5000 · vigente 0.5000 · nose nan (rel nan/aus nan) · invento 0.0000 · 0.2 s/paso
  paso 2950 · perdida  1.1930 · GLOBAL 0.7500 · acierto 0.7500 · vigente 0.7500 · nose nan (rel nan/aus nan) · invento 0.0000 · 0.2 s/paso
  paso 2975 · perdida  1.8667 · GLOBAL 0.0000 · acierto 0.0000 · vigente 0.0000 · nose nan (rel nan/aus nan) · invento 0.0000 · 0.2 s/paso
  paso 3000 · perdida  1.9190 · GLOBAL 0.2500 · acierto 0.2500 · vigente 0.2500 · nose nan (rel nan/aus nan) · invento 0.0000 · 0.2 s/paso
  paso 3025 · perdida  2.0651 · GLOBAL 0.0000 · acierto 0.0000 · vigente 0.0000 · nose nan (rel nan/aus nan) · invento 0.0000 · 0.2 s/paso
  paso 3050 · perdida  0.9599 · GLOBAL 0.5000 · acierto 0.5000 · vigente 0.5000 · nose nan (rel nan/aus nan) · invento 0.0000 · 0.2 s/paso
  paso 3075 · perdida  2.1112 · GLOBAL 0.2500 · acierto 0.2500 · vigente 0.2500 · nose nan (rel nan/aus nan) · invento 0.0000 · 0.2 s/paso
  paso 3100 · perdida  1.2417 · GLOBAL 0.2500 · acierto 0.2500 · vigente 0.2500 · nose nan (rel nan/aus nan) · invento 0.0000 · 0.2 s/paso
  paso 3125 · perdida  0.9160 · GLOBAL 0.7500 · acierto 0.7500 · vigente 0.7500 · nose nan (rel nan/aus nan) · invento 0.0000 · 0.2 s/paso
  paso 3150 · perdida  1.9192 · GLOBAL 0.2500 · acierto 0.2500 · vigente 0.2500 · nose nan (rel nan/aus nan) · invento 0.0000 · 0.2 s/paso
  paso 3175 · perdida  1.7624 · GLOBAL 0.2500 · acierto 0.2500 · vigente 0.2500 · nose nan (rel nan/aus nan) · invento 0.0000 · 0.2 s/paso
  paso 3200 · perdida  1.2741 · GLOBAL 0.2500 · acierto 0.2500 · vigente 0.2500 · nose nan (rel nan/aus nan) · invento 0.0000 · 0.2 s/paso
  paso 3225 · perdida  0.8920 · GLOBAL 0.5000 · acierto 0.5000 · vigente 0.5000 · nose nan (rel nan/aus nan) · invento 0.0000 · 0.2 s/paso
  paso 3250 · perdida  1.2560 · GLOBAL 0.5000 · acierto 0.5000 · vigente 0.5000 · nose nan (rel nan/aus nan) · invento 0.0000 · 0.2 s/paso
  paso 3275 · perdida  1.5451 · GLOBAL 0.2500 · acierto 0.2500 · vigente 0.2500 · nose nan (rel nan/aus nan) · invento 0.0000 · 0.2 s/paso
  paso 3300 · perdida  1.1790 · GLOBAL 0.5000 · acierto 0.5000 · vigente 0.5000 · nose nan (rel nan/aus nan) · invento 0.0000 · 0.2 s/paso
  paso 3325 · perdida  1.6517 · GLOBAL 0.2500 · acierto 0.2500 · vigente 0.2500 · nose nan (rel nan/aus nan) · invento 0.0000 · 0.2 s/paso
  paso 3350 · perdida  1.5680 · GLOBAL 0.5000 · acierto 0.5000 · vigente 0.5000 · nose nan (rel nan/aus nan) · invento 0.0000 · 0.2 s/paso
  paso 3375 · perdida  2.3013 · GLOBAL 0.0000 · acierto 0.0000 · vigente 0.0000 · nose nan (rel nan/aus nan) · invento 0.0000 · 0.2 s/paso
  paso 3400 · perdida  0.9798 · GLOBAL 0.5000 · acierto 0.5000 · vigente 0.5000 · nose nan (rel nan/aus nan) · invento 0.0000 · 0.2 s/paso
  paso 3425 · perdida  2.2860 · GLOBAL 0.0000 · acierto 0.0000 · vigente 0.0000 · nose nan (rel nan/aus nan) · invento 0.0000 · 0.2 s/paso
  paso 3450 · perdida  0.9638 · GLOBAL 0.7500 · acierto 0.7500 · vigente 0.7500 · nose nan (rel nan/aus nan) · invento 0.0000 · 0.2 s/paso
  paso 3475 · perdida  1.9856 · GLOBAL 0.2500 · acierto 0.2500 · vigente 0.2500 · nose nan (rel nan/aus nan) · invento 0.0000 · 0.2 s/paso
  paso 3500 · perdida  0.7722 · GLOBAL 1.0000 · acierto 1.0000 · vigente 1.0000 · nose nan (rel nan/aus nan) · invento 0.0000 · 0.2 s/paso
  paso 3525 · perdida  1.2313 · GLOBAL 0.2500 · acierto 0.2500 · vigente 0.2500 · nose nan (rel nan/aus nan) · invento 0.0000 · 0.2 s/paso
  paso 3550 · perdida  1.2127 · GLOBAL 0.2500 · acierto 0.2500 · vigente 0.2500 · nose nan (rel nan/aus nan) · invento 0.0000 · 0.2 s/paso
  paso 3575 · perdida  1.0341 · GLOBAL 0.5000 · acierto 0.5000 · vigente 0.5000 · nose nan (rel nan/aus nan) · invento 0.0000 · 0.2 s/paso
  paso 3600 · perdida  1.9079 · GLOBAL 0.2500 · acierto 0.2500 · vigente 0.2500 · nose nan (rel nan/aus nan) · invento 0.0000 · 0.2 s/paso
  paso 3625 · perdida  1.3017 · GLOBAL 0.2500 · acierto 0.2500 · vigente 0.2500 · nose nan (rel nan/aus nan) · invento 0.0000 · 0.2 s/paso
  paso 3650 · perdida  0.8009 · GLOBAL 0.7500 · acierto 0.7500 · vigente 0.7500 · nose nan (rel nan/aus nan) · invento 0.0000 · 0.2 s/paso
  paso 3675 · perdida  0.8299 · GLOBAL 0.7500 · acierto 0.7500 · vigente 0.7500 · nose nan (rel nan/aus nan) · invento 0.0000 · 0.2 s/paso
  paso 3700 · perdida  0.8621 · GLOBAL 0.5000 · acierto 0.5000 · vigente 0.5000 · nose nan (rel nan/aus nan) · invento 0.0000 · 0.2 s/paso
  paso 3725 · perdida  1.0075 · GLOBAL 0.5000 · acierto 0.5000 · vigente 0.5000 · nose nan (rel nan/aus nan) · invento 0.0000 · 0.2 s/paso
  paso 3750 · perdida  2.7799 · GLOBAL 0.2500 · acierto 0.2500 · vigente 0.2500 · nose nan (rel nan/aus nan) · invento 0.0000 · 0.2 s/paso
  paso 3775 · perdida  1.6179 · GLOBAL 0.5000 · acierto 0.5000 · vigente 0.5000 · nose nan (rel nan/aus nan) · invento 0.0000 · 0.2 s/paso
  paso 3800 · perdida  1.5526 · GLOBAL 0.5000 · acierto 0.5000 · vigente 0.5000 · nose nan (rel nan/aus nan) · invento 0.0000 · 0.2 s/paso
  paso 3825 · perdida  1.0001 · GLOBAL 0.5000 · acierto 0.5000 · vigente 0.5000 · nose nan (rel nan/aus nan) · invento 0.0000 · 0.2 s/paso
  paso 3850 · perdida  1.6208 · GLOBAL 0.2500 · acierto 0.2500 · vigente 0.2500 · nose nan (rel nan/aus nan) · invento 0.0000 · 0.2 s/paso
  paso 3875 · perdida  0.8117 · GLOBAL 0.7500 · acierto 0.7500 · vigente 0.7500 · nose nan (rel nan/aus nan) · invento 0.0000 · 0.2 s/paso
  paso 3900 · perdida  1.6127 · GLOBAL 0.2500 · acierto 0.2500 · vigente 0.2500 · nose nan (rel nan/aus nan) · invento 0.0000 · 0.2 s/paso
  paso 3925 · perdida  0.9072 · GLOBAL 0.5000 · acierto 0.5000 · vigente 0.5000 · nose nan (rel nan/aus nan) · invento 0.0000 · 0.2 s/paso
  paso 3950 · perdida  1.0708 · GLOBAL 0.5000 · acierto 0.5000 · vigente 0.5000 · nose nan (rel nan/aus nan) · invento 0.0000 · 0.2 s/paso
  paso 3975 · perdida  0.7719 · GLOBAL 0.2500 · acierto 0.2500 · vigente 0.2500 · nose nan (rel nan/aus nan) · invento 0.0000 · 0.2 s/paso
  paso 4000 · perdida  1.7008 · GLOBAL 0.2500 · acierto 0.2500 · vigente 0.2500 · nose nan (rel nan/aus nan) · invento 0.0000 · 0.2 s/paso
  paso 4025 · perdida  1.3038 · GLOBAL 0.2500 · acierto 0.2500 · vigente 0.2500 · nose nan (rel nan/aus nan) · invento 0.0000 · 0.2 s/paso
  paso 4050 · perdida  1.1351 · GLOBAL 0.5000 · acierto 0.5000 · vigente 0.5000 · nose nan (rel nan/aus nan) · invento 0.0000 · 0.2 s/paso
  paso 4075 · perdida  1.8770 · GLOBAL 0.2500 · acierto 0.2500 · vigente 0.2500 · nose nan (rel nan/aus nan) · invento 0.0000 · 0.2 s/paso
  paso 4100 · perdida  1.3618 · GLOBAL 0.5000 · acierto 0.5000 · vigente 0.5000 · nose nan (rel nan/aus nan) · invento 0.0000 · 0.2 s/paso
  paso 4125 · perdida  2.5521 · GLOBAL 0.0000 · acierto 0.0000 · vigente 0.0000 · nose nan (rel nan/aus nan) · invento 0.0000 · 0.2 s/paso
  paso 4150 · perdida  0.9370 · GLOBAL 0.7500 · acierto 0.7500 · vigente 0.7500 · nose nan (rel nan/aus nan) · invento 0.0000 · 0.2 s/paso
  paso 4175 · perdida  0.3405 · GLOBAL 1.0000 · acierto 1.0000 · vigente 1.0000 · nose nan (rel nan/aus nan) · invento 0.0000 · 0.2 s/paso
  paso 4200 · perdida  1.2846 · GLOBAL 0.5000 · acierto 0.5000 · vigente 0.5000 · nose nan (rel nan/aus nan) · invento 0.0000 · 0.2 s/paso
  paso 4225 · perdida  1.5674 · GLOBAL 0.5000 · acierto 0.5000 · vigente 0.5000 · nose nan (rel nan/aus nan) · invento 0.0000 · 0.2 s/paso
  paso 4250 · perdida  0.9325 · GLOBAL 0.5000 · acierto 0.5000 · vigente 0.5000 · nose nan (rel nan/aus nan) · invento 0.0000 · 0.2 s/paso
  paso 4275 · perdida  1.6212 · GLOBAL 0.2500 · acierto 0.2500 · vigente 0.2500 · nose nan (rel nan/aus nan) · invento 0.0000 · 0.2 s/paso
  paso 4300 · perdida  0.9876 · GLOBAL 0.2500 · acierto 0.2500 · vigente 0.2500 · nose nan (rel nan/aus nan) · invento 0.0000 · 0.2 s/paso
  paso 4325 · perdida  1.8907 · GLOBAL 0.2500 · acierto 0.2500 · vigente 0.2500 · nose nan (rel nan/aus nan) · invento 0.0000 · 0.2 s/paso
  paso 4350 · perdida  2.0495 · GLOBAL 0.2500 · acierto 0.2500 · vigente 0.2500 · nose nan (rel nan/aus nan) · invento 0.0000 · 0.2 s/paso
  paso 4375 · perdida  1.2497 · GLOBAL 0.7500 · acierto 0.7500 · vigente 0.7500 · nose nan (rel nan/aus nan) · invento 0.0000 · 0.2 s/paso
  paso 4400 · perdida  1.7855 · GLOBAL 0.2500 · acierto 0.2500 · vigente 0.2500 · nose nan (rel nan/aus nan) · invento 0.0000 · 0.2 s/paso
  paso 4425 · perdida  1.6617 · GLOBAL 0.2500 · acierto 0.2500 · vigente 0.2500 · nose nan (rel nan/aus nan) · invento 0.0000 · 0.2 s/paso
  paso 4450 · perdida  1.2364 · GLOBAL 0.7500 · acierto 0.7500 · vigente 0.7500 · nose nan (rel nan/aus nan) · invento 0.0000 · 0.2 s/paso
  paso 4475 · perdida  0.8773 · GLOBAL 0.5000 · acierto 0.5000 · vigente 0.5000 · nose nan (rel nan/aus nan) · invento 0.0000 · 0.2 s/paso
  paso 4500 · perdida  2.0447 · GLOBAL 0.0000 · acierto 0.0000 · vigente 0.0000 · nose nan (rel nan/aus nan) · invento 0.0000 · 0.2 s/paso
  paso 4525 · perdida  1.7428 · GLOBAL 0.5000 · acierto 0.5000 · vigente 0.5000 · nose nan (rel nan/aus nan) · invento 0.0000 · 0.2 s/paso
  paso 4550 · perdida  1.8991 · GLOBAL 0.2500 · acierto 0.2500 · vigente 0.2500 · nose nan (rel nan/aus nan) · invento 0.0000 · 0.2 s/paso
  paso 4575 · perdida  1.4373 · GLOBAL 0.2500 · acierto 0.2500 · vigente 0.2500 · nose nan (rel nan/aus nan) · invento 0.0000 · 0.2 s/paso
  paso 4600 · perdida  0.4361 · GLOBAL 0.7500 · acierto 0.7500 · vigente 0.7500 · nose nan (rel nan/aus nan) · invento 0.0000 · 0.2 s/paso
  paso 4625 · perdida  0.5638 · GLOBAL 1.0000 · acierto 1.0000 · vigente 1.0000 · nose nan (rel nan/aus nan) · invento 0.0000 · 0.2 s/paso
  paso 4650 · perdida  0.7514 · GLOBAL 0.7500 · acierto 0.7500 · vigente 0.7500 · nose nan (rel nan/aus nan) · invento 0.0000 · 0.2 s/paso
  paso 4675 · perdida  1.1590 · GLOBAL 0.5000 · acierto 0.5000 · vigente 0.5000 · nose nan (rel nan/aus nan) · invento 0.0000 · 0.2 s/paso
  paso 4700 · perdida  1.5191 · GLOBAL 0.2500 · acierto 0.2500 · vigente 0.2500 · nose nan (rel nan/aus nan) · invento 0.0000 · 0.2 s/paso
  paso 4725 · perdida  0.5515 · GLOBAL 1.0000 · acierto 1.0000 · vigente 1.0000 · nose nan (rel nan/aus nan) · invento 0.0000 · 0.2 s/paso
  paso 4750 · perdida  1.6744 · GLOBAL 0.2500 · acierto 0.2500 · vigente 0.2500 · nose nan (rel nan/aus nan) · invento 0.0000 · 0.2 s/paso
  paso 4775 · perdida  0.9943 · GLOBAL 0.7500 · acierto 0.7500 · vigente 0.7500 · nose nan (rel nan/aus nan) · invento 0.0000 · 0.2 s/paso
  paso 4800 · perdida  1.3799 · GLOBAL 0.5000 · acierto 0.5000 · vigente 0.5000 · nose nan (rel nan/aus nan) · invento 0.0000 · 0.2 s/paso
  paso 4825 · perdida  1.0116 · GLOBAL 0.5000 · acierto 0.5000 · vigente 0.5000 · nose nan (rel nan/aus nan) · invento 0.0000 · 0.2 s/paso
  paso 4850 · perdida  1.0159 · GLOBAL 0.7500 · acierto 0.7500 · vigente 0.7500 · nose nan (rel nan/aus nan) · invento 0.0000 · 0.2 s/paso
  paso 4875 · perdida  1.0887 · GLOBAL 0.7500 · acierto 0.7500 · vigente 0.7500 · nose nan (rel nan/aus nan) · invento 0.0000 · 0.2 s/paso
  paso 4900 · perdida  0.4548 · GLOBAL 1.0000 · acierto 1.0000 · vigente 1.0000 · nose nan (rel nan/aus nan) · invento 0.0000 · 0.2 s/paso
  paso 4925 · perdida  1.0889 · GLOBAL 0.5000 · acierto 0.5000 · vigente 0.5000 · nose nan (rel nan/aus nan) · invento 0.0000 · 0.2 s/paso
  paso 4950 · perdida  1.7184 · GLOBAL 0.5000 · acierto 0.5000 · vigente 0.5000 · nose nan (rel nan/aus nan) · invento 0.0000 · 0.2 s/paso
  paso 4975 · perdida  1.3317 · GLOBAL 0.7500 · acierto 0.7500 · vigente 0.7500 · nose nan (rel nan/aus nan) · invento 0.0000 · 0.2 s/paso
  paso 5000 · perdida  1.2316 · GLOBAL 0.2500 · acierto 0.2500 · vigente 0.2500 · nose nan (rel nan/aus nan) · invento 0.0000 · 0.2 s/paso
  paso 5025 · perdida  1.3638 · GLOBAL 0.2500 · acierto 0.2500 · vigente 0.2500 · nose nan (rel nan/aus nan) · invento 0.0000 · 0.2 s/paso
  paso 5050 · perdida  1.0788 · GLOBAL 0.5000 · acierto 0.5000 · vigente 0.5000 · nose nan (rel nan/aus nan) · invento 0.0000 · 0.2 s/paso
  paso 5075 · perdida  1.5411 · GLOBAL 0.5000 · acierto 0.5000 · vigente 0.5000 · nose nan (rel nan/aus nan) · invento 0.0000 · 0.2 s/paso
  paso 5100 · perdida  0.5247 · GLOBAL 1.0000 · acierto 1.0000 · vigente 1.0000 · nose nan (rel nan/aus nan) · invento 0.0000 · 0.2 s/paso
  paso 5125 · perdida  1.3475 · GLOBAL 0.2500 · acierto 0.2500 · vigente 0.2500 · nose nan (rel nan/aus nan) · invento 0.0000 · 0.2 s/paso
  paso 5150 · perdida  1.4192 · GLOBAL 0.0000 · acierto 0.0000 · vigente 0.0000 · nose nan (rel nan/aus nan) · invento 0.0000 · 0.2 s/paso
  paso 5175 · perdida  1.0391 · GLOBAL 0.2500 · acierto 0.2500 · vigente 0.2500 · nose nan (rel nan/aus nan) · invento 0.0000 · 0.2 s/paso
  paso 5200 · perdida  0.9765 · GLOBAL 0.5000 · acierto 0.5000 · vigente 0.5000 · nose nan (rel nan/aus nan) · invento 0.0000 · 0.2 s/paso
  paso 5225 · perdida  1.3354 · GLOBAL 0.5000 · acierto 0.5000 · vigente 0.5000 · nose nan (rel nan/aus nan) · invento 0.0000 · 0.2 s/paso
  paso 5250 · perdida  1.0336 · GLOBAL 0.2500 · acierto 0.2500 · vigente 0.2500 · nose nan (rel nan/aus nan) · invento 0.0000 · 0.2 s/paso
  paso 5275 · perdida  1.4642 · GLOBAL 0.2500 · acierto 0.2500 · vigente 0.2500 · nose nan (rel nan/aus nan) · invento 0.0000 · 0.2 s/paso
  paso 5300 · perdida  1.1509 · GLOBAL 0.2500 · acierto 0.2500 · vigente 0.2500 · nose nan (rel nan/aus nan) · invento 0.0000 · 0.2 s/paso
  paso 5325 · perdida  1.2048 · GLOBAL 0.5000 · acierto 0.5000 · vigente 0.5000 · nose nan (rel nan/aus nan) · invento 0.0000 · 0.2 s/paso
  paso 5350 · perdida  1.4097 · GLOBAL 0.5000 · acierto 0.5000 · vigente 0.5000 · nose nan (rel nan/aus nan) · invento 0.0000 · 0.2 s/paso
  paso 5375 · perdida  2.4137 · GLOBAL 0.0000 · acierto 0.0000 · vigente 0.0000 · nose nan (rel nan/aus nan) · invento 0.0000 · 0.2 s/paso
  paso 5400 · perdida  2.0909 · GLOBAL 0.2500 · acierto 0.2500 · vigente 0.2500 · nose nan (rel nan/aus nan) · invento 0.0000 · 0.2 s/paso
  paso 5425 · perdida  0.7542 · GLOBAL 0.5000 · acierto 0.5000 · vigente 0.5000 · nose nan (rel nan/aus nan) · invento 0.0000 · 0.2 s/paso
  paso 5450 · perdida  1.0479 · GLOBAL 0.5000 · acierto 0.5000 · vigente 0.5000 · nose nan (rel nan/aus nan) · invento 0.0000 · 0.2 s/paso
  paso 5475 · perdida  1.4043 · GLOBAL 0.2500 · acierto 0.2500 · vigente 0.2500 · nose nan (rel nan/aus nan) · invento 0.0000 · 0.2 s/paso
  paso 5500 · perdida  1.1480 · GLOBAL 0.0000 · acierto 0.0000 · vigente 0.0000 · nose nan (rel nan/aus nan) · invento 0.0000 · 0.2 s/paso
  paso 5525 · perdida  0.9753 · GLOBAL 0.5000 · acierto 0.5000 · vigente 0.5000 · nose nan (rel nan/aus nan) · invento 0.0000 · 0.2 s/paso
  paso 5550 · perdida  0.8965 · GLOBAL 0.5000 · acierto 0.5000 · vigente 0.5000 · nose nan (rel nan/aus nan) · invento 0.0000 · 0.2 s/paso
  paso 5575 · perdida  1.3614 · GLOBAL 0.2500 · acierto 0.2500 · vigente 0.2500 · nose nan (rel nan/aus nan) · invento 0.0000 · 0.2 s/paso
  paso 5600 · perdida  0.8927 · GLOBAL 0.7500 · acierto 0.7500 · vigente 0.7500 · nose nan (rel nan/aus nan) · invento 0.0000 · 0.2 s/paso
  paso 5625 · perdida  1.3933 · GLOBAL 0.5000 · acierto 0.5000 · vigente 0.5000 · nose nan (rel nan/aus nan) · invento 0.0000 · 0.2 s/paso
  paso 5650 · perdida  0.5734 · GLOBAL 0.7500 · acierto 0.7500 · vigente 0.7500 · nose nan (rel nan/aus nan) · invento 0.0000 · 0.2 s/paso
  paso 5675 · perdida  0.8219 · GLOBAL 0.7500 · acierto 0.7500 · vigente 0.7500 · nose nan (rel nan/aus nan) · invento 0.0000 · 0.2 s/paso
  paso 5700 · perdida  1.2622 · GLOBAL 0.2500 · acierto 0.2500 · vigente 0.2500 · nose nan (rel nan/aus nan) · invento 0.0000 · 0.2 s/paso
  paso 5725 · perdida  1.2221 · GLOBAL 0.2500 · acierto 0.2500 · vigente 0.2500 · nose nan (rel nan/aus nan) · invento 0.0000 · 0.2 s/paso
  paso 5750 · perdida  1.3122 · GLOBAL 0.2500 · acierto 0.2500 · vigente 0.2500 · nose nan (rel nan/aus nan) · invento 0.0000 · 0.2 s/paso
  paso 5775 · perdida  0.6768 · GLOBAL 0.7500 · acierto 0.7500 · vigente 0.7500 · nose nan (rel nan/aus nan) · invento 0.0000 · 0.2 s/paso
  paso 5800 · perdida  1.3186 · GLOBAL 0.5000 · acierto 0.5000 · vigente 0.5000 · nose nan (rel nan/aus nan) · invento 0.0000 · 0.2 s/paso
  paso 5825 · perdida  1.4200 · GLOBAL 0.2500 · acierto 0.2500 · vigente 0.2500 · nose nan (rel nan/aus nan) · invento 0.0000 · 0.2 s/paso
  paso 5850 · perdida  1.4564 · GLOBAL 0.0000 · acierto 0.0000 · vigente 0.0000 · nose nan (rel nan/aus nan) · invento 0.0000 · 0.2 s/paso
  paso 5875 · perdida  0.9579 · GLOBAL 0.2500 · acierto 0.2500 · vigente 0.2500 · nose nan (rel nan/aus nan) · invento 0.0000 · 0.2 s/paso
  paso 5900 · perdida  0.6500 · GLOBAL 0.7500 · acierto 0.7500 · vigente 0.7500 · nose nan (rel nan/aus nan) · invento 0.0000 · 0.2 s/paso
  paso 5925 · perdida  0.8683 · GLOBAL 0.2500 · acierto 0.2500 · vigente 0.2500 · nose nan (rel nan/aus nan) · invento 0.0000 · 0.2 s/paso
  paso 5950 · perdida  1.9040 · GLOBAL 0.5000 · acierto 0.5000 · vigente 0.5000 · nose nan (rel nan/aus nan) · invento 0.0000 · 0.2 s/paso
  paso 5975 · perdida  1.3540 · GLOBAL 0.2500 · acierto 0.2500 · vigente 0.2500 · nose nan (rel nan/aus nan) · invento 0.0000 · 0.2 s/paso
  paso 6000 · perdida  0.7206 · GLOBAL 0.7500 · acierto 0.7500 · vigente 0.7500 · nose nan (rel nan/aus nan) · invento 0.0000 · 0.2 s/paso
  paso 6025 · perdida  1.0553 · GLOBAL 0.2500 · acierto 0.2500 · vigente 0.2500 · nose nan (rel nan/aus nan) · invento 0.0000 · 0.2 s/paso
  paso 6050 · perdida  0.6927 · GLOBAL 0.5000 · acierto 0.5000 · vigente 0.5000 · nose nan (rel nan/aus nan) · invento 0.0000 · 0.2 s/paso
  paso 6075 · perdida  0.9495 · GLOBAL 0.5000 · acierto 0.5000 · vigente 0.5000 · nose nan (rel nan/aus nan) · invento 0.0000 · 0.2 s/paso
  paso 6100 · perdida  0.3855 · GLOBAL 1.0000 · acierto 1.0000 · vigente 1.0000 · nose nan (rel nan/aus nan) · invento 0.0000 · 0.2 s/paso
  paso 6125 · perdida  0.7873 · GLOBAL 0.2500 · acierto 0.2500 · vigente 0.2500 · nose nan (rel nan/aus nan) · invento 0.0000 · 0.2 s/paso
  paso 6150 · perdida  0.3981 · GLOBAL 1.0000 · acierto 1.0000 · vigente 1.0000 · nose nan (rel nan/aus nan) · invento 0.0000 · 0.2 s/paso
  paso 6175 · perdida  1.3971 · GLOBAL 0.2500 · acierto 0.2500 · vigente 0.2500 · nose nan (rel nan/aus nan) · invento 0.0000 · 0.2 s/paso
  paso 6200 · perdida  0.8573 · GLOBAL 0.5000 · acierto 0.5000 · vigente 0.5000 · nose nan (rel nan/aus nan) · invento 0.0000 · 0.2 s/paso
  paso 6225 · perdida  1.4747 · GLOBAL 0.2500 · acierto 0.2500 · vigente 0.2500 · nose nan (rel nan/aus nan) · invento 0.0000 · 0.2 s/paso
  paso 6250 · perdida  0.6165 · GLOBAL 1.0000 · acierto 1.0000 · vigente 1.0000 · nose nan (rel nan/aus nan) · invento 0.0000 · 0.2 s/paso
  paso 6275 · perdida  1.0538 · GLOBAL 0.2500 · acierto 0.2500 · vigente 0.2500 · nose nan (rel nan/aus nan) · invento 0.0000 · 0.2 s/paso
  paso 6300 · perdida  0.9647 · GLOBAL 0.5000 · acierto 0.5000 · vigente 0.5000 · nose nan (rel nan/aus nan) · invento 0.0000 · 0.2 s/paso
  paso 6325 · perdida  0.6749 · GLOBAL 0.5000 · acierto 0.5000 · vigente 0.5000 · nose nan (rel nan/aus nan) · invento 0.0000 · 0.2 s/paso
  paso 6350 · perdida  0.5327 · GLOBAL 0.7500 · acierto 0.7500 · vigente 0.7500 · nose nan (rel nan/aus nan) · invento 0.0000 · 0.2 s/paso
  paso 6375 · perdida  1.2883 · GLOBAL 0.2500 · acierto 0.2500 · vigente 0.2500 · nose nan (rel nan/aus nan) · invento 0.0000 · 0.2 s/paso
  paso 6400 · perdida  0.5674 · GLOBAL 0.7500 · acierto 0.7500 · vigente 0.7500 · nose nan (rel nan/aus nan) · invento 0.0000 · 0.2 s/paso
  paso 6425 · perdida  0.9043 · GLOBAL 0.5000 · acierto 0.5000 · vigente 0.5000 · nose nan (rel nan/aus nan) · invento 0.0000 · 0.2 s/paso
  paso 6450 · perdida  1.1492 · GLOBAL 0.5000 · acierto 0.5000 · vigente 0.5000 · nose nan (rel nan/aus nan) · invento 0.0000 · 0.2 s/paso
  paso 6475 · perdida  1.1515 · GLOBAL 0.2500 · acierto 0.2500 · vigente 0.2500 · nose nan (rel nan/aus nan) · invento 0.0000 · 0.2 s/paso
  paso 6500 · perdida  0.5489 · GLOBAL 0.7500 · acierto 0.7500 · vigente 0.7500 · nose nan (rel nan/aus nan) · invento 0.0000 · 0.2 s/paso
  paso 6525 · perdida  1.0709 · GLOBAL 0.2500 · acierto 0.2500 · vigente 0.2500 · nose nan (rel nan/aus nan) · invento 0.0000 · 0.2 s/paso
  paso 6550 · perdida  1.2676 · GLOBAL 0.0000 · acierto 0.0000 · vigente 0.0000 · nose nan (rel nan/aus nan) · invento 0.0000 · 0.2 s/paso
  paso 6575 · perdida  1.4661 · GLOBAL 0.2500 · acierto 0.2500 · vigente 0.2500 · nose nan (rel nan/aus nan) · invento 0.0000 · 0.2 s/paso
  paso 6600 · perdida  0.6605 · GLOBAL 0.7500 · acierto 0.7500 · vigente 0.7500 · nose nan (rel nan/aus nan) · invento 0.0000 · 0.2 s/paso
  paso 6625 · perdida  1.0168 · GLOBAL 0.7500 · acierto 0.7500 · vigente 0.7500 · nose nan (rel nan/aus nan) · invento 0.0000 · 0.2 s/paso
  paso 6650 · perdida  0.5497 · GLOBAL 0.7500 · acierto 0.7500 · vigente 0.7500 · nose nan (rel nan/aus nan) · invento 0.0000 · 0.2 s/paso
  paso 6675 · perdida  0.8320 · GLOBAL 0.5000 · acierto 0.5000 · vigente 0.5000 · nose nan (rel nan/aus nan) · invento 0.0000 · 0.2 s/paso
  paso 6700 · perdida  0.9914 · GLOBAL 0.5000 · acierto 0.5000 · vigente 0.5000 · nose nan (rel nan/aus nan) · invento 0.0000 · 0.2 s/paso
  paso 6725 · perdida  0.5062 · GLOBAL 0.7500 · acierto 0.7500 · vigente 0.7500 · nose nan (rel nan/aus nan) · invento 0.0000 · 0.2 s/paso
  paso 6750 · perdida  0.2619 · GLOBAL 1.0000 · acierto 1.0000 · vigente 1.0000 · nose nan (rel nan/aus nan) · invento 0.0000 · 0.2 s/paso
  paso 6775 · perdida  1.3594 · GLOBAL 0.5000 · acierto 0.5000 · vigente 0.5000 · nose nan (rel nan/aus nan) · invento 0.0000 · 0.2 s/paso
  paso 6800 · perdida  0.9570 · GLOBAL 0.7500 · acierto 0.7500 · vigente 0.7500 · nose nan (rel nan/aus nan) · invento 0.0000 · 0.2 s/paso
  paso 6825 · perdida  0.9322 · GLOBAL 0.5000 · acierto 0.5000 · vigente 0.5000 · nose nan (rel nan/aus nan) · invento 0.0000 · 0.2 s/paso
  paso 6850 · perdida  0.8754 · GLOBAL 0.5000 · acierto 0.5000 · vigente 0.5000 · nose nan (rel nan/aus nan) · invento 0.0000 · 0.2 s/paso
  paso 6875 · perdida  1.0071 · GLOBAL 0.5000 · acierto 0.5000 · vigente 0.5000 · nose nan (rel nan/aus nan) · invento 0.0000 · 0.2 s/paso
  paso 6900 · perdida  0.5609 · GLOBAL 0.7500 · acierto 0.7500 · vigente 0.7500 · nose nan (rel nan/aus nan) · invento 0.0000 · 0.2 s/paso
  paso 6925 · perdida  0.5090 · GLOBAL 0.7500 · acierto 0.7500 · vigente 0.7500 · nose nan (rel nan/aus nan) · invento 0.0000 · 0.2 s/paso
  paso 6950 · perdida  0.7928 · GLOBAL 0.5000 · acierto 0.5000 · vigente 0.5000 · nose nan (rel nan/aus nan) · invento 0.0000 · 0.2 s/paso
  paso 6975 · perdida  1.5584 · GLOBAL 0.2500 · acierto 0.2500 · vigente 0.2500 · nose nan (rel nan/aus nan) · invento 0.0000 · 0.2 s/paso
  paso 7000 · perdida  1.3077 · GLOBAL 0.7500 · acierto 0.7500 · vigente 0.7500 · nose nan (rel nan/aus nan) · invento 0.0000 · 0.2 s/paso
  paso 7025 · perdida  0.7984 · GLOBAL 0.7500 · acierto 0.7500 · vigente 0.7500 · nose nan (rel nan/aus nan) · invento 0.0000 · 0.2 s/paso
  paso 7050 · perdida  0.7247 · GLOBAL 0.5000 · acierto 0.5000 · vigente 0.5000 · nose nan (rel nan/aus nan) · invento 0.0000 · 0.2 s/paso
  paso 7075 · perdida  0.8626 · GLOBAL 0.5000 · acierto 0.5000 · vigente 0.5000 · nose nan (rel nan/aus nan) · invento 0.0000 · 0.2 s/paso
  paso 7100 · perdida  1.1376 · GLOBAL 0.5000 · acierto 0.5000 · vigente 0.5000 · nose nan (rel nan/aus nan) · invento 0.0000 · 0.2 s/paso
  paso 7125 · perdida  0.4187 · GLOBAL 0.7500 · acierto 0.7500 · vigente 0.7500 · nose nan (rel nan/aus nan) · invento 0.0000 · 0.2 s/paso
  paso 7150 · perdida  1.8522 · GLOBAL 0.0000 · acierto 0.0000 · vigente 0.0000 · nose nan (rel nan/aus nan) · invento 0.0000 · 0.2 s/paso
  paso 7175 · perdida  1.0830 · GLOBAL 0.2500 · acierto 0.2500 · vigente 0.2500 · nose nan (rel nan/aus nan) · invento 0.0000 · 0.2 s/paso
  paso 7200 · perdida  1.3090 · GLOBAL 0.5000 · acierto 0.5000 · vigente 0.5000 · nose nan (rel nan/aus nan) · invento 0.0000 · 0.2 s/paso
  paso 7225 · perdida  1.9571 · GLOBAL 0.0000 · acierto 0.0000 · vigente 0.0000 · nose nan (rel nan/aus nan) · invento 0.0000 · 0.2 s/paso
  paso 7250 · perdida  1.1588 · GLOBAL 0.2500 · acierto 0.2500 · vigente 0.2500 · nose nan (rel nan/aus nan) · invento 0.0000 · 0.2 s/paso
  paso 7275 · perdida  1.0398 · GLOBAL 0.5000 · acierto 0.5000 · vigente 0.5000 · nose nan (rel nan/aus nan) · invento 0.0000 · 0.2 s/paso
  paso 7300 · perdida  1.0186 · GLOBAL 0.7500 · acierto 0.7500 · vigente 0.7500 · nose nan (rel nan/aus nan) · invento 0.0000 · 0.2 s/paso
  paso 7325 · perdida  0.6300 · GLOBAL 0.7500 · acierto 0.7500 · vigente 0.7500 · nose nan (rel nan/aus nan) · invento 0.0000 · 0.2 s/paso
  paso 7350 · perdida  1.0147 · GLOBAL 0.7500 · acierto 0.7500 · vigente 0.7500 · nose nan (rel nan/aus nan) · invento 0.0000 · 0.2 s/paso
  paso 7375 · perdida  1.7021 · GLOBAL 0.2500 · acierto 0.2500 · vigente 0.2500 · nose nan (rel nan/aus nan) · invento 0.0000 · 0.2 s/paso
  paso 7400 · perdida  0.5475 · GLOBAL 0.7500 · acierto 0.7500 · vigente 0.7500 · nose nan (rel nan/aus nan) · invento 0.0000 · 0.2 s/paso
  paso 7425 · perdida  1.1713 · GLOBAL 0.5000 · acierto 0.5000 · vigente 0.5000 · nose nan (rel nan/aus nan) · invento 0.0000 · 0.2 s/paso
  paso 7450 · perdida  0.6106 · GLOBAL 0.7500 · acierto 0.7500 · vigente 0.7500 · nose nan (rel nan/aus nan) · invento 0.0000 · 0.2 s/paso
  paso 7475 · perdida  0.9712 · GLOBAL 0.5000 · acierto 0.5000 · vigente 0.5000 · nose nan (rel nan/aus nan) · invento 0.0000 · 0.2 s/paso
  paso 7500 · perdida  0.6871 · GLOBAL 0.7500 · acierto 0.7500 · vigente 0.7500 · nose nan (rel nan/aus nan) · invento 0.0000 · 0.2 s/paso
  paso 7525 · perdida  1.1743 · GLOBAL 0.5000 · acierto 0.5000 · vigente 0.5000 · nose nan (rel nan/aus nan) · invento 0.0000 · 0.2 s/paso
  paso 7550 · perdida  0.9935 · GLOBAL 0.2500 · acierto 0.2500 · vigente 0.2500 · nose nan (rel nan/aus nan) · invento 0.0000 · 0.2 s/paso
  paso 7575 · perdida  1.1463 · GLOBAL 0.5000 · acierto 0.5000 · vigente 0.5000 · nose nan (rel nan/aus nan) · invento 0.0000 · 0.2 s/paso
  paso 7600 · perdida  0.5361 · GLOBAL 0.7500 · acierto 0.7500 · vigente 0.7500 · nose nan (rel nan/aus nan) · invento 0.0000 · 0.2 s/paso
  paso 7625 · perdida  1.2695 · GLOBAL 0.2500 · acierto 0.2500 · vigente 0.2500 · nose nan (rel nan/aus nan) · invento 0.0000 · 0.2 s/paso
  paso 7650 · perdida  0.3605 · GLOBAL 1.0000 · acierto 1.0000 · vigente 1.0000 · nose nan (rel nan/aus nan) · invento 0.0000 · 0.2 s/paso
  paso 7675 · perdida  1.0375 · GLOBAL 0.5000 · acierto 0.5000 · vigente 0.5000 · nose nan (rel nan/aus nan) · invento 0.0000 · 0.2 s/paso
  paso 7700 · perdida  1.1432 · GLOBAL 0.2500 · acierto 0.2500 · vigente 0.2500 · nose nan (rel nan/aus nan) · invento 0.0000 · 0.2 s/paso
  paso 7725 · perdida  0.9480 · GLOBAL 0.7500 · acierto 0.7500 · vigente 0.7500 · nose nan (rel nan/aus nan) · invento 0.0000 · 0.2 s/paso
  paso 7750 · perdida  0.9737 · GLOBAL 0.2500 · acierto 0.2500 · vigente 0.2500 · nose nan (rel nan/aus nan) · invento 0.0000 · 0.2 s/paso
  paso 7775 · perdida  1.0482 · GLOBAL 0.5000 · acierto 0.5000 · vigente 0.5000 · nose nan (rel nan/aus nan) · invento 0.0000 · 0.2 s/paso
  paso 7800 · perdida  1.2622 · GLOBAL 0.0000 · acierto 0.0000 · vigente 0.0000 · nose nan (rel nan/aus nan) · invento 0.0000 · 0.2 s/paso
  paso 7825 · perdida  0.5501 · GLOBAL 0.7500 · acierto 0.7500 · vigente 0.7500 · nose nan (rel nan/aus nan) · invento 0.0000 · 0.2 s/paso
  paso 7850 · perdida  1.2574 · GLOBAL 0.7500 · acierto 0.7500 · vigente 0.7500 · nose nan (rel nan/aus nan) · invento 0.0000 · 0.2 s/paso
  paso 7875 · perdida  1.6282 · GLOBAL 0.0000 · acierto 0.0000 · vigente 0.0000 · nose nan (rel nan/aus nan) · invento 0.0000 · 0.2 s/paso
  paso 7900 · perdida  0.7767 · GLOBAL 0.5000 · acierto 0.5000 · vigente 0.5000 · nose nan (rel nan/aus nan) · invento 0.0000 · 0.2 s/paso
  paso 7925 · perdida  0.8586 · GLOBAL 0.2500 · acierto 0.2500 · vigente 0.2500 · nose nan (rel nan/aus nan) · invento 0.0000 · 0.2 s/paso
  paso 7950 · perdida  0.9587 · GLOBAL 0.5000 · acierto 0.5000 · vigente 0.5000 · nose nan (rel nan/aus nan) · invento 0.0000 · 0.2 s/paso
  paso 7975 · perdida  1.4395 · GLOBAL 0.2500 · acierto 0.2500 · vigente 0.2500 · nose nan (rel nan/aus nan) · invento 0.0000 · 0.2 s/paso
  paso 8000 · perdida  1.1821 · GLOBAL 0.7500 · acierto 0.7500 · vigente 0.7500 · nose nan (rel nan/aus nan) · invento 0.0000 · 0.2 s/paso
  paso 8025 · perdida  0.7163 · GLOBAL 0.7500 · acierto 0.7500 · vigente 0.7500 · nose nan (rel nan/aus nan) · invento 0.0000 · 0.2 s/paso
  paso 8050 · perdida  0.5440 · GLOBAL 0.7500 · acierto 0.7500 · vigente 0.7500 · nose nan (rel nan/aus nan) · invento 0.0000 · 0.2 s/paso
  paso 8075 · perdida  0.7480 · GLOBAL 0.5000 · acierto 0.5000 · vigente 0.5000 · nose nan (rel nan/aus nan) · invento 0.0000 · 0.2 s/paso
  paso 8100 · perdida  0.6097 · GLOBAL 0.7500 · acierto 0.7500 · vigente 0.7500 · nose nan (rel nan/aus nan) · invento 0.0000 · 0.2 s/paso
  paso 8125 · perdida  1.5816 · GLOBAL 0.2500 · acierto 0.2500 · vigente 0.2500 · nose nan (rel nan/aus nan) · invento 0.0000 · 0.2 s/paso
  paso 8150 · perdida  1.5591 · GLOBAL 0.0000 · acierto 0.0000 · vigente 0.0000 · nose nan (rel nan/aus nan) · invento 0.0000 · 0.2 s/paso
  paso 8175 · perdida  1.2547 · GLOBAL 0.5000 · acierto 0.5000 · vigente 0.5000 · nose nan (rel nan/aus nan) · invento 0.0000 · 0.2 s/paso
  paso 8200 · perdida  1.0007 · GLOBAL 0.2500 · acierto 0.2500 · vigente 0.2500 · nose nan (rel nan/aus nan) · invento 0.0000 · 0.2 s/paso
  paso 8225 · perdida  1.0854 · GLOBAL 0.2500 · acierto 0.2500 · vigente 0.2500 · nose nan (rel nan/aus nan) · invento 0.0000 · 0.2 s/paso
  paso 8250 · perdida  0.9532 · GLOBAL 0.5000 · acierto 0.5000 · vigente 0.5000 · nose nan (rel nan/aus nan) · invento 0.0000 · 0.2 s/paso
  paso 8275 · perdida  0.8616 · GLOBAL 0.5000 · acierto 0.5000 · vigente 0.5000 · nose nan (rel nan/aus nan) · invento 0.0000 · 0.2 s/paso
  paso 8300 · perdida  1.0660 · GLOBAL 0.5000 · acierto 0.5000 · vigente 0.5000 · nose nan (rel nan/aus nan) · invento 0.0000 · 0.2 s/paso
  paso 8325 · perdida  0.6840 · GLOBAL 0.5000 · acierto 0.5000 · vigente 0.5000 · nose nan (rel nan/aus nan) · invento 0.0000 · 0.2 s/paso
  paso 8350 · perdida  1.5610 · GLOBAL 0.2500 · acierto 0.2500 · vigente 0.2500 · nose nan (rel nan/aus nan) · invento 0.0000 · 0.2 s/paso
  paso 8375 · perdida  0.5789 · GLOBAL 0.7500 · acierto 0.7500 · vigente 0.7500 · nose nan (rel nan/aus nan) · invento 0.0000 · 0.2 s/paso
  paso 8400 · perdida  0.5772 · GLOBAL 0.7500 · acierto 0.7500 · vigente 0.7500 · nose nan (rel nan/aus nan) · invento 0.0000 · 0.2 s/paso
  paso 8425 · perdida  0.2701 · GLOBAL 1.0000 · acierto 1.0000 · vigente 1.0000 · nose nan (rel nan/aus nan) · invento 0.0000 · 0.2 s/paso
  paso 8450 · perdida  0.9339 · GLOBAL 0.7500 · acierto 0.7500 · vigente 0.7500 · nose nan (rel nan/aus nan) · invento 0.0000 · 0.2 s/paso
  paso 8475 · perdida  0.5480 · GLOBAL 1.0000 · acierto 1.0000 · vigente 1.0000 · nose nan (rel nan/aus nan) · invento 0.0000 · 0.2 s/paso
  paso 8500 · perdida  1.2396 · GLOBAL 0.5000 · acierto 0.5000 · vigente 0.5000 · nose nan (rel nan/aus nan) · invento 0.0000 · 0.2 s/paso
  paso 8525 · perdida  0.9096 · GLOBAL 0.5000 · acierto 0.5000 · vigente 0.5000 · nose nan (rel nan/aus nan) · invento 0.0000 · 0.2 s/paso
  paso 8550 · perdida  1.0851 · GLOBAL 0.5000 · acierto 0.5000 · vigente 0.5000 · nose nan (rel nan/aus nan) · invento 0.0000 · 0.2 s/paso
  paso 8575 · perdida  1.2564 · GLOBAL 0.5000 · acierto 0.5000 · vigente 0.5000 · nose nan (rel nan/aus nan) · invento 0.0000 · 0.2 s/paso
  paso 8600 · perdida  0.8572 · GLOBAL 0.7500 · acierto 0.7500 · vigente 0.7500 · nose nan (rel nan/aus nan) · invento 0.0000 · 0.2 s/paso
  paso 8625 · perdida  1.7157 · GLOBAL 0.2500 · acierto 0.2500 · vigente 0.2500 · nose nan (rel nan/aus nan) · invento 0.0000 · 0.2 s/paso
  paso 8650 · perdida  0.9175 · GLOBAL 0.2500 · acierto 0.2500 · vigente 0.2500 · nose nan (rel nan/aus nan) · invento 0.0000 · 0.2 s/paso
  paso 8675 · perdida  1.8646 · GLOBAL 0.2500 · acierto 0.2500 · vigente 0.2500 · nose nan (rel nan/aus nan) · invento 0.0000 · 0.2 s/paso
  paso 8700 · perdida  1.0835 · GLOBAL 0.7500 · acierto 0.7500 · vigente 0.7500 · nose nan (rel nan/aus nan) · invento 0.0000 · 0.2 s/paso
  paso 8725 · perdida  1.3397 · GLOBAL 0.0000 · acierto 0.0000 · vigente 0.0000 · nose nan (rel nan/aus nan) · invento 0.0000 · 0.2 s/paso
  paso 8750 · perdida  1.8428 · GLOBAL 0.0000 · acierto 0.0000 · vigente 0.0000 · nose nan (rel nan/aus nan) · invento 0.0000 · 0.2 s/paso
  paso 8775 · perdida  0.8086 · GLOBAL 0.5000 · acierto 0.5000 · vigente 0.5000 · nose nan (rel nan/aus nan) · invento 0.0000 · 0.2 s/paso
  paso 8800 · perdida  0.7531 · GLOBAL 0.5000 · acierto 0.5000 · vigente 0.5000 · nose nan (rel nan/aus nan) · invento 0.0000 · 0.2 s/paso
  paso 8825 · perdida  0.9216 · GLOBAL 0.5000 · acierto 0.5000 · vigente 0.5000 · nose nan (rel nan/aus nan) · invento 0.0000 · 0.2 s/paso
  paso 8850 · perdida  1.0925 · GLOBAL 0.2500 · acierto 0.2500 · vigente 0.2500 · nose nan (rel nan/aus nan) · invento 0.0000 · 0.2 s/paso
  paso 8875 · perdida  0.9337 · GLOBAL 0.7500 · acierto 0.7500 · vigente 0.7500 · nose nan (rel nan/aus nan) · invento 0.0000 · 0.2 s/paso
  paso 8900 · perdida  0.6158 · GLOBAL 0.7500 · acierto 0.7500 · vigente 0.7500 · nose nan (rel nan/aus nan) · invento 0.0000 · 0.2 s/paso
  paso 8925 · perdida  1.0508 · GLOBAL 0.2500 · acierto 0.2500 · vigente 0.2500 · nose nan (rel nan/aus nan) · invento 0.0000 · 0.2 s/paso
  paso 8950 · perdida  1.0459 · GLOBAL 0.2500 · acierto 0.2500 · vigente 0.2500 · nose nan (rel nan/aus nan) · invento 0.0000 · 0.2 s/paso
  paso 8975 · perdida  0.5433 · GLOBAL 0.7500 · acierto 0.7500 · vigente 0.7500 · nose nan (rel nan/aus nan) · invento 0.0000 · 0.2 s/paso
  paso 9000 · perdida  0.5617 · GLOBAL 0.7500 · acierto 0.7500 · vigente 0.7500 · nose nan (rel nan/aus nan) · invento 0.0000 · 0.2 s/paso
  paso 9025 · perdida  0.5347 · GLOBAL 0.7500 · acierto 0.7500 · vigente 0.7500 · nose nan (rel nan/aus nan) · invento 0.0000 · 0.2 s/paso
  paso 9050 · perdida  0.5893 · GLOBAL 0.7500 · acierto 0.7500 · vigente 0.7500 · nose nan (rel nan/aus nan) · invento 0.0000 · 0.2 s/paso
  paso 9075 · perdida  0.7097 · GLOBAL 0.7500 · acierto 0.7500 · vigente 0.7500 · nose nan (rel nan/aus nan) · invento 0.0000 · 0.2 s/paso
  paso 9100 · perdida  0.9850 · GLOBAL 0.2500 · acierto 0.2500 · vigente 0.2500 · nose nan (rel nan/aus nan) · invento 0.0000 · 0.2 s/paso
  paso 9125 · perdida  1.5262 · GLOBAL 0.2500 · acierto 0.2500 · vigente 0.2500 · nose nan (rel nan/aus nan) · invento 0.0000 · 0.2 s/paso
  paso 9150 · perdida  1.0068 · GLOBAL 0.5000 · acierto 0.5000 · vigente 0.5000 · nose nan (rel nan/aus nan) · invento 0.0000 · 0.2 s/paso
  paso 9175 · perdida  1.1191 · GLOBAL 0.5000 · acierto 0.5000 · vigente 0.5000 · nose nan (rel nan/aus nan) · invento 0.0000 · 0.2 s/paso
  paso 9200 · perdida  0.7200 · GLOBAL 0.7500 · acierto 0.7500 · vigente 0.7500 · nose nan (rel nan/aus nan) · invento 0.0000 · 0.2 s/paso
  paso 9225 · perdida  0.7125 · GLOBAL 0.2500 · acierto 0.2500 · vigente 0.2500 · nose nan (rel nan/aus nan) · invento 0.0000 · 0.2 s/paso
  paso 9250 · perdida  0.5472 · GLOBAL 0.7500 · acierto 0.7500 · vigente 0.7500 · nose nan (rel nan/aus nan) · invento 0.0000 · 0.2 s/paso
  paso 9275 · perdida  0.7496 · GLOBAL 0.5000 · acierto 0.5000 · vigente 0.5000 · nose nan (rel nan/aus nan) · invento 0.0000 · 0.2 s/paso
  paso 9300 · perdida  0.9336 · GLOBAL 0.5000 · acierto 0.5000 · vigente 0.5000 · nose nan (rel nan/aus nan) · invento 0.0000 · 0.2 s/paso
  paso 9325 · perdida  1.0243 · GLOBAL 0.2500 · acierto 0.2500 · vigente 0.2500 · nose nan (rel nan/aus nan) · invento 0.0000 · 0.2 s/paso
  paso 9350 · perdida  0.9759 · GLOBAL 0.2500 · acierto 0.2500 · vigente 0.2500 · nose nan (rel nan/aus nan) · invento 0.0000 · 0.2 s/paso
  paso 9375 · perdida  0.8282 · GLOBAL 0.2500 · acierto 0.2500 · vigente 0.2500 · nose nan (rel nan/aus nan) · invento 0.0000 · 0.2 s/paso
  paso 9400 · perdida  1.1222 · GLOBAL 0.2500 · acierto 0.2500 · vigente 0.2500 · nose nan (rel nan/aus nan) · invento 0.0000 · 0.2 s/paso
  paso 9425 · perdida  2.3165 · GLOBAL 0.0000 · acierto 0.0000 · vigente 0.0000 · nose nan (rel nan/aus nan) · invento 0.0000 · 0.2 s/paso
  paso 9450 · perdida  1.5732 · GLOBAL 0.2500 · acierto 0.2500 · vigente 0.2500 · nose nan (rel nan/aus nan) · invento 0.0000 · 0.2 s/paso
  paso 9475 · perdida  1.2248 · GLOBAL 0.2500 · acierto 0.2500 · vigente 0.2500 · nose nan (rel nan/aus nan) · invento 0.0000 · 0.2 s/paso
  paso 9500 · perdida  0.5670 · GLOBAL 0.7500 · acierto 0.7500 · vigente 0.7500 · nose nan (rel nan/aus nan) · invento 0.0000 · 0.2 s/paso
  paso 9525 · perdida  0.4473 · GLOBAL 0.7500 · acierto 0.7500 · vigente 0.7500 · nose nan (rel nan/aus nan) · invento 0.0000 · 0.2 s/paso
  paso 9550 · perdida  0.9557 · GLOBAL 0.2500 · acierto 0.2500 · vigente 0.2500 · nose nan (rel nan/aus nan) · invento 0.0000 · 0.2 s/paso
  paso 9575 · perdida  1.0293 · GLOBAL 0.5000 · acierto 0.5000 · vigente 0.5000 · nose nan (rel nan/aus nan) · invento 0.0000 · 0.2 s/paso
  paso 9600 · perdida  1.4182 · GLOBAL 0.5000 · acierto 0.5000 · vigente 0.5000 · nose nan (rel nan/aus nan) · invento 0.0000 · 0.2 s/paso
  paso 9625 · perdida  0.8334 · GLOBAL 0.5000 · acierto 0.5000 · vigente 0.5000 · nose nan (rel nan/aus nan) · invento 0.0000 · 0.2 s/paso
  paso 9650 · perdida  1.6331 · GLOBAL 0.2500 · acierto 0.2500 · vigente 0.2500 · nose nan (rel nan/aus nan) · invento 0.0000 · 0.2 s/paso
  paso 9675 · perdida  1.5395 · GLOBAL 0.0000 · acierto 0.0000 · vigente 0.0000 · nose nan (rel nan/aus nan) · invento 0.0000 · 0.2 s/paso
  paso 9700 · perdida  0.6085 · GLOBAL 0.5000 · acierto 0.5000 · vigente 0.5000 · nose nan (rel nan/aus nan) · invento 0.0000 · 0.2 s/paso
  paso 9725 · perdida  1.6158 · GLOBAL 0.0000 · acierto 0.0000 · vigente 0.0000 · nose nan (rel nan/aus nan) · invento 0.0000 · 0.2 s/paso
  paso 9750 · perdida  0.9571 · GLOBAL 0.5000 · acierto 0.5000 · vigente 0.5000 · nose nan (rel nan/aus nan) · invento 0.0000 · 0.2 s/paso
  paso 9775 · perdida  0.7650 · GLOBAL 0.5000 · acierto 0.5000 · vigente 0.5000 · nose nan (rel nan/aus nan) · invento 0.0000 · 0.2 s/paso
  paso 9800 · perdida  1.6962 · GLOBAL 0.2500 · acierto 0.2500 · vigente 0.2500 · nose nan (rel nan/aus nan) · invento 0.0000 · 0.2 s/paso
  paso 9825 · perdida  0.2931 · GLOBAL 1.0000 · acierto 1.0000 · vigente 1.0000 · nose nan (rel nan/aus nan) · invento 0.0000 · 0.2 s/paso
  paso 9850 · perdida  0.6728 · GLOBAL 0.7500 · acierto 0.7500 · vigente 0.7500 · nose nan (rel nan/aus nan) · invento 0.0000 · 0.2 s/paso
  paso 9875 · perdida  1.0517 · GLOBAL 0.2500 · acierto 0.2500 · vigente 0.2500 · nose nan (rel nan/aus nan) · invento 0.0000 · 0.2 s/paso
  paso 9900 · perdida  1.4181 · GLOBAL 0.5000 · acierto 0.5000 · vigente 0.5000 · nose nan (rel nan/aus nan) · invento 0.0000 · 0.2 s/paso
  paso 9925 · perdida  0.5957 · GLOBAL 0.7500 · acierto 0.7500 · vigente 0.7500 · nose nan (rel nan/aus nan) · invento 0.0000 · 0.2 s/paso
  paso 9950 · perdida  0.5964 · GLOBAL 0.7500 · acierto 0.7500 · vigente 0.7500 · nose nan (rel nan/aus nan) · invento 0.0000 · 0.2 s/paso
  paso 9975 · perdida  0.8836 · GLOBAL 0.2500 · acierto 0.2500 · vigente 0.2500 · nose nan (rel nan/aus nan) · invento 0.0000 · 0.2 s/paso
  paso 10000 · perdida  0.6781 · GLOBAL 0.5000 · acierto 0.5000 · vigente 0.5000 · nose nan (rel nan/aus nan) · invento 0.0000 · 0.2 s/paso
  paso 10025 · perdida  0.3553 · GLOBAL 1.0000 · acierto 1.0000 · vigente 1.0000 · nose nan (rel nan/aus nan) · invento 0.0000 · 0.2 s/paso
  paso 10050 · perdida  1.1133 · GLOBAL 0.5000 · acierto 0.5000 · vigente 0.5000 · nose nan (rel nan/aus nan) · invento 0.0000 · 0.2 s/paso
  paso 10075 · perdida  1.1887 · GLOBAL 0.0000 · acierto 0.0000 · vigente 0.0000 · nose nan (rel nan/aus nan) · invento 0.0000 · 0.2 s/paso
  paso 10100 · perdida  0.7233 · GLOBAL 0.7500 · acierto 0.7500 · vigente 0.7500 · nose nan (rel nan/aus nan) · invento 0.0000 · 0.2 s/paso
  paso 10125 · perdida  0.6382 · GLOBAL 0.7500 · acierto 0.7500 · vigente 0.7500 · nose nan (rel nan/aus nan) · invento 0.0000 · 0.2 s/paso
  paso 10150 · perdida  0.7271 · GLOBAL 0.5000 · acierto 0.5000 · vigente 0.5000 · nose nan (rel nan/aus nan) · invento 0.0000 · 0.2 s/paso
  paso 10175 · perdida  1.3636 · GLOBAL 0.2500 · acierto 0.2500 · vigente 0.2500 · nose nan (rel nan/aus nan) · invento 0.0000 · 0.2 s/paso
  paso 10200 · perdida  1.0648 · GLOBAL 0.2500 · acierto 0.2500 · vigente 0.2500 · nose nan (rel nan/aus nan) · invento 0.0000 · 0.2 s/paso
  paso 10225 · perdida  0.5462 · GLOBAL 0.5000 · acierto 0.5000 · vigente 0.5000 · nose nan (rel nan/aus nan) · invento 0.0000 · 0.2 s/paso
  paso 10250 · perdida  0.4623 · GLOBAL 1.0000 · acierto 1.0000 · vigente 1.0000 · nose nan (rel nan/aus nan) · invento 0.0000 · 0.2 s/paso
  paso 10275 · perdida  1.8999 · GLOBAL 0.2500 · acierto 0.2500 · vigente 0.2500 · nose nan (rel nan/aus nan) · invento 0.0000 · 0.2 s/paso
  paso 10300 · perdida  1.0864 · GLOBAL 0.0000 · acierto 0.0000 · vigente 0.0000 · nose nan (rel nan/aus nan) · invento 0.0000 · 0.2 s/paso
  paso 10325 · perdida  1.5304 · GLOBAL 0.0000 · acierto 0.0000 · vigente 0.0000 · nose nan (rel nan/aus nan) · invento 0.0000 · 0.2 s/paso
  paso 10350 · perdida  0.6908 · GLOBAL 0.5000 · acierto 0.5000 · vigente 0.5000 · nose nan (rel nan/aus nan) · invento 0.0000 · 0.2 s/paso
  paso 10375 · perdida  1.0512 · GLOBAL 0.5000 · acierto 0.5000 · vigente 0.5000 · nose nan (rel nan/aus nan) · invento 0.0000 · 0.2 s/paso
  paso 10400 · perdida  1.1157 · GLOBAL 0.5000 · acierto 0.5000 · vigente 0.5000 · nose nan (rel nan/aus nan) · invento 0.0000 · 0.2 s/paso
  paso 10425 · perdida  0.6489 · GLOBAL 0.7500 · acierto 0.7500 · vigente 0.7500 · nose nan (rel nan/aus nan) · invento 0.0000 · 0.2 s/paso
  paso 10450 · perdida  0.3351 · GLOBAL 0.7500 · acierto 0.7500 · vigente 0.7500 · nose nan (rel nan/aus nan) · invento 0.0000 · 0.2 s/paso
  paso 10475 · perdida  0.9840 · GLOBAL 0.5000 · acierto 0.5000 · vigente 0.5000 · nose nan (rel nan/aus nan) · invento 0.0000 · 0.2 s/paso
  paso 10500 · perdida  0.9686 · GLOBAL 0.5000 · acierto 0.5000 · vigente 0.5000 · nose nan (rel nan/aus nan) · invento 0.0000 · 0.2 s/paso
  paso 10525 · perdida  0.5828 · GLOBAL 0.5000 · acierto 0.5000 · vigente 0.5000 · nose nan (rel nan/aus nan) · invento 0.0000 · 0.2 s/paso
  paso 10550 · perdida  0.7833 · GLOBAL 0.2500 · acierto 0.2500 · vigente 0.2500 · nose nan (rel nan/aus nan) · invento 0.0000 · 0.2 s/paso
  paso 10575 · perdida  1.2483 · GLOBAL 0.5000 · acierto 0.5000 · vigente 0.5000 · nose nan (rel nan/aus nan) · invento 0.0000 · 0.2 s/paso
  paso 10600 · perdida  0.9050 · GLOBAL 0.2500 · acierto 0.2500 · vigente 0.2500 · nose nan (rel nan/aus nan) · invento 0.0000 · 0.2 s/paso
  paso 10625 · perdida  0.8366 · GLOBAL 0.5000 · acierto 0.5000 · vigente 0.5000 · nose nan (rel nan/aus nan) · invento 0.0000 · 0.2 s/paso
  paso 10650 · perdida  0.5980 · GLOBAL 0.5000 · acierto 0.5000 · vigente 0.5000 · nose nan (rel nan/aus nan) · invento 0.0000 · 0.2 s/paso
  paso 10675 · perdida  0.9884 · GLOBAL 0.5000 · acierto 0.5000 · vigente 0.5000 · nose nan (rel nan/aus nan) · invento 0.0000 · 0.2 s/paso
  paso 10700 · perdida  1.0671 · GLOBAL 0.2500 · acierto 0.2500 · vigente 0.2500 · nose nan (rel nan/aus nan) · invento 0.0000 · 0.2 s/paso
  paso 10725 · perdida  1.4219 · GLOBAL 0.2500 · acierto 0.2500 · vigente 0.2500 · nose nan (rel nan/aus nan) · invento 0.0000 · 0.2 s/paso
  paso 10750 · perdida  0.8639 · GLOBAL 0.2500 · acierto 0.2500 · vigente 0.2500 · nose nan (rel nan/aus nan) · invento 0.0000 · 0.2 s/paso
  paso 10775 · perdida  0.3731 · GLOBAL 1.0000 · acierto 1.0000 · vigente 1.0000 · nose nan (rel nan/aus nan) · invento 0.0000 · 0.2 s/paso
  paso 10800 · perdida  0.6994 · GLOBAL 0.7500 · acierto 0.7500 · vigente 0.7500 · nose nan (rel nan/aus nan) · invento 0.0000 · 0.2 s/paso
  paso 10825 · perdida  0.6295 · GLOBAL 0.7500 · acierto 0.7500 · vigente 0.7500 · nose nan (rel nan/aus nan) · invento 0.0000 · 0.2 s/paso
  paso 10850 · perdida  0.6923 · GLOBAL 0.7500 · acierto 0.7500 · vigente 0.7500 · nose nan (rel nan/aus nan) · invento 0.0000 · 0.2 s/paso
  paso 10875 · perdida  0.5330 · GLOBAL 0.7500 · acierto 0.7500 · vigente 0.7500 · nose nan (rel nan/aus nan) · invento 0.0000 · 0.2 s/paso
  paso 10900 · perdida  0.9672 · GLOBAL 0.7500 · acierto 0.7500 · vigente 0.7500 · nose nan (rel nan/aus nan) · invento 0.0000 · 0.2 s/paso
  paso 10925 · perdida  0.5748 · GLOBAL 0.5000 · acierto 0.5000 · vigente 0.5000 · nose nan (rel nan/aus nan) · invento 0.0000 · 0.2 s/paso
  paso 10950 · perdida  0.8963 · GLOBAL 0.7500 · acierto 0.7500 · vigente 0.7500 · nose nan (rel nan/aus nan) · invento 0.0000 · 0.2 s/paso
  paso 10975 · perdida  1.4664 · GLOBAL 0.0000 · acierto 0.0000 · vigente 0.0000 · nose nan (rel nan/aus nan) · invento 0.0000 · 0.2 s/paso
  paso 11000 · perdida  0.3198 · GLOBAL 1.0000 · acierto 1.0000 · vigente 1.0000 · nose nan (rel nan/aus nan) · invento 0.0000 · 0.2 s/paso
  paso 11025 · perdida  1.0235 · GLOBAL 0.5000 · acierto 0.5000 · vigente 0.5000 · nose nan (rel nan/aus nan) · invento 0.0000 · 0.2 s/paso
  paso 11050 · perdida  1.3814 · GLOBAL 0.2500 · acierto 0.2500 · vigente 0.2500 · nose nan (rel nan/aus nan) · invento 0.0000 · 0.2 s/paso
  paso 11075 · perdida  1.0997 · GLOBAL 0.2500 · acierto 0.2500 · vigente 0.2500 · nose nan (rel nan/aus nan) · invento 0.0000 · 0.2 s/paso
  paso 11100 · perdida  0.8121 · GLOBAL 0.7500 · acierto 0.7500 · vigente 0.7500 · nose nan (rel nan/aus nan) · invento 0.0000 · 0.2 s/paso
  paso 11125 · perdida  1.0261 · GLOBAL 0.5000 · acierto 0.5000 · vigente 0.5000 · nose nan (rel nan/aus nan) · invento 0.0000 · 0.2 s/paso
  paso 11150 · perdida  0.7739 · GLOBAL 0.7500 · acierto 0.7500 · vigente 0.7500 · nose nan (rel nan/aus nan) · invento 0.0000 · 0.2 s/paso
  paso 11175 · perdida  1.2742 · GLOBAL 0.5000 · acierto 0.5000 · vigente 0.5000 · nose nan (rel nan/aus nan) · invento 0.0000 · 0.2 s/paso
  paso 11200 · perdida  0.6546 · GLOBAL 0.7500 · acierto 0.7500 · vigente 0.7500 · nose nan (rel nan/aus nan) · invento 0.0000 · 0.2 s/paso
  paso 11225 · perdida  1.5609 · GLOBAL 0.5000 · acierto 0.5000 · vigente 0.5000 · nose nan (rel nan/aus nan) · invento 0.0000 · 0.2 s/paso
  paso 11250 · perdida  1.8693 · GLOBAL 0.2500 · acierto 0.2500 · vigente 0.2500 · nose nan (rel nan/aus nan) · invento 0.0000 · 0.2 s/paso
  paso 11275 · perdida  0.6740 · GLOBAL 0.7500 · acierto 0.7500 · vigente 0.7500 · nose nan (rel nan/aus nan) · invento 0.0000 · 0.2 s/paso
  paso 11300 · perdida  0.7881 · GLOBAL 0.5000 · acierto 0.5000 · vigente 0.5000 · nose nan (rel nan/aus nan) · invento 0.0000 · 0.2 s/paso
  paso 11325 · perdida  0.5944 · GLOBAL 0.5000 · acierto 0.5000 · vigente 0.5000 · nose nan (rel nan/aus nan) · invento 0.0000 · 0.2 s/paso
  paso 11350 · perdida  1.5894 · GLOBAL 0.2500 · acierto 0.2500 · vigente 0.2500 · nose nan (rel nan/aus nan) · invento 0.0000 · 0.2 s/paso
  paso 11375 · perdida  0.5816 · GLOBAL 0.5000 · acierto 0.5000 · vigente 0.5000 · nose nan (rel nan/aus nan) · invento 0.0000 · 0.2 s/paso
  paso 11400 · perdida  0.7238 · GLOBAL 0.7500 · acierto 0.7500 · vigente 0.7500 · nose nan (rel nan/aus nan) · invento 0.0000 · 0.2 s/paso
  paso 11425 · perdida  0.5916 · GLOBAL 0.5000 · acierto 0.5000 · vigente 0.5000 · nose nan (rel nan/aus nan) · invento 0.0000 · 0.2 s/paso
  paso 11450 · perdida  0.2902 · GLOBAL 1.0000 · acierto 1.0000 · vigente 1.0000 · nose nan (rel nan/aus nan) · invento 0.0000 · 0.2 s/paso
  paso 11475 · perdida  1.3664 · GLOBAL 0.2500 · acierto 0.2500 · vigente 0.2500 · nose nan (rel nan/aus nan) · invento 0.0000 · 0.2 s/paso
  paso 11500 · perdida  1.1362 · GLOBAL 0.2500 · acierto 0.2500 · vigente 0.2500 · nose nan (rel nan/aus nan) · invento 0.0000 · 0.2 s/paso
  paso 11525 · perdida  0.5720 · GLOBAL 1.0000 · acierto 1.0000 · vigente 1.0000 · nose nan (rel nan/aus nan) · invento 0.0000 · 0.2 s/paso
  paso 11550 · perdida  1.4087 · GLOBAL 0.2500 · acierto 0.2500 · vigente 0.2500 · nose nan (rel nan/aus nan) · invento 0.0000 · 0.2 s/paso
  paso 11575 · perdida  1.7690 · GLOBAL 0.0000 · acierto 0.0000 · vigente 0.0000 · nose nan (rel nan/aus nan) · invento 0.0000 · 0.2 s/paso
  paso 11600 · perdida  0.7495 · GLOBAL 0.5000 · acierto 0.5000 · vigente 0.5000 · nose nan (rel nan/aus nan) · invento 0.0000 · 0.2 s/paso
  paso 11625 · perdida  1.1186 · GLOBAL 0.2500 · acierto 0.2500 · vigente 0.2500 · nose nan (rel nan/aus nan) · invento 0.0000 · 0.2 s/paso
  paso 11650 · perdida  0.7232 · GLOBAL 0.5000 · acierto 0.5000 · vigente 0.5000 · nose nan (rel nan/aus nan) · invento 0.0000 · 0.2 s/paso
  paso 11675 · perdida  1.3193 · GLOBAL 0.2500 · acierto 0.2500 · vigente 0.2500 · nose nan (rel nan/aus nan) · invento 0.0000 · 0.2 s/paso
  paso 11700 · perdida  1.5890 · GLOBAL 0.2500 · acierto 0.2500 · vigente 0.2500 · nose nan (rel nan/aus nan) · invento 0.0000 · 0.2 s/paso
  paso 11725 · perdida  1.1564 · GLOBAL 0.0000 · acierto 0.0000 · vigente 0.0000 · nose nan (rel nan/aus nan) · invento 0.0000 · 0.2 s/paso
  paso 11750 · perdida  1.4119 · GLOBAL 0.0000 · acierto 0.0000 · vigente 0.0000 · nose nan (rel nan/aus nan) · invento 0.0000 · 0.2 s/paso
  paso 11775 · perdida  0.7928 · GLOBAL 0.5000 · acierto 0.5000 · vigente 0.5000 · nose nan (rel nan/aus nan) · invento 0.0000 · 0.2 s/paso
  paso 11800 · perdida  0.6526 · GLOBAL 0.5000 · acierto 0.5000 · vigente 0.5000 · nose nan (rel nan/aus nan) · invento 0.0000 · 0.2 s/paso
  paso 11825 · perdida  0.5197 · GLOBAL 0.5000 · acierto 0.5000 · vigente 0.5000 · nose nan (rel nan/aus nan) · invento 0.0000 · 0.2 s/paso
  paso 11850 · perdida  0.6941 · GLOBAL 0.5000 · acierto 0.5000 · vigente 0.5000 · nose nan (rel nan/aus nan) · invento 0.0000 · 0.2 s/paso
  paso 11875 · perdida  1.3177 · GLOBAL 0.0000 · acierto 0.0000 · vigente 0.0000 · nose nan (rel nan/aus nan) · invento 0.0000 · 0.2 s/paso
  paso 11900 · perdida  0.4979 · GLOBAL 0.7500 · acierto 0.7500 · vigente 0.7500 · nose nan (rel nan/aus nan) · invento 0.0000 · 0.2 s/paso
  paso 11925 · perdida  0.9213 · GLOBAL 0.2500 · acierto 0.2500 · vigente 0.2500 · nose nan (rel nan/aus nan) · invento 0.0000 · 0.2 s/paso
  paso 11950 · perdida  1.0632 · GLOBAL 0.5000 · acierto 0.5000 · vigente 0.5000 · nose nan (rel nan/aus nan) · invento 0.0000 · 0.2 s/paso
  paso 11975 · perdida  1.2139 · GLOBAL 0.2500 · acierto 0.2500 · vigente 0.2500 · nose nan (rel nan/aus nan) · invento 0.0000 · 0.2 s/paso
  paso 12000 · perdida  0.7270 · GLOBAL 0.5000 · acierto 0.5000 · vigente 0.5000 · nose nan (rel nan/aus nan) · invento 0.0000 · 0.2 s/paso
  paso 12025 · perdida  1.6280 · GLOBAL 0.2500 · acierto 0.2500 · vigente 0.2500 · nose nan (rel nan/aus nan) · invento 0.0000 · 0.2 s/paso
  paso 12050 · perdida  1.2561 · GLOBAL 0.5000 · acierto 0.5000 · vigente 0.5000 · nose nan (rel nan/aus nan) · invento 0.0000 · 0.2 s/paso
  paso 12075 · perdida  1.0637 · GLOBAL 0.5000 · acierto 0.5000 · vigente 0.5000 · nose nan (rel nan/aus nan) · invento 0.0000 · 0.2 s/paso
  paso 12100 · perdida  0.9344 · GLOBAL 0.5000 · acierto 0.5000 · vigente 0.5000 · nose nan (rel nan/aus nan) · invento 0.0000 · 0.2 s/paso
  paso 12125 · perdida  1.0226 · GLOBAL 0.5000 · acierto 0.5000 · vigente 0.5000 · nose nan (rel nan/aus nan) · invento 0.0000 · 0.2 s/paso
  paso 12150 · perdida  0.6033 · GLOBAL 0.7500 · acierto 0.7500 · vigente 0.7500 · nose nan (rel nan/aus nan) · invento 0.0000 · 0.2 s/paso
  paso 12175 · perdida  1.2284 · GLOBAL 0.2500 · acierto 0.2500 · vigente 0.2500 · nose nan (rel nan/aus nan) · invento 0.0000 · 0.2 s/paso
  paso 12200 · perdida  1.3434 · GLOBAL 0.0000 · acierto 0.0000 · vigente 0.0000 · nose nan (rel nan/aus nan) · invento 0.0000 · 0.2 s/paso
  paso 12225 · perdida  0.5700 · GLOBAL 0.7500 · acierto 0.7500 · vigente 0.7500 · nose nan (rel nan/aus nan) · invento 0.0000 · 0.2 s/paso
  paso 12250 · perdida  0.5291 · GLOBAL 0.7500 · acierto 0.7500 · vigente 0.7500 · nose nan (rel nan/aus nan) · invento 0.0000 · 0.2 s/paso
  paso 12275 · perdida  0.8951 · GLOBAL 0.5000 · acierto 0.5000 · vigente 0.5000 · nose nan (rel nan/aus nan) · invento 0.0000 · 0.2 s/paso
  paso 12300 · perdida  1.1056 · GLOBAL 0.5000 · acierto 0.5000 · vigente 0.5000 · nose nan (rel nan/aus nan) · invento 0.0000 · 0.2 s/paso
  paso 12325 · perdida  0.6745 · GLOBAL 0.5000 · acierto 0.5000 · vigente 0.5000 · nose nan (rel nan/aus nan) · invento 0.0000 · 0.2 s/paso
  paso 12350 · perdida  1.0817 · GLOBAL 0.5000 · acierto 0.5000 · vigente 0.5000 · nose nan (rel nan/aus nan) · invento 0.0000 · 0.2 s/paso
  paso 12375 · perdida  0.8034 · GLOBAL 0.2500 · acierto 0.2500 · vigente 0.2500 · nose nan (rel nan/aus nan) · invento 0.0000 · 0.2 s/paso
  paso 12400 · perdida  1.0509 · GLOBAL 0.7500 · acierto 0.7500 · vigente 0.7500 · nose nan (rel nan/aus nan) · invento 0.0000 · 0.2 s/paso
  paso 12425 · perdida  1.2316 · GLOBAL 0.2500 · acierto 0.2500 · vigente 0.2500 · nose nan (rel nan/aus nan) · invento 0.0000 · 0.2 s/paso
  paso 12450 · perdida  0.9248 · GLOBAL 0.5000 · acierto 0.5000 · vigente 0.5000 · nose nan (rel nan/aus nan) · invento 0.0000 · 0.2 s/paso
  paso 12475 · perdida  1.1130 · GLOBAL 0.2500 · acierto 0.2500 · vigente 0.2500 · nose nan (rel nan/aus nan) · invento 0.0000 · 0.2 s/paso
  paso 12500 · perdida  1.2192 · GLOBAL 0.5000 · acierto 0.5000 · vigente 0.5000 · nose nan (rel nan/aus nan) · invento 0.0000 · 0.2 s/paso
  paso 12525 · perdida  0.6866 · GLOBAL 0.7500 · acierto 0.7500 · vigente 0.7500 · nose nan (rel nan/aus nan) · invento 0.0000 · 0.2 s/paso
  paso 12550 · perdida  0.8355 · GLOBAL 0.2500 · acierto 0.2500 · vigente 0.2500 · nose nan (rel nan/aus nan) · invento 0.0000 · 0.2 s/paso
  paso 12575 · perdida  2.0134 · GLOBAL 0.2500 · acierto 0.2500 · vigente 0.2500 · nose nan (rel nan/aus nan) · invento 0.0000 · 0.2 s/paso
  paso 12600 · perdida  1.3000 · GLOBAL 0.0000 · acierto 0.0000 · vigente 0.0000 · nose nan (rel nan/aus nan) · invento 0.0000 · 0.2 s/paso
  paso 12625 · perdida  0.6941 · GLOBAL 0.5000 · acierto 0.5000 · vigente 0.5000 · nose nan (rel nan/aus nan) · invento 0.0000 · 0.2 s/paso
  paso 12650 · perdida  1.0398 · GLOBAL 0.2500 · acierto 0.2500 · vigente 0.2500 · nose nan (rel nan/aus nan) · invento 0.0000 · 0.2 s/paso
  paso 12675 · perdida  0.6092 · GLOBAL 0.7500 · acierto 0.7500 · vigente 0.7500 · nose nan (rel nan/aus nan) · invento 0.0000 · 0.2 s/paso
  paso 12700 · perdida  0.7637 · GLOBAL 0.5000 · acierto 0.5000 · vigente 0.5000 · nose nan (rel nan/aus nan) · invento 0.0000 · 0.2 s/paso
  paso 12725 · perdida  1.6644 · GLOBAL 0.0000 · acierto 0.0000 · vigente 0.0000 · nose nan (rel nan/aus nan) · invento 0.0000 · 0.2 s/paso
  paso 12750 · perdida  0.6744 · GLOBAL 1.0000 · acierto 1.0000 · vigente 1.0000 · nose nan (rel nan/aus nan) · invento 0.0000 · 0.2 s/paso
  paso 12775 · perdida  0.8331 · GLOBAL 0.5000 · acierto 0.5000 · vigente 0.5000 · nose nan (rel nan/aus nan) · invento 0.0000 · 0.2 s/paso
  paso 12800 · perdida  1.1726 · GLOBAL 0.5000 · acierto 0.5000 · vigente 0.5000 · nose nan (rel nan/aus nan) · invento 0.0000 · 0.2 s/paso
  paso 12825 · perdida  0.3824 · GLOBAL 0.7500 · acierto 0.7500 · vigente 0.7500 · nose nan (rel nan/aus nan) · invento 0.0000 · 0.2 s/paso
  paso 12850 · perdida  1.0888 · GLOBAL 0.7500 · acierto 0.7500 · vigente 0.7500 · nose nan (rel nan/aus nan) · invento 0.0000 · 0.2 s/paso
  paso 12875 · perdida  0.5503 · GLOBAL 1.0000 · acierto 1.0000 · vigente 1.0000 · nose nan (rel nan/aus nan) · invento 0.0000 · 0.2 s/paso
  paso 12900 · perdida  1.0449 · GLOBAL 0.5000 · acierto 0.5000 · vigente 0.5000 · nose nan (rel nan/aus nan) · invento 0.0000 · 0.2 s/paso
  paso 12925 · perdida  1.0059 · GLOBAL 0.2500 · acierto 0.2500 · vigente 0.2500 · nose nan (rel nan/aus nan) · invento 0.0000 · 0.2 s/paso
  paso 12950 · perdida  0.6115 · GLOBAL 0.7500 · acierto 0.7500 · vigente 0.7500 · nose nan (rel nan/aus nan) · invento 0.0000 · 0.2 s/paso
  paso 12975 · perdida  0.9636 · GLOBAL 0.5000 · acierto 0.5000 · vigente 0.5000 · nose nan (rel nan/aus nan) · invento 0.0000 · 0.2 s/paso
  paso 13000 · perdida  0.6160 · GLOBAL 0.5000 · acierto 0.5000 · vigente 0.5000 · nose nan (rel nan/aus nan) · invento 0.0000 · 0.2 s/paso
  paso 13025 · perdida  0.3748 · GLOBAL 1.0000 · acierto 1.0000 · vigente 1.0000 · nose nan (rel nan/aus nan) · invento 0.0000 · 0.2 s/paso
  paso 13050 · perdida  1.1104 · GLOBAL 0.5000 · acierto 0.5000 · vigente 0.5000 · nose nan (rel nan/aus nan) · invento 0.0000 · 0.2 s/paso
  paso 13075 · perdida  0.7551 · GLOBAL 0.5000 · acierto 0.5000 · vigente 0.5000 · nose nan (rel nan/aus nan) · invento 0.0000 · 0.2 s/paso
  paso 13100 · perdida  1.0949 · GLOBAL 0.2500 · acierto 0.2500 · vigente 0.2500 · nose nan (rel nan/aus nan) · invento 0.0000 · 0.2 s/paso
  paso 13125 · perdida  1.1918 · GLOBAL 0.5000 · acierto 0.5000 · vigente 0.5000 · nose nan (rel nan/aus nan) · invento 0.0000 · 0.2 s/paso
  paso 13150 · perdida  0.5446 · GLOBAL 0.7500 · acierto 0.7500 · vigente 0.7500 · nose nan (rel nan/aus nan) · invento 0.0000 · 0.2 s/paso
  paso 13175 · perdida  0.6341 · GLOBAL 0.7500 · acierto 0.7500 · vigente 0.7500 · nose nan (rel nan/aus nan) · invento 0.0000 · 0.2 s/paso
  paso 13200 · perdida  0.7154 · GLOBAL 0.7500 · acierto 0.7500 · vigente 0.7500 · nose nan (rel nan/aus nan) · invento 0.0000 · 0.2 s/paso
  paso 13225 · perdida  0.3307 · GLOBAL 0.7500 · acierto 0.7500 · vigente 0.7500 · nose nan (rel nan/aus nan) · invento 0.0000 · 0.2 s/paso
  paso 13250 · perdida  1.4410 · GLOBAL 0.2500 · acierto 0.2500 · vigente 0.2500 · nose nan (rel nan/aus nan) · invento 0.0000 · 0.2 s/paso
  paso 13275 · perdida  0.6645 · GLOBAL 0.7500 · acierto 0.7500 · vigente 0.7500 · nose nan (rel nan/aus nan) · invento 0.0000 · 0.2 s/paso
  paso 13300 · perdida  0.5898 · GLOBAL 0.7500 · acierto 0.7500 · vigente 0.7500 · nose nan (rel nan/aus nan) · invento 0.0000 · 0.2 s/paso
  paso 13325 · perdida  1.0837 · GLOBAL 0.5000 · acierto 0.5000 · vigente 0.5000 · nose nan (rel nan/aus nan) · invento 0.0000 · 0.2 s/paso
  paso 13350 · perdida  0.3220 · GLOBAL 1.0000 · acierto 1.0000 · vigente 1.0000 · nose nan (rel nan/aus nan) · invento 0.0000 · 0.2 s/paso
  paso 13375 · perdida  0.5921 · GLOBAL 1.0000 · acierto 1.0000 · vigente 1.0000 · nose nan (rel nan/aus nan) · invento 0.0000 · 0.2 s/paso
  paso 13400 · perdida  1.4407 · GLOBAL 0.5000 · acierto 0.5000 · vigente 0.5000 · nose nan (rel nan/aus nan) · invento 0.0000 · 0.2 s/paso
  paso 13425 · perdida  0.7951 · GLOBAL 0.7500 · acierto 0.7500 · vigente 0.7500 · nose nan (rel nan/aus nan) · invento 0.0000 · 0.2 s/paso
  paso 13450 · perdida  0.6271 · GLOBAL 0.7500 · acierto 0.7500 · vigente 0.7500 · nose nan (rel nan/aus nan) · invento 0.0000 · 0.2 s/paso
  paso 13475 · perdida  1.1630 · GLOBAL 0.2500 · acierto 0.2500 · vigente 0.2500 · nose nan (rel nan/aus nan) · invento 0.0000 · 0.2 s/paso
  paso 13500 · perdida  0.8213 · GLOBAL 0.5000 · acierto 0.5000 · vigente 0.5000 · nose nan (rel nan/aus nan) · invento 0.0000 · 0.2 s/paso
  paso 13525 · perdida  1.1548 · GLOBAL 0.2500 · acierto 0.2500 · vigente 0.2500 · nose nan (rel nan/aus nan) · invento 0.0000 · 0.2 s/paso
  paso 13550 · perdida  1.0642 · GLOBAL 0.5000 · acierto 0.5000 · vigente 0.5000 · nose nan (rel nan/aus nan) · invento 0.0000 · 0.2 s/paso
  paso 13575 · perdida  1.1840 · GLOBAL 0.2500 · acierto 0.2500 · vigente 0.2500 · nose nan (rel nan/aus nan) · invento 0.0000 · 0.2 s/paso
  paso 13600 · perdida  0.6558 · GLOBAL 0.7500 · acierto 0.7500 · vigente 0.7500 · nose nan (rel nan/aus nan) · invento 0.0000 · 0.2 s/paso
  paso 13625 · perdida  0.9926 · GLOBAL 0.2500 · acierto 0.2500 · vigente 0.2500 · nose nan (rel nan/aus nan) · invento 0.0000 · 0.2 s/paso
  paso 13650 · perdida  0.6656 · GLOBAL 0.7500 · acierto 0.7500 · vigente 0.7500 · nose nan (rel nan/aus nan) · invento 0.0000 · 0.2 s/paso
  paso 13675 · perdida  1.4766 · GLOBAL 0.0000 · acierto 0.0000 · vigente 0.0000 · nose nan (rel nan/aus nan) · invento 0.0000 · 0.2 s/paso
  paso 13700 · perdida  0.4376 · GLOBAL 1.0000 · acierto 1.0000 · vigente 1.0000 · nose nan (rel nan/aus nan) · invento 0.0000 · 0.2 s/paso
  paso 13725 · perdida  1.1049 · GLOBAL 0.2500 · acierto 0.2500 · vigente 0.2500 · nose nan (rel nan/aus nan) · invento 0.0000 · 0.2 s/paso
  paso 13750 · perdida  0.8318 · GLOBAL 0.5000 · acierto 0.5000 · vigente 0.5000 · nose nan (rel nan/aus nan) · invento 0.0000 · 0.2 s/paso
  paso 13775 · perdida  1.4281 · GLOBAL 0.5000 · acierto 0.5000 · vigente 0.5000 · nose nan (rel nan/aus nan) · invento 0.0000 · 0.2 s/paso
  paso 13800 · perdida  0.9546 · GLOBAL 0.5000 · acierto 0.5000 · vigente 0.5000 · nose nan (rel nan/aus nan) · invento 0.0000 · 0.2 s/paso
  paso 13825 · perdida  0.3950 · GLOBAL 1.0000 · acierto 1.0000 · vigente 1.0000 · nose nan (rel nan/aus nan) · invento 0.0000 · 0.2 s/paso
  paso 13850 · perdida  0.9193 · GLOBAL 0.2500 · acierto 0.2500 · vigente 0.2500 · nose nan (rel nan/aus nan) · invento 0.0000 · 0.2 s/paso
  paso 13875 · perdida  0.4946 · GLOBAL 0.7500 · acierto 0.7500 · vigente 0.7500 · nose nan (rel nan/aus nan) · invento 0.0000 · 0.2 s/paso
  paso 13900 · perdida  0.7035 · GLOBAL 0.7500 · acierto 0.7500 · vigente 0.7500 · nose nan (rel nan/aus nan) · invento 0.0000 · 0.2 s/paso
  paso 13925 · perdida  0.7212 · GLOBAL 0.7500 · acierto 0.7500 · vigente 0.7500 · nose nan (rel nan/aus nan) · invento 0.0000 · 0.2 s/paso
  paso 13950 · perdida  1.2842 · GLOBAL 0.5000 · acierto 0.5000 · vigente 0.5000 · nose nan (rel nan/aus nan) · invento 0.0000 · 0.2 s/paso
  paso 13975 · perdida  1.0206 · GLOBAL 0.7500 · acierto 0.7500 · vigente 0.7500 · nose nan (rel nan/aus nan) · invento 0.0000 · 0.2 s/paso
  paso 14000 · perdida  0.9577 · GLOBAL 0.2500 · acierto 0.2500 · vigente 0.2500 · nose nan (rel nan/aus nan) · invento 0.0000 · 0.2 s/paso
  paso 14025 · perdida  0.3827 · GLOBAL 1.0000 · acierto 1.0000 · vigente 1.0000 · nose nan (rel nan/aus nan) · invento 0.0000 · 0.2 s/paso
  paso 14050 · perdida  1.2122 · GLOBAL 0.5000 · acierto 0.5000 · vigente 0.5000 · nose nan (rel nan/aus nan) · invento 0.0000 · 0.2 s/paso
  paso 14075 · perdida  0.8368 · GLOBAL 0.5000 · acierto 0.5000 · vigente 0.5000 · nose nan (rel nan/aus nan) · invento 0.0000 · 0.2 s/paso
  paso 14100 · perdida  1.6621 · GLOBAL 0.2500 · acierto 0.2500 · vigente 0.2500 · nose nan (rel nan/aus nan) · invento 0.0000 · 0.2 s/paso
  paso 14125 · perdida  0.9269 · GLOBAL 0.7500 · acierto 0.7500 · vigente 0.7500 · nose nan (rel nan/aus nan) · invento 0.0000 · 0.2 s/paso
  paso 14150 · perdida  1.5861 · GLOBAL 0.5000 · acierto 0.5000 · vigente 0.5000 · nose nan (rel nan/aus nan) · invento 0.0000 · 0.2 s/paso
  paso 14175 · perdida  1.9403 · GLOBAL 0.0000 · acierto 0.0000 · vigente 0.0000 · nose nan (rel nan/aus nan) · invento 0.0000 · 0.2 s/paso
  paso 14200 · perdida  0.4132 · GLOBAL 1.0000 · acierto 1.0000 · vigente 1.0000 · nose nan (rel nan/aus nan) · invento 0.0000 · 0.2 s/paso
  paso 14225 · perdida  1.8660 · GLOBAL 0.0000 · acierto 0.0000 · vigente 0.0000 · nose nan (rel nan/aus nan) · invento 0.0000 · 0.2 s/paso
  paso 14250 · perdida  0.9085 · GLOBAL 0.5000 · acierto 0.5000 · vigente 0.5000 · nose nan (rel nan/aus nan) · invento 0.0000 · 0.2 s/paso
  paso 14275 · perdida  0.8456 · GLOBAL 0.5000 · acierto 0.5000 · vigente 0.5000 · nose nan (rel nan/aus nan) · invento 0.0000 · 0.2 s/paso
  paso 14300 · perdida  0.6857 · GLOBAL 0.7500 · acierto 0.7500 · vigente 0.7500 · nose nan (rel nan/aus nan) · invento 0.0000 · 0.2 s/paso
  paso 14325 · perdida  0.6312 · GLOBAL 0.5000 · acierto 0.5000 · vigente 0.5000 · nose nan (rel nan/aus nan) · invento 0.0000 · 0.2 s/paso
  paso 14350 · perdida  0.8082 · GLOBAL 0.5000 · acierto 0.5000 · vigente 0.5000 · nose nan (rel nan/aus nan) · invento 0.0000 · 0.2 s/paso
  paso 14375 · perdida  0.9369 · GLOBAL 0.5000 · acierto 0.5000 · vigente 0.5000 · nose nan (rel nan/aus nan) · invento 0.0000 · 0.2 s/paso
  paso 14400 · perdida  0.6702 · GLOBAL 0.7500 · acierto 0.7500 · vigente 0.7500 · nose nan (rel nan/aus nan) · invento 0.0000 · 0.2 s/paso
  paso 14425 · perdida  0.4526 · GLOBAL 0.7500 · acierto 0.7500 · vigente 0.7500 · nose nan (rel nan/aus nan) · invento 0.0000 · 0.2 s/paso
  paso 14450 · perdida  0.6539 · GLOBAL 0.7500 · acierto 0.7500 · vigente 0.7500 · nose nan (rel nan/aus nan) · invento 0.0000 · 0.2 s/paso
  paso 14475 · perdida  1.1292 · GLOBAL 0.2500 · acierto 0.2500 · vigente 0.2500 · nose nan (rel nan/aus nan) · invento 0.0000 · 0.2 s/paso
  paso 14500 · perdida  0.5378 · GLOBAL 1.0000 · acierto 1.0000 · vigente 1.0000 · nose nan (rel nan/aus nan) · invento 0.0000 · 0.2 s/paso
  paso 14525 · perdida  0.7532 · GLOBAL 0.7500 · acierto 0.7500 · vigente 0.7500 · nose nan (rel nan/aus nan) · invento 0.0000 · 0.2 s/paso
  paso 14550 · perdida  0.9158 · GLOBAL 0.2500 · acierto 0.2500 · vigente 0.2500 · nose nan (rel nan/aus nan) · invento 0.0000 · 0.2 s/paso
  paso 14575 · perdida  1.7166 · GLOBAL 0.5000 · acierto 0.5000 · vigente 0.5000 · nose nan (rel nan/aus nan) · invento 0.0000 · 0.2 s/paso
  paso 14600 · perdida  0.6976 · GLOBAL 0.7500 · acierto 0.7500 · vigente 0.7500 · nose nan (rel nan/aus nan) · invento 0.0000 · 0.2 s/paso
  paso 14625 · perdida  0.7922 · GLOBAL 0.5000 · acierto 0.5000 · vigente 0.5000 · nose nan (rel nan/aus nan) · invento 0.0000 · 0.2 s/paso
  paso 14650 · perdida  0.9874 · GLOBAL 0.5000 · acierto 0.5000 · vigente 0.5000 · nose nan (rel nan/aus nan) · invento 0.0000 · 0.2 s/paso
  paso 14675 · perdida  0.8466 · GLOBAL 0.2500 · acierto 0.2500 · vigente 0.2500 · nose nan (rel nan/aus nan) · invento 0.0000 · 0.2 s/paso
  paso 14700 · perdida  1.3105 · GLOBAL 0.0000 · acierto 0.0000 · vigente 0.0000 · nose nan (rel nan/aus nan) · invento 0.0000 · 0.2 s/paso
  paso 14725 · perdida  0.5191 · GLOBAL 1.0000 · acierto 1.0000 · vigente 1.0000 · nose nan (rel nan/aus nan) · invento 0.0000 · 0.2 s/paso
  paso 14750 · perdida  1.0584 · GLOBAL 0.2500 · acierto 0.2500 · vigente 0.2500 · nose nan (rel nan/aus nan) · invento 0.0000 · 0.2 s/paso
  paso 14775 · perdida  0.5714 · GLOBAL 0.7500 · acierto 0.7500 · vigente 0.7500 · nose nan (rel nan/aus nan) · invento 0.0000 · 0.2 s/paso
  paso 14800 · perdida  1.4135 · GLOBAL 0.2500 · acierto 0.2500 · vigente 0.2500 · nose nan (rel nan/aus nan) · invento 0.0000 · 0.2 s/paso
  paso 14825 · perdida  1.1212 · GLOBAL 0.2500 · acierto 0.2500 · vigente 0.2500 · nose nan (rel nan/aus nan) · invento 0.0000 · 0.2 s/paso
  paso 14850 · perdida  0.7235 · GLOBAL 0.7500 · acierto 0.7500 · vigente 0.7500 · nose nan (rel nan/aus nan) · invento 0.0000 · 0.2 s/paso
  paso 14875 · perdida  0.7611 · GLOBAL 0.5000 · acierto 0.5000 · vigente 0.5000 · nose nan (rel nan/aus nan) · invento 0.0000 · 0.2 s/paso
  paso 14900 · perdida  0.4057 · GLOBAL 0.7500 · acierto 0.7500 · vigente 0.7500 · nose nan (rel nan/aus nan) · invento 0.0000 · 0.2 s/paso
  paso 14925 · perdida  0.7453 · GLOBAL 0.5000 · acierto 0.5000 · vigente 0.5000 · nose nan (rel nan/aus nan) · invento 0.0000 · 0.2 s/paso
  paso 14950 · perdida  0.6336 · GLOBAL 0.5000 · acierto 0.5000 · vigente 0.5000 · nose nan (rel nan/aus nan) · invento 0.0000 · 0.2 s/paso
  paso 14975 · perdida  1.1774 · GLOBAL 0.0000 · acierto 0.0000 · vigente 0.0000 · nose nan (rel nan/aus nan) · invento 0.0000 · 0.2 s/paso
  paso 15000 · perdida  0.3491 · GLOBAL 1.0000 · acierto 1.0000 · vigente 1.0000 · nose nan (rel nan/aus nan) · invento 0.0000 · 0.2 s/paso
  paso 15025 · perdida  1.2210 · GLOBAL 0.5000 · acierto 0.5000 · vigente 0.5000 · nose nan (rel nan/aus nan) · invento 0.0000 · 0.2 s/paso
  paso 15050 · perdida  0.6746 · GLOBAL 0.2500 · acierto 0.2500 · vigente 0.2500 · nose nan (rel nan/aus nan) · invento 0.0000 · 0.2 s/paso
  paso 15075 · perdida  0.8089 · GLOBAL 0.7500 · acierto 0.7500 · vigente 0.7500 · nose nan (rel nan/aus nan) · invento 0.0000 · 0.2 s/paso
  paso 15100 · perdida  1.3024 · GLOBAL 0.2500 · acierto 0.2500 · vigente 0.2500 · nose nan (rel nan/aus nan) · invento 0.0000 · 0.2 s/paso
  paso 15125 · perdida  1.3577 · GLOBAL 0.2500 · acierto 0.2500 · vigente 0.2500 · nose nan (rel nan/aus nan) · invento 0.0000 · 0.2 s/paso
  paso 15150 · perdida  1.2201 · GLOBAL 0.5000 · acierto 0.5000 · vigente 0.5000 · nose nan (rel nan/aus nan) · invento 0.0000 · 0.2 s/paso
  paso 15175 · perdida  0.7840 · GLOBAL 0.7500 · acierto 0.7500 · vigente 0.7500 · nose nan (rel nan/aus nan) · invento 0.0000 · 0.2 s/paso
  paso 15200 · perdida  0.8145 · GLOBAL 0.5000 · acierto 0.5000 · vigente 0.5000 · nose nan (rel nan/aus nan) · invento 0.0000 · 0.2 s/paso
  paso 15225 · perdida  0.4886 · GLOBAL 0.7500 · acierto 0.7500 · vigente 0.7500 · nose nan (rel nan/aus nan) · invento 0.0000 · 0.2 s/paso
  paso 15250 · perdida  0.6996 · GLOBAL 0.7500 · acierto 0.7500 · vigente 0.7500 · nose nan (rel nan/aus nan) · invento 0.0000 · 0.2 s/paso
  paso 15275 · perdida  1.3941 · GLOBAL 0.0000 · acierto 0.0000 · vigente 0.0000 · nose nan (rel nan/aus nan) · invento 0.0000 · 0.2 s/paso
  paso 15300 · perdida  0.7603 · GLOBAL 0.7500 · acierto 0.7500 · vigente 0.7500 · nose nan (rel nan/aus nan) · invento 0.0000 · 0.2 s/paso
  paso 15325 · perdida  0.3841 · GLOBAL 1.0000 · acierto 1.0000 · vigente 1.0000 · nose nan (rel nan/aus nan) · invento 0.0000 · 0.2 s/paso
  paso 15350 · perdida  1.0624 · GLOBAL 0.2500 · acierto 0.2500 · vigente 0.2500 · nose nan (rel nan/aus nan) · invento 0.0000 · 0.2 s/paso
  paso 15375 · perdida  0.5377 · GLOBAL 0.7500 · acierto 0.7500 · vigente 0.7500 · nose nan (rel nan/aus nan) · invento 0.0000 · 0.2 s/paso
  paso 15400 · perdida  0.7353 · GLOBAL 0.7500 · acierto 0.7500 · vigente 0.7500 · nose nan (rel nan/aus nan) · invento 0.0000 · 0.2 s/paso
  paso 15425 · perdida  1.0859 · GLOBAL 0.5000 · acierto 0.5000 · vigente 0.5000 · nose nan (rel nan/aus nan) · invento 0.0000 · 0.2 s/paso
  paso 15450 · perdida  1.0247 · GLOBAL 0.5000 · acierto 0.5000 · vigente 0.5000 · nose nan (rel nan/aus nan) · invento 0.0000 · 0.2 s/paso
  paso 15475 · perdida  0.7292 · GLOBAL 0.5000 · acierto 0.5000 · vigente 0.5000 · nose nan (rel nan/aus nan) · invento 0.0000 · 0.2 s/paso
  paso 15500 · perdida  0.5043 · GLOBAL 0.7500 · acierto 0.7500 · vigente 0.7500 · nose nan (rel nan/aus nan) · invento 0.0000 · 0.2 s/paso
  paso 15525 · perdida  0.6978 · GLOBAL 0.5000 · acierto 0.5000 · vigente 0.5000 · nose nan (rel nan/aus nan) · invento 0.0000 · 0.2 s/paso
  paso 15550 · perdida  0.9331 · GLOBAL 0.5000 · acierto 0.5000 · vigente 0.5000 · nose nan (rel nan/aus nan) · invento 0.0000 · 0.2 s/paso
  paso 15575 · perdida  0.5584 · GLOBAL 0.7500 · acierto 0.7500 · vigente 0.7500 · nose nan (rel nan/aus nan) · invento 0.0000 · 0.2 s/paso
  paso 15600 · perdida  1.2338 · GLOBAL 0.0000 · acierto 0.0000 · vigente 0.0000 · nose nan (rel nan/aus nan) · invento 0.0000 · 0.2 s/paso
  paso 15625 · perdida  1.4980 · GLOBAL 0.2500 · acierto 0.2500 · vigente 0.2500 · nose nan (rel nan/aus nan) · invento 0.0000 · 0.2 s/paso
  paso 15650 · perdida  1.1680 · GLOBAL 0.5000 · acierto 0.5000 · vigente 0.5000 · nose nan (rel nan/aus nan) · invento 0.0000 · 0.2 s/paso
  paso 15675 · perdida  0.6525 · GLOBAL 0.5000 · acierto 0.5000 · vigente 0.5000 · nose nan (rel nan/aus nan) · invento 0.0000 · 0.2 s/paso
  paso 15700 · perdida  0.8344 · GLOBAL 0.5000 · acierto 0.5000 · vigente 0.5000 · nose nan (rel nan/aus nan) · invento 0.0000 · 0.2 s/paso
  paso 15725 · perdida  0.8817 · GLOBAL 0.5000 · acierto 0.5000 · vigente 0.5000 · nose nan (rel nan/aus nan) · invento 0.0000 · 0.2 s/paso
  paso 15750 · perdida  1.0023 · GLOBAL 0.2500 · acierto 0.2500 · vigente 0.2500 · nose nan (rel nan/aus nan) · invento 0.0000 · 0.2 s/paso
  paso 15775 · perdida  1.0066 · GLOBAL 0.5000 · acierto 0.5000 · vigente 0.5000 · nose nan (rel nan/aus nan) · invento 0.0000 · 0.2 s/paso
  paso 15800 · perdida  0.4328 · GLOBAL 0.7500 · acierto 0.7500 · vigente 0.7500 · nose nan (rel nan/aus nan) · invento 0.0000 · 0.2 s/paso
  paso 15825 · perdida  0.7619 · GLOBAL 0.7500 · acierto 0.7500 · vigente 0.7500 · nose nan (rel nan/aus nan) · invento 0.0000 · 0.2 s/paso
  paso 15850 · perdida  0.4955 · GLOBAL 1.0000 · acierto 1.0000 · vigente 1.0000 · nose nan (rel nan/aus nan) · invento 0.0000 · 0.2 s/paso
  paso 15875 · perdida  0.7296 · GLOBAL 0.5000 · acierto 0.5000 · vigente 0.5000 · nose nan (rel nan/aus nan) · invento 0.0000 · 0.2 s/paso
  paso 15900 · perdida  1.0032 · GLOBAL 0.5000 · acierto 0.5000 · vigente 0.5000 · nose nan (rel nan/aus nan) · invento 0.0000 · 0.2 s/paso
  paso 15925 · perdida  1.5084 · GLOBAL 0.2500 · acierto 0.2500 · vigente 0.2500 · nose nan (rel nan/aus nan) · invento 0.0000 · 0.2 s/paso
  paso 15950 · perdida  0.5281 · GLOBAL 0.7500 · acierto 0.7500 · vigente 0.7500 · nose nan (rel nan/aus nan) · invento 0.0000 · 0.2 s/paso
  paso 15975 · perdida  0.8296 · GLOBAL 0.5000 · acierto 0.5000 · vigente 0.5000 · nose nan (rel nan/aus nan) · invento 0.0000 · 0.2 s/paso
  paso 16000 · perdida  0.7093 · GLOBAL 0.5000 · acierto 0.5000 · vigente 0.5000 · nose nan (rel nan/aus nan) · invento 0.0000 · 0.2 s/paso
  paso 16025 · perdida  0.8399 · GLOBAL 0.5000 · acierto 0.5000 · vigente 0.5000 · nose nan (rel nan/aus nan) · invento 0.0000 · 0.2 s/paso
  paso 16050 · perdida  0.3619 · GLOBAL 1.0000 · acierto 1.0000 · vigente 1.0000 · nose nan (rel nan/aus nan) · invento 0.0000 · 0.2 s/paso
  paso 16075 · perdida  0.6975 · GLOBAL 1.0000 · acierto 1.0000 · vigente 1.0000 · nose nan (rel nan/aus nan) · invento 0.0000 · 0.2 s/paso
  paso 16100 · perdida  0.5670 · GLOBAL 0.7500 · acierto 0.7500 · vigente 0.7500 · nose nan (rel nan/aus nan) · invento 0.0000 · 0.2 s/paso
  paso 16125 · perdida  0.6856 · GLOBAL 0.2500 · acierto 0.2500 · vigente 0.2500 · nose nan (rel nan/aus nan) · invento 0.0000 · 0.2 s/paso
  paso 16150 · perdida  0.9242 · GLOBAL 0.5000 · acierto 0.5000 · vigente 0.5000 · nose nan (rel nan/aus nan) · invento 0.0000 · 0.2 s/paso
  paso 16175 · perdida  1.5290 · GLOBAL 0.2500 · acierto 0.2500 · vigente 0.2500 · nose nan (rel nan/aus nan) · invento 0.0000 · 0.2 s/paso
  paso 16200 · perdida  0.7516 · GLOBAL 0.7500 · acierto 0.7500 · vigente 0.7500 · nose nan (rel nan/aus nan) · invento 0.0000 · 0.2 s/paso
  paso 16225 · perdida  0.7911 · GLOBAL 0.2500 · acierto 0.2500 · vigente 0.2500 · nose nan (rel nan/aus nan) · invento 0.0000 · 0.2 s/paso
  paso 16250 · perdida  0.7910 · GLOBAL 0.7500 · acierto 0.7500 · vigente 0.7500 · nose nan (rel nan/aus nan) · invento 0.0000 · 0.2 s/paso
  paso 16275 · perdida  1.1961 · GLOBAL 0.0000 · acierto 0.0000 · vigente 0.0000 · nose nan (rel nan/aus nan) · invento 0.0000 · 0.2 s/paso
  paso 16300 · perdida  0.8308 · GLOBAL 0.5000 · acierto 0.5000 · vigente 0.5000 · nose nan (rel nan/aus nan) · invento 0.0000 · 0.2 s/paso
  paso 16325 · perdida  1.0038 · GLOBAL 0.2500 · acierto 0.2500 · vigente 0.2500 · nose nan (rel nan/aus nan) · invento 0.0000 · 0.2 s/paso
  paso 16350 · perdida  0.7183 · GLOBAL 0.7500 · acierto 0.7500 · vigente 0.7500 · nose nan (rel nan/aus nan) · invento 0.0000 · 0.2 s/paso
  paso 16375 · perdida  0.4358 · GLOBAL 1.0000 · acierto 1.0000 · vigente 1.0000 · nose nan (rel nan/aus nan) · invento 0.0000 · 0.2 s/paso
  paso 16400 · perdida  0.6475 · GLOBAL 0.7500 · acierto 0.7500 · vigente 0.7500 · nose nan (rel nan/aus nan) · invento 0.0000 · 0.2 s/paso
  paso 16425 · perdida  1.3806 · GLOBAL 0.0000 · acierto 0.0000 · vigente 0.0000 · nose nan (rel nan/aus nan) · invento 0.0000 · 0.2 s/paso
  paso 16450 · perdida  0.8325 · GLOBAL 0.7500 · acierto 0.7500 · vigente 0.7500 · nose nan (rel nan/aus nan) · invento 0.0000 · 0.2 s/paso
  paso 16475 · perdida  0.7933 · GLOBAL 0.5000 · acierto 0.5000 · vigente 0.5000 · nose nan (rel nan/aus nan) · invento 0.0000 · 0.2 s/paso
  paso 16500 · perdida  0.9421 · GLOBAL 0.0000 · acierto 0.0000 · vigente 0.0000 · nose nan (rel nan/aus nan) · invento 0.0000 · 0.2 s/paso
  paso 16525 · perdida  0.7283 · GLOBAL 0.7500 · acierto 0.7500 · vigente 0.7500 · nose nan (rel nan/aus nan) · invento 0.0000 · 0.2 s/paso
  paso 16550 · perdida  1.2450 · GLOBAL 0.7500 · acierto 0.7500 · vigente 0.7500 · nose nan (rel nan/aus nan) · invento 0.0000 · 0.2 s/paso
  paso 16575 · perdida  0.8702 · GLOBAL 0.2500 · acierto 0.2500 · vigente 0.2500 · nose nan (rel nan/aus nan) · invento 0.0000 · 0.2 s/paso
  paso 16600 · perdida  0.8632 · GLOBAL 0.5000 · acierto 0.5000 · vigente 0.5000 · nose nan (rel nan/aus nan) · invento 0.0000 · 0.2 s/paso
  paso 16625 · perdida  0.9026 · GLOBAL 0.5000 · acierto 0.5000 · vigente 0.5000 · nose nan (rel nan/aus nan) · invento 0.0000 · 0.2 s/paso
  paso 16650 · perdida  1.0958 · GLOBAL 0.2500 · acierto 0.2500 · vigente 0.2500 · nose nan (rel nan/aus nan) · invento 0.0000 · 0.2 s/paso
  paso 16675 · perdida  0.4975 · GLOBAL 0.7500 · acierto 0.7500 · vigente 0.7500 · nose nan (rel nan/aus nan) · invento 0.0000 · 0.2 s/paso
  paso 16700 · perdida  0.6968 · GLOBAL 0.7500 · acierto 0.7500 · vigente 0.7500 · nose nan (rel nan/aus nan) · invento 0.0000 · 0.2 s/paso
  paso 16725 · perdida  1.3487 · GLOBAL 0.2500 · acierto 0.2500 · vigente 0.2500 · nose nan (rel nan/aus nan) · invento 0.0000 · 0.2 s/paso
  paso 16750 · perdida  0.3235 · GLOBAL 1.0000 · acierto 1.0000 · vigente 1.0000 · nose nan (rel nan/aus nan) · invento 0.0000 · 0.2 s/paso
  paso 16775 · perdida  0.7918 · GLOBAL 0.5000 · acierto 0.5000 · vigente 0.5000 · nose nan (rel nan/aus nan) · invento 0.0000 · 0.2 s/paso
  paso 16800 · perdida  0.8550 · GLOBAL 0.7500 · acierto 0.7500 · vigente 0.7500 · nose nan (rel nan/aus nan) · invento 0.0000 · 0.2 s/paso
  paso 16825 · perdida  1.0772 · GLOBAL 0.5000 · acierto 0.5000 · vigente 0.5000 · nose nan (rel nan/aus nan) · invento 0.0000 · 0.2 s/paso
  paso 16850 · perdida  0.8543 · GLOBAL 0.5000 · acierto 0.5000 · vigente 0.5000 · nose nan (rel nan/aus nan) · invento 0.0000 · 0.2 s/paso
  paso 16875 · perdida  0.8779 · GLOBAL 0.5000 · acierto 0.5000 · vigente 0.5000 · nose nan (rel nan/aus nan) · invento 0.0000 · 0.2 s/paso
  paso 16900 · perdida  1.9391 · GLOBAL 0.0000 · acierto 0.0000 · vigente 0.0000 · nose nan (rel nan/aus nan) · invento 0.0000 · 0.2 s/paso
  paso 16925 · perdida  0.3550 · GLOBAL 1.0000 · acierto 1.0000 · vigente 1.0000 · nose nan (rel nan/aus nan) · invento 0.0000 · 0.2 s/paso
  paso 16950 · perdida  0.6555 · GLOBAL 0.7500 · acierto 0.7500 · vigente 0.7500 · nose nan (rel nan/aus nan) · invento 0.0000 · 0.2 s/paso
  paso 16975 · perdida  0.9747 · GLOBAL 0.5000 · acierto 0.5000 · vigente 0.5000 · nose nan (rel nan/aus nan) · invento 0.0000 · 0.2 s/paso
  paso 17000 · perdida  0.5416 · GLOBAL 0.7500 · acierto 0.7500 · vigente 0.7500 · nose nan (rel nan/aus nan) · invento 0.0000 · 0.2 s/paso
  paso 17025 · perdida  0.6874 · GLOBAL 0.7500 · acierto 0.7500 · vigente 0.7500 · nose nan (rel nan/aus nan) · invento 0.0000 · 0.2 s/paso
  paso 17050 · perdida  1.0213 · GLOBAL 0.2500 · acierto 0.2500 · vigente 0.2500 · nose nan (rel nan/aus nan) · invento 0.0000 · 0.2 s/paso
  paso 17075 · perdida  0.8604 · GLOBAL 0.2500 · acierto 0.2500 · vigente 0.2500 · nose nan (rel nan/aus nan) · invento 0.0000 · 0.2 s/paso
  paso 17100 · perdida  1.1202 · GLOBAL 0.5000 · acierto 0.5000 · vigente 0.5000 · nose nan (rel nan/aus nan) · invento 0.0000 · 0.2 s/paso
  paso 17125 · perdida  1.2358 · GLOBAL 0.5000 · acierto 0.5000 · vigente 0.5000 · nose nan (rel nan/aus nan) · invento 0.0000 · 0.2 s/paso
  paso 17150 · perdida  0.9589 · GLOBAL 0.2500 · acierto 0.2500 · vigente 0.2500 · nose nan (rel nan/aus nan) · invento 0.0000 · 0.2 s/paso
  paso 17175 · perdida  1.3510 · GLOBAL 0.2500 · acierto 0.2500 · vigente 0.2500 · nose nan (rel nan/aus nan) · invento 0.0000 · 0.2 s/paso
  paso 17200 · perdida  0.5736 · GLOBAL 0.7500 · acierto 0.7500 · vigente 0.7500 · nose nan (rel nan/aus nan) · invento 0.0000 · 0.2 s/paso
  paso 17225 · perdida  0.8335 · GLOBAL 0.2500 · acierto 0.2500 · vigente 0.2500 · nose nan (rel nan/aus nan) · invento 0.0000 · 0.2 s/paso
  paso 17250 · perdida  1.3345 · GLOBAL 0.0000 · acierto 0.0000 · vigente 0.0000 · nose nan (rel nan/aus nan) · invento 0.0000 · 0.2 s/paso
  paso 17275 · perdida  0.6598 · GLOBAL 0.7500 · acierto 0.7500 · vigente 0.7500 · nose nan (rel nan/aus nan) · invento 0.0000 · 0.2 s/paso
  paso 17300 · perdida  0.5025 · GLOBAL 0.7500 · acierto 0.7500 · vigente 0.7500 · nose nan (rel nan/aus nan) · invento 0.0000 · 0.2 s/paso
  paso 17325 · perdida  0.4994 · GLOBAL 0.7500 · acierto 0.7500 · vigente 0.7500 · nose nan (rel nan/aus nan) · invento 0.0000 · 0.2 s/paso
  paso 17350 · perdida  0.2666 · GLOBAL 1.0000 · acierto 1.0000 · vigente 1.0000 · nose nan (rel nan/aus nan) · invento 0.0000 · 0.2 s/paso
  paso 17375 · perdida  1.3683 · GLOBAL 0.5000 · acierto 0.5000 · vigente 0.5000 · nose nan (rel nan/aus nan) · invento 0.0000 · 0.2 s/paso
  paso 17400 · perdida  0.8272 · GLOBAL 0.5000 · acierto 0.5000 · vigente 0.5000 · nose nan (rel nan/aus nan) · invento 0.0000 · 0.2 s/paso
  paso 17425 · perdida  0.8070 · GLOBAL 0.2500 · acierto 0.2500 · vigente 0.2500 · nose nan (rel nan/aus nan) · invento 0.0000 · 0.2 s/paso
  paso 17450 · perdida  0.8606 · GLOBAL 0.5000 · acierto 0.5000 · vigente 0.5000 · nose nan (rel nan/aus nan) · invento 0.0000 · 0.2 s/paso
  paso 17475 · perdida  0.8323 · GLOBAL 0.5000 · acierto 0.5000 · vigente 0.5000 · nose nan (rel nan/aus nan) · invento 0.0000 · 0.2 s/paso
  paso 17500 · perdida  0.7536 · GLOBAL 0.7500 · acierto 0.7500 · vigente 0.7500 · nose nan (rel nan/aus nan) · invento 0.0000 · 0.2 s/paso
  paso 17525 · perdida  0.8442 · GLOBAL 0.7500 · acierto 0.7500 · vigente 0.7500 · nose nan (rel nan/aus nan) · invento 0.0000 · 0.2 s/paso
  paso 17550 · perdida  0.8746 · GLOBAL 0.5000 · acierto 0.5000 · vigente 0.5000 · nose nan (rel nan/aus nan) · invento 0.0000 · 0.2 s/paso
  paso 17575 · perdida  0.4794 · GLOBAL 0.7500 · acierto 0.7500 · vigente 0.7500 · nose nan (rel nan/aus nan) · invento 0.0000 · 0.2 s/paso
  paso 17600 · perdida  0.3998 · GLOBAL 1.0000 · acierto 1.0000 · vigente 1.0000 · nose nan (rel nan/aus nan) · invento 0.0000 · 0.2 s/paso
  paso 17625 · perdida  0.8758 · GLOBAL 0.5000 · acierto 0.5000 · vigente 0.5000 · nose nan (rel nan/aus nan) · invento 0.0000 · 0.2 s/paso
  paso 17650 · perdida  0.8715 · GLOBAL 0.5000 · acierto 0.5000 · vigente 0.5000 · nose nan (rel nan/aus nan) · invento 0.0000 · 0.2 s/paso
  paso 17675 · perdida  1.2986 · GLOBAL 0.5000 · acierto 0.5000 · vigente 0.5000 · nose nan (rel nan/aus nan) · invento 0.0000 · 0.2 s/paso
  paso 17700 · perdida  1.0016 · GLOBAL 0.5000 · acierto 0.5000 · vigente 0.5000 · nose nan (rel nan/aus nan) · invento 0.0000 · 0.2 s/paso
  paso 17725 · perdida  0.5436 · GLOBAL 0.5000 · acierto 0.5000 · vigente 0.5000 · nose nan (rel nan/aus nan) · invento 0.0000 · 0.2 s/paso
  paso 17750 · perdida  1.5494 · GLOBAL 0.2500 · acierto 0.2500 · vigente 0.2500 · nose nan (rel nan/aus nan) · invento 0.0000 · 0.2 s/paso
  paso 17775 · perdida  0.4932 · GLOBAL 0.7500 · acierto 0.7500 · vigente 0.7500 · nose nan (rel nan/aus nan) · invento 0.0000 · 0.2 s/paso
  paso 17800 · perdida  0.7005 · GLOBAL 0.5000 · acierto 0.5000 · vigente 0.5000 · nose nan (rel nan/aus nan) · invento 0.0000 · 0.2 s/paso
  paso 17825 · perdida  1.0734 · GLOBAL 0.7500 · acierto 0.7500 · vigente 0.7500 · nose nan (rel nan/aus nan) · invento 0.0000 · 0.2 s/paso
  paso 17850 · perdida  1.0923 · GLOBAL 0.5000 · acierto 0.5000 · vigente 0.5000 · nose nan (rel nan/aus nan) · invento 0.0000 · 0.2 s/paso
  paso 17875 · perdida  1.0103 · GLOBAL 0.5000 · acierto 0.5000 · vigente 0.5000 · nose nan (rel nan/aus nan) · invento 0.0000 · 0.2 s/paso
  paso 17900 · perdida  0.7722 · GLOBAL 0.5000 · acierto 0.5000 · vigente 0.5000 · nose nan (rel nan/aus nan) · invento 0.0000 · 0.2 s/paso
  paso 17925 · perdida  0.5764 · GLOBAL 0.7500 · acierto 0.7500 · vigente 0.7500 · nose nan (rel nan/aus nan) · invento 0.0000 · 0.2 s/paso
  paso 17950 · perdida  0.5481 · GLOBAL 0.7500 · acierto 0.7500 · vigente 0.7500 · nose nan (rel nan/aus nan) · invento 0.0000 · 0.2 s/paso
  paso 17975 · perdida  1.1486 · GLOBAL 0.2500 · acierto 0.2500 · vigente 0.2500 · nose nan (rel nan/aus nan) · invento 0.0000 · 0.2 s/paso
  paso 18000 · perdida  0.6634 · GLOBAL 0.7500 · acierto 0.7500 · vigente 0.7500 · nose nan (rel nan/aus nan) · invento 0.0000 · 0.2 s/paso
  paso 18025 · perdida  0.9607 · GLOBAL 0.2500 · acierto 0.2500 · vigente 0.2500 · nose nan (rel nan/aus nan) · invento 0.0000 · 0.2 s/paso
  paso 18050 · perdida  0.6629 · GLOBAL 0.5000 · acierto 0.5000 · vigente 0.5000 · nose nan (rel nan/aus nan) · invento 0.0000 · 0.2 s/paso
  paso 18075 · perdida  0.5749 · GLOBAL 0.7500 · acierto 0.7500 · vigente 0.7500 · nose nan (rel nan/aus nan) · invento 0.0000 · 0.2 s/paso
  paso 18100 · perdida  0.8877 · GLOBAL 0.7500 · acierto 0.7500 · vigente 0.7500 · nose nan (rel nan/aus nan) · invento 0.0000 · 0.2 s/paso
  paso 18125 · perdida  0.7320 · GLOBAL 0.5000 · acierto 0.5000 · vigente 0.5000 · nose nan (rel nan/aus nan) · invento 0.0000 · 0.2 s/paso
  paso 18150 · perdida  0.7450 · GLOBAL 0.5000 · acierto 0.5000 · vigente 0.5000 · nose nan (rel nan/aus nan) · invento 0.0000 · 0.2 s/paso
  paso 18175 · perdida  0.7945 · GLOBAL 0.5000 · acierto 0.5000 · vigente 0.5000 · nose nan (rel nan/aus nan) · invento 0.0000 · 0.2 s/paso
  paso 18200 · perdida  0.7325 · GLOBAL 0.7500 · acierto 0.7500 · vigente 0.7500 · nose nan (rel nan/aus nan) · invento 0.0000 · 0.2 s/paso
  paso 18225 · perdida  0.9992 · GLOBAL 0.5000 · acierto 0.5000 · vigente 0.5000 · nose nan (rel nan/aus nan) · invento 0.0000 · 0.2 s/paso
  paso 18250 · perdida  0.8274 · GLOBAL 0.2500 · acierto 0.2500 · vigente 0.2500 · nose nan (rel nan/aus nan) · invento 0.0000 · 0.2 s/paso
  paso 18275 · perdida  1.0659 · GLOBAL 0.5000 · acierto 0.5000 · vigente 0.5000 · nose nan (rel nan/aus nan) · invento 0.0000 · 0.2 s/paso
  paso 18300 · perdida  0.9868 · GLOBAL 0.2500 · acierto 0.2500 · vigente 0.2500 · nose nan (rel nan/aus nan) · invento 0.0000 · 0.2 s/paso
  paso 18325 · perdida  0.8609 · GLOBAL 0.7500 · acierto 0.7500 · vigente 0.7500 · nose nan (rel nan/aus nan) · invento 0.0000 · 0.2 s/paso
  paso 18350 · perdida  1.1205 · GLOBAL 0.7500 · acierto 0.7500 · vigente 0.7500 · nose nan (rel nan/aus nan) · invento 0.0000 · 0.2 s/paso
  paso 18375 · perdida  0.5304 · GLOBAL 0.7500 · acierto 0.7500 · vigente 0.7500 · nose nan (rel nan/aus nan) · invento 0.0000 · 0.2 s/paso
  paso 18400 · perdida  0.4405 · GLOBAL 0.7500 · acierto 0.7500 · vigente 0.7500 · nose nan (rel nan/aus nan) · invento 0.0000 · 0.2 s/paso
  paso 18425 · perdida  1.1758 · GLOBAL 0.5000 · acierto 0.5000 · vigente 0.5000 · nose nan (rel nan/aus nan) · invento 0.0000 · 0.2 s/paso
  paso 18450 · perdida  1.1337 · GLOBAL 0.5000 · acierto 0.5000 · vigente 0.5000 · nose nan (rel nan/aus nan) · invento 0.0000 · 0.2 s/paso
  paso 18475 · perdida  0.9527 · GLOBAL 0.5000 · acierto 0.5000 · vigente 0.5000 · nose nan (rel nan/aus nan) · invento 0.0000 · 0.2 s/paso
  paso 18500 · perdida  0.8082 · GLOBAL 0.5000 · acierto 0.5000 · vigente 0.5000 · nose nan (rel nan/aus nan) · invento 0.0000 · 0.2 s/paso
  paso 18525 · perdida  1.4254 · GLOBAL 0.2500 · acierto 0.2500 · vigente 0.2500 · nose nan (rel nan/aus nan) · invento 0.0000 · 0.2 s/paso
  paso 18550 · perdida  0.5671 · GLOBAL 0.7500 · acierto 0.7500 · vigente 0.7500 · nose nan (rel nan/aus nan) · invento 0.0000 · 0.2 s/paso
  paso 18575 · perdida  1.0045 · GLOBAL 0.5000 · acierto 0.5000 · vigente 0.5000 · nose nan (rel nan/aus nan) · invento 0.0000 · 0.2 s/paso
  paso 18600 · perdida  0.4181 · GLOBAL 0.7500 · acierto 0.7500 · vigente 0.7500 · nose nan (rel nan/aus nan) · invento 0.0000 · 0.2 s/paso
  paso 18625 · perdida  0.7908 · GLOBAL 0.7500 · acierto 0.7500 · vigente 0.7500 · nose nan (rel nan/aus nan) · invento 0.0000 · 0.2 s/paso
  paso 18650 · perdida  0.5489 · GLOBAL 1.0000 · acierto 1.0000 · vigente 1.0000 · nose nan (rel nan/aus nan) · invento 0.0000 · 0.2 s/paso
  paso 18675 · perdida  1.3109 · GLOBAL 0.0000 · acierto 0.0000 · vigente 0.0000 · nose nan (rel nan/aus nan) · invento 0.0000 · 0.2 s/paso
  paso 18700 · perdida  0.5671 · GLOBAL 0.7500 · acierto 0.7500 · vigente 0.7500 · nose nan (rel nan/aus nan) · invento 0.0000 · 0.2 s/paso
  paso 18725 · perdida  0.7514 · GLOBAL 0.7500 · acierto 0.7500 · vigente 0.7500 · nose nan (rel nan/aus nan) · invento 0.0000 · 0.2 s/paso
  paso 18750 · perdida  0.4109 · GLOBAL 1.0000 · acierto 1.0000 · vigente 1.0000 · nose nan (rel nan/aus nan) · invento 0.0000 · 0.2 s/paso
  paso 18775 · perdida  0.5332 · GLOBAL 1.0000 · acierto 1.0000 · vigente 1.0000 · nose nan (rel nan/aus nan) · invento 0.0000 · 0.2 s/paso
  paso 18800 · perdida  1.1482 · GLOBAL 0.5000 · acierto 0.5000 · vigente 0.5000 · nose nan (rel nan/aus nan) · invento 0.0000 · 0.2 s/paso
  paso 18825 · perdida  0.6270 · GLOBAL 0.7500 · acierto 0.7500 · vigente 0.7500 · nose nan (rel nan/aus nan) · invento 0.0000 · 0.2 s/paso
  paso 18850 · perdida  0.5659 · GLOBAL 0.7500 · acierto 0.7500 · vigente 0.7500 · nose nan (rel nan/aus nan) · invento 0.0000 · 0.2 s/paso
  paso 18875 · perdida  0.9529 · GLOBAL 0.2500 · acierto 0.2500 · vigente 0.2500 · nose nan (rel nan/aus nan) · invento 0.0000 · 0.2 s/paso
  paso 18900 · perdida  0.6810 · GLOBAL 0.5000 · acierto 0.5000 · vigente 0.5000 · nose nan (rel nan/aus nan) · invento 0.0000 · 0.2 s/paso
  paso 18925 · perdida  0.9039 · GLOBAL 0.2500 · acierto 0.2500 · vigente 0.2500 · nose nan (rel nan/aus nan) · invento 0.0000 · 0.2 s/paso
  paso 18950 · perdida  1.2649 · GLOBAL 0.7500 · acierto 0.7500 · vigente 0.7500 · nose nan (rel nan/aus nan) · invento 0.0000 · 0.2 s/paso
  paso 18975 · perdida  1.8513 · GLOBAL 0.5000 · acierto 0.5000 · vigente 0.5000 · nose nan (rel nan/aus nan) · invento 0.0000 · 0.2 s/paso
  paso 19000 · perdida  0.8804 · GLOBAL 0.2500 · acierto 0.2500 · vigente 0.2500 · nose nan (rel nan/aus nan) · invento 0.0000 · 0.2 s/paso
  paso 19025 · perdida  1.0718 · GLOBAL 0.2500 · acierto 0.2500 · vigente 0.2500 · nose nan (rel nan/aus nan) · invento 0.0000 · 0.2 s/paso
  paso 19050 · perdida  1.0962 · GLOBAL 0.5000 · acierto 0.5000 · vigente 0.5000 · nose nan (rel nan/aus nan) · invento 0.0000 · 0.2 s/paso
  paso 19075 · perdida  0.4536 · GLOBAL 1.0000 · acierto 1.0000 · vigente 1.0000 · nose nan (rel nan/aus nan) · invento 0.0000 · 0.2 s/paso
  paso 19100 · perdida  0.7848 · GLOBAL 0.5000 · acierto 0.5000 · vigente 0.5000 · nose nan (rel nan/aus nan) · invento 0.0000 · 0.2 s/paso
  paso 19125 · perdida  0.8184 · GLOBAL 0.5000 · acierto 0.5000 · vigente 0.5000 · nose nan (rel nan/aus nan) · invento 0.0000 · 0.2 s/paso
  paso 19150 · perdida  0.7028 · GLOBAL 0.7500 · acierto 0.7500 · vigente 0.7500 · nose nan (rel nan/aus nan) · invento 0.0000 · 0.2 s/paso
  paso 19175 · perdida  0.5401 · GLOBAL 0.5000 · acierto 0.5000 · vigente 0.5000 · nose nan (rel nan/aus nan) · invento 0.0000 · 0.2 s/paso
  paso 19200 · perdida  0.8523 · GLOBAL 0.5000 · acierto 0.5000 · vigente 0.5000 · nose nan (rel nan/aus nan) · invento 0.0000 · 0.2 s/paso
  paso 19225 · perdida  0.7240 · GLOBAL 0.5000 · acierto 0.5000 · vigente 0.5000 · nose nan (rel nan/aus nan) · invento 0.0000 · 0.2 s/paso
  paso 19250 · perdida  0.5391 · GLOBAL 0.7500 · acierto 0.7500 · vigente 0.7500 · nose nan (rel nan/aus nan) · invento 0.0000 · 0.2 s/paso
  paso 19275 · perdida  0.6847 · GLOBAL 0.5000 · acierto 0.5000 · vigente 0.5000 · nose nan (rel nan/aus nan) · invento 0.0000 · 0.2 s/paso
  paso 19300 · perdida  0.4246 · GLOBAL 0.7500 · acierto 0.7500 · vigente 0.7500 · nose nan (rel nan/aus nan) · invento 0.0000 · 0.2 s/paso
  paso 19325 · perdida  0.5175 · GLOBAL 0.7500 · acierto 0.7500 · vigente 0.7500 · nose nan (rel nan/aus nan) · invento 0.0000 · 0.2 s/paso
  paso 19350 · perdida  0.9491 · GLOBAL 0.5000 · acierto 0.5000 · vigente 0.5000 · nose nan (rel nan/aus nan) · invento 0.0000 · 0.2 s/paso
  paso 19375 · perdida  1.1381 · GLOBAL 0.5000 · acierto 0.5000 · vigente 0.5000 · nose nan (rel nan/aus nan) · invento 0.0000 · 0.2 s/paso
  paso 19400 · perdida  0.7506 · GLOBAL 0.7500 · acierto 0.7500 · vigente 0.7500 · nose nan (rel nan/aus nan) · invento 0.0000 · 0.2 s/paso
  paso 19425 · perdida  0.7019 · GLOBAL 0.7500 · acierto 0.7500 · vigente 0.7500 · nose nan (rel nan/aus nan) · invento 0.0000 · 0.2 s/paso
  paso 19450 · perdida  0.5981 · GLOBAL 0.7500 · acierto 0.7500 · vigente 0.7500 · nose nan (rel nan/aus nan) · invento 0.0000 · 0.2 s/paso
  paso 19475 · perdida  0.6067 · GLOBAL 0.7500 · acierto 0.7500 · vigente 0.7500 · nose nan (rel nan/aus nan) · invento 0.0000 · 0.2 s/paso
  paso 19500 · perdida  1.5771 · GLOBAL 0.2500 · acierto 0.2500 · vigente 0.2500 · nose nan (rel nan/aus nan) · invento 0.0000 · 0.2 s/paso
  paso 19525 · perdida  1.2448 · GLOBAL 0.2500 · acierto 0.2500 · vigente 0.2500 · nose nan (rel nan/aus nan) · invento 0.0000 · 0.2 s/paso
  paso 19550 · perdida  0.8916 · GLOBAL 0.5000 · acierto 0.5000 · vigente 0.5000 · nose nan (rel nan/aus nan) · invento 0.0000 · 0.2 s/paso
  paso 19575 · perdida  0.7990 · GLOBAL 0.5000 · acierto 0.5000 · vigente 0.5000 · nose nan (rel nan/aus nan) · invento 0.0000 · 0.2 s/paso
  paso 19600 · perdida  1.3144 · GLOBAL 0.2500 · acierto 0.2500 · vigente 0.2500 · nose nan (rel nan/aus nan) · invento 0.0000 · 0.2 s/paso
  paso 19625 · perdida  1.0697 · GLOBAL 0.2500 · acierto 0.2500 · vigente 0.2500 · nose nan (rel nan/aus nan) · invento 0.0000 · 0.2 s/paso
  paso 19650 · perdida  0.7576 · GLOBAL 0.7500 · acierto 0.7500 · vigente 0.7500 · nose nan (rel nan/aus nan) · invento 0.0000 · 0.2 s/paso
  paso 19675 · perdida  0.4690 · GLOBAL 0.7500 · acierto 0.7500 · vigente 0.7500 · nose nan (rel nan/aus nan) · invento 0.0000 · 0.2 s/paso
  paso 19700 · perdida  0.6717 · GLOBAL 0.5000 · acierto 0.5000 · vigente 0.5000 · nose nan (rel nan/aus nan) · invento 0.0000 · 0.2 s/paso
  paso 19725 · perdida  0.8492 · GLOBAL 0.5000 · acierto 0.5000 · vigente 0.5000 · nose nan (rel nan/aus nan) · invento 0.0000 · 0.2 s/paso
  paso 19750 · perdida  1.0649 · GLOBAL 0.5000 · acierto 0.5000 · vigente 0.5000 · nose nan (rel nan/aus nan) · invento 0.0000 · 0.2 s/paso
  paso 19775 · perdida  1.0857 · GLOBAL 0.2500 · acierto 0.2500 · vigente 0.2500 · nose nan (rel nan/aus nan) · invento 0.0000 · 0.2 s/paso
  paso 19800 · perdida  0.4619 · GLOBAL 1.0000 · acierto 1.0000 · vigente 1.0000 · nose nan (rel nan/aus nan) · invento 0.0000 · 0.2 s/paso
  paso 19825 · perdida  0.9487 · GLOBAL 0.2500 · acierto 0.2500 · vigente 0.2500 · nose nan (rel nan/aus nan) · invento 0.0000 · 0.2 s/paso
  paso 19850 · perdida  0.4640 · GLOBAL 0.7500 · acierto 0.7500 · vigente 0.7500 · nose nan (rel nan/aus nan) · invento 0.0000 · 0.2 s/paso
  paso 19875 · perdida  0.5066 · GLOBAL 0.7500 · acierto 0.7500 · vigente 0.7500 · nose nan (rel nan/aus nan) · invento 0.0000 · 0.2 s/paso
  paso 19900 · perdida  0.6880 · GLOBAL 0.7500 · acierto 0.7500 · vigente 0.7500 · nose nan (rel nan/aus nan) · invento 0.0000 · 0.2 s/paso
  paso 19925 · perdida  0.6231 · GLOBAL 0.7500 · acierto 0.7500 · vigente 0.7500 · nose nan (rel nan/aus nan) · invento 0.0000 · 0.2 s/paso
  paso 19950 · perdida  0.8356 · GLOBAL 0.5000 · acierto 0.5000 · vigente 0.5000 · nose nan (rel nan/aus nan) · invento 0.0000 · 0.2 s/paso
  paso 19975 · perdida  0.4775 · GLOBAL 0.7500 · acierto 0.7500 · vigente 0.7500 · nose nan (rel nan/aus nan) · invento 0.0000 · 0.2 s/paso
  paso 20000 · perdida  0.5088 · GLOBAL 0.7500 · acierto 0.7500 · vigente 0.7500 · nose nan (rel nan/aus nan) · invento 0.0000 · 0.2 s/paso

  CONTROLES sobre el ultimo lote:
    con archivo        GLOBAL 0.7500 · acierto 0.7500 · vigente 0.7500 · nose nan · invento 0.0000
    BARAJADO           GLOBAL 0.2500 · acierto 0.2500 · vigente 0.2500 · nose nan · invento 0.0000
    VACIO (ceros)      GLOBAL 0.0000 · acierto 0.0000 · vigente 0.0000 · nose nan · invento 0.0000
    lectura APAGADA    GLOBAL 0.0000 · acierto 0.0000 · vigente 0.0000 · nose nan · invento 0.0000

    BARAJADO alto = no lee el archivo · VACIO alto = contesta desde el preentrenamiento
    (VACIO es el control que pedia el plan por vocabulario abierto)

  EVALUACION FINAL sobre 512 muestras frescas (los cuatro brazos, mismas muestras):
    con archivo        GLOBAL 0.4648 · acierto 0.4648 · vigente 0.4648 · nose nan (rel nan/aus nan) · invento 0.0000 · mudez 0.0000 · una nan · n 512 {'una': 0, 'dos': 512, 'nose_rel': 0, 'nose_aus': 0}
    BARAJADO           GLOBAL 0.1250 · acierto 0.1250 · vigente 0.1250 · nose nan (rel nan/aus nan) · invento 0.0000 · mudez 0.0000 · una nan · n 512 {'una': 0, 'dos': 512, 'nose_rel': 0, 'nose_aus': 0}
    VACIO (ceros)      GLOBAL 0.0000 · acierto 0.0000 · vigente 0.0000 · nose nan (rel nan/aus nan) · invento 0.0000 · mudez 0.0000 · una nan · n 512 {'una': 0, 'dos': 512, 'nose_rel': 0, 'nose_aus': 0}
    lectura APAGADA    GLOBAL 0.0000 · acierto 0.0000 · vigente 0.0000 · nose nan (rel nan/aus nan) · invento 0.0000 · mudez 0.0000 · una nan · n 512 {'una': 0, 'dos': 512, 'nose_rel': 0, 'nose_aus': 0}

  escrito /content/banco_sinord3s_s0.json

listo en 56.8 min
