Warning: You are sending unauthenticated requests to the HF Hub. Please set a HF_TOKEN to enable higher rate limits and faster downloads.
Loading weights:   0%|          | 0/201 [00:00<?, ?it/s]Loading weights:   0%|          | 1/201 [00:00<01:00,  3.31it/s]Loading weights:   6%|▋         | 13/201 [00:00<00:04, 38.00it/s]Loading weights:  12%|█▏        | 24/201 [00:00<00:03, 57.77it/s]Loading weights:  18%|█▊        | 37/201 [00:00<00:02, 75.86it/s]Loading weights:  23%|██▎       | 47/201 [00:00<00:01, 78.44it/s]Loading weights:  28%|██▊       | 56/201 [00:00<00:01, 80.12it/s]Loading weights:  32%|███▏      | 65/201 [00:00<00:01, 80.91it/s]Loading weights:  37%|███▋      | 74/201 [00:01<00:01, 75.93it/s]Loading weights:  41%|████      | 82/201 [00:01<00:01, 72.08it/s]Loading weights:  45%|████▍     | 90/201 [00:01<00:01, 72.16it/s]Loading weights:  49%|████▉     | 98/201 [00:01<00:01, 72.29it/s]Loading weights:  56%|█████▌    | 112/201 [00:01<00:00, 89.09it/s]Loading weights:  61%|██████    | 122/201 [00:01<00:00, 90.82it/s]Loading weights:  66%|██████▌   | 132/201 [00:01<00:00, 88.49it/s]Loading weights:  74%|███████▍  | 149/201 [00:01<00:00, 99.42it/s]Loading weights:  79%|███████▉  | 159/201 [00:02<00:00, 98.86it/s]Loading weights:  88%|████████▊ | 176/201 [00:02<00:00, 106.66it/s]Loading weights:  95%|█████████▍| 190/201 [00:02<00:00, 113.83it/s]Loading weights: 100%|██████████| 201/201 [00:02<00:00, 85.19it/s] 
DENSO · atencion completa en las 22 capas · sin conv corta
TinyLlama/TinyLlama-1.1B-Chat-v1.0 · 1.10 B CONGELADOS · entrenables 2.11 M (0.192 %) · rango 256 · cuda
escritura capa 11 · lectura capa 2 · 8 entidades · 8 valores · 1 relaciones · batch 4 · archivo 4 · 22 bloques
abstencion 'None' -> 6213 · piso trivial de responder al azar 1/8 = 0.1250
PISO DEL MUDO: abstenerse SIEMPRE da GLOBAL 0.0000. Por debajo de eso el modelo es peor que el silencio.
  paso    1 · perdida  5.9599 · GLOBAL 0.0000 · acierto 0.0000 · vigente 0.0000 · nose nan (rel nan/aus nan) · invento 0.0000 · 1.4 s/paso
  paso   25 · perdida  3.3922 · GLOBAL 0.0000 · acierto 0.0000 · vigente 0.0000 · nose nan (rel nan/aus nan) · invento 0.0000 · 0.2 s/paso
  paso   50 · perdida  2.5338 · GLOBAL 0.0000 · acierto 0.0000 · vigente 0.0000 · nose nan (rel nan/aus nan) · invento 0.0000 · 0.2 s/paso
  paso   75 · perdida  2.2790 · GLOBAL 0.2500 · acierto 0.2500 · vigente 0.2500 · nose nan (rel nan/aus nan) · invento 0.0000 · 0.2 s/paso
  paso  100 · perdida  3.0118 · GLOBAL 0.0000 · acierto 0.0000 · vigente 0.0000 · nose nan (rel nan/aus nan) · invento 0.0000 · 0.2 s/paso
  paso  125 · perdida  2.1299 · GLOBAL 0.0000 · acierto 0.0000 · vigente 0.0000 · nose nan (rel nan/aus nan) · invento 0.0000 · 0.1 s/paso
  paso  150 · perdida  1.9544 · GLOBAL 0.2500 · acierto 0.2500 · vigente 0.2500 · nose nan (rel nan/aus nan) · invento 0.0000 · 0.1 s/paso
  paso  175 · perdida  1.7132 · GLOBAL 0.5000 · acierto 0.5000 · vigente 0.5000 · nose nan (rel nan/aus nan) · invento 0.0000 · 0.1 s/paso
  paso  200 · perdida  2.1567 · GLOBAL 0.2500 · acierto 0.2500 · vigente 0.2500 · nose nan (rel nan/aus nan) · invento 0.0000 · 0.1 s/paso
  paso  225 · perdida  2.0636 · GLOBAL 0.2500 · acierto 0.2500 · vigente 0.2500 · nose nan (rel nan/aus nan) · invento 0.0000 · 0.1 s/paso
  paso  250 · perdida  2.4993 · GLOBAL 0.0000 · acierto 0.0000 · vigente 0.0000 · nose nan (rel nan/aus nan) · invento 0.0000 · 0.1 s/paso
  paso  275 · perdida  1.7997 · GLOBAL 0.0000 · acierto 0.0000 · vigente 0.0000 · nose nan (rel nan/aus nan) · invento 0.0000 · 0.1 s/paso
  paso  300 · perdida  2.7706 · GLOBAL 0.0000 · acierto 0.0000 · vigente 0.0000 · nose nan (rel nan/aus nan) · invento 0.0000 · 0.1 s/paso
  paso  325 · perdida  2.4256 · GLOBAL 0.0000 · acierto 0.0000 · vigente 0.0000 · nose nan (rel nan/aus nan) · invento 0.0000 · 0.1 s/paso
  paso  350 · perdida  2.4558 · GLOBAL 0.0000 · acierto 0.0000 · vigente 0.0000 · nose nan (rel nan/aus nan) · invento 0.0000 · 0.1 s/paso
  paso  375 · perdida  1.7637 · GLOBAL 0.2500 · acierto 0.2500 · vigente 0.2500 · nose nan (rel nan/aus nan) · invento 0.0000 · 0.1 s/paso
  paso  400 · perdida  1.5105 · GLOBAL 0.7500 · acierto 0.7500 · vigente 0.7500 · nose nan (rel nan/aus nan) · invento 0.0000 · 0.1 s/paso
  paso  425 · perdida  1.8984 · GLOBAL 0.0000 · acierto 0.0000 · vigente 0.0000 · nose nan (rel nan/aus nan) · invento 0.0000 · 0.1 s/paso
  paso  450 · perdida  2.5358 · GLOBAL 0.0000 · acierto 0.0000 · vigente 0.0000 · nose nan (rel nan/aus nan) · invento 0.0000 · 0.1 s/paso
  paso  475 · perdida  1.9880 · GLOBAL 0.2500 · acierto 0.2500 · vigente 0.2500 · nose nan (rel nan/aus nan) · invento 0.0000 · 0.1 s/paso
  paso  500 · perdida  2.5401 · GLOBAL 0.0000 · acierto 0.0000 · vigente 0.0000 · nose nan (rel nan/aus nan) · invento 0.0000 · 0.1 s/paso
  paso  525 · perdida  2.6228 · GLOBAL 0.0000 · acierto 0.0000 · vigente 0.0000 · nose nan (rel nan/aus nan) · invento 0.0000 · 0.1 s/paso
  paso  550 · perdida  2.2301 · GLOBAL 0.2500 · acierto 0.2500 · vigente 0.2500 · nose nan (rel nan/aus nan) · invento 0.0000 · 0.1 s/paso
  paso  575 · perdida  2.3278 · GLOBAL 0.0000 · acierto 0.0000 · vigente 0.0000 · nose nan (rel nan/aus nan) · invento 0.0000 · 0.1 s/paso
  paso  600 · perdida  2.0689 · GLOBAL 0.2500 · acierto 0.2500 · vigente 0.2500 · nose nan (rel nan/aus nan) · invento 0.0000 · 0.1 s/paso
  paso  625 · perdida  2.7360 · GLOBAL 0.0000 · acierto 0.0000 · vigente 0.0000 · nose nan (rel nan/aus nan) · invento 0.0000 · 0.1 s/paso
  paso  650 · perdida  1.9296 · GLOBAL 0.2500 · acierto 0.2500 · vigente 0.2500 · nose nan (rel nan/aus nan) · invento 0.0000 · 0.1 s/paso
  paso  675 · perdida  2.0444 · GLOBAL 0.0000 · acierto 0.0000 · vigente 0.0000 · nose nan (rel nan/aus nan) · invento 0.0000 · 0.1 s/paso
  paso  700 · perdida  2.4639 · GLOBAL 0.0000 · acierto 0.0000 · vigente 0.0000 · nose nan (rel nan/aus nan) · invento 0.0000 · 0.1 s/paso
  paso  725 · perdida  2.5760 · GLOBAL 0.0000 · acierto 0.0000 · vigente 0.0000 · nose nan (rel nan/aus nan) · invento 0.0000 · 0.1 s/paso
  paso  750 · perdida  2.2911 · GLOBAL 0.0000 · acierto 0.0000 · vigente 0.0000 · nose nan (rel nan/aus nan) · invento 0.0000 · 0.1 s/paso
  paso  775 · perdida  2.0207 · GLOBAL 0.0000 · acierto 0.0000 · vigente 0.0000 · nose nan (rel nan/aus nan) · invento 0.0000 · 0.2 s/paso
  paso  800 · perdida  1.7742 · GLOBAL 0.2500 · acierto 0.2500 · vigente 0.2500 · nose nan (rel nan/aus nan) · invento 0.0000 · 0.2 s/paso
  paso  825 · perdida  1.9671 · GLOBAL 0.2500 · acierto 0.2500 · vigente 0.2500 · nose nan (rel nan/aus nan) · invento 0.0000 · 0.2 s/paso
  paso  850 · perdida  1.9306 · GLOBAL 0.2500 · acierto 0.2500 · vigente 0.2500 · nose nan (rel nan/aus nan) · invento 0.0000 · 0.2 s/paso
  paso  875 · perdida  1.8596 · GLOBAL 0.2500 · acierto 0.2500 · vigente 0.2500 · nose nan (rel nan/aus nan) · invento 0.0000 · 0.2 s/paso
  paso  900 · perdida  1.9474 · GLOBAL 0.2500 · acierto 0.2500 · vigente 0.2500 · nose nan (rel nan/aus nan) · invento 0.0000 · 0.2 s/paso
  paso  925 · perdida  1.1415 · GLOBAL 1.0000 · acierto 1.0000 · vigente 1.0000 · nose nan (rel nan/aus nan) · invento 0.0000 · 0.2 s/paso
  paso  950 · perdida  1.3567 · GLOBAL 0.7500 · acierto 0.7500 · vigente 0.7500 · nose nan (rel nan/aus nan) · invento 0.0000 · 0.2 s/paso
  paso  975 · perdida  1.5132 · GLOBAL 0.2500 · acierto 0.2500 · vigente 0.2500 · nose nan (rel nan/aus nan) · invento 0.0000 · 0.2 s/paso
  paso 1000 · perdida  2.9926 · GLOBAL 0.0000 · acierto 0.0000 · vigente 0.0000 · nose nan (rel nan/aus nan) · invento 0.0000 · 0.2 s/paso
  paso 1025 · perdida  1.5516 · GLOBAL 0.5000 · acierto 0.5000 · vigente 0.5000 · nose nan (rel nan/aus nan) · invento 0.0000 · 0.2 s/paso
  paso 1050 · perdida  1.5168 · GLOBAL 0.5000 · acierto 0.5000 · vigente 0.5000 · nose nan (rel nan/aus nan) · invento 0.0000 · 0.2 s/paso
  paso 1075 · perdida  2.0112 · GLOBAL 0.2500 · acierto 0.2500 · vigente 0.2500 · nose nan (rel nan/aus nan) · invento 0.0000 · 0.2 s/paso
  paso 1100 · perdida  1.6467 · GLOBAL 0.5000 · acierto 0.5000 · vigente 0.5000 · nose nan (rel nan/aus nan) · invento 0.0000 · 0.2 s/paso
  paso 1125 · perdida  2.1710 · GLOBAL 0.2500 · acierto 0.2500 · vigente 0.2500 · nose nan (rel nan/aus nan) · invento 0.0000 · 0.2 s/paso
  paso 1150 · perdida  2.1302 · GLOBAL 0.0000 · acierto 0.0000 · vigente 0.0000 · nose nan (rel nan/aus nan) · invento 0.0000 · 0.2 s/paso
  paso 1175 · perdida  1.7327 · GLOBAL 0.5000 · acierto 0.5000 · vigente 0.5000 · nose nan (rel nan/aus nan) · invento 0.0000 · 0.2 s/paso
  paso 1200 · perdida  2.2217 · GLOBAL 0.0000 · acierto 0.0000 · vigente 0.0000 · nose nan (rel nan/aus nan) · invento 0.0000 · 0.2 s/paso
  paso 1225 · perdida  1.9033 · GLOBAL 0.2500 · acierto 0.2500 · vigente 0.2500 · nose nan (rel nan/aus nan) · invento 0.0000 · 0.2 s/paso
  paso 1250 · perdida  1.9919 · GLOBAL 0.5000 · acierto 0.5000 · vigente 0.5000 · nose nan (rel nan/aus nan) · invento 0.0000 · 0.2 s/paso
  paso 1275 · perdida  1.1668 · GLOBAL 0.2500 · acierto 0.2500 · vigente 0.2500 · nose nan (rel nan/aus nan) · invento 0.0000 · 0.2 s/paso
  paso 1300 · perdida  2.5737 · GLOBAL 0.0000 · acierto 0.0000 · vigente 0.0000 · nose nan (rel nan/aus nan) · invento 0.0000 · 0.2 s/paso
  paso 1325 · perdida  1.7242 · GLOBAL 0.5000 · acierto 0.5000 · vigente 0.5000 · nose nan (rel nan/aus nan) · invento 0.0000 · 0.2 s/paso
  paso 1350 · perdida  1.7783 · GLOBAL 0.2500 · acierto 0.2500 · vigente 0.2500 · nose nan (rel nan/aus nan) · invento 0.0000 · 0.2 s/paso
  paso 1375 · perdida  2.6443 · GLOBAL 0.2500 · acierto 0.2500 · vigente 0.2500 · nose nan (rel nan/aus nan) · invento 0.0000 · 0.2 s/paso
  paso 1400 · perdida  1.6912 · GLOBAL 0.2500 · acierto 0.2500 · vigente 0.2500 · nose nan (rel nan/aus nan) · invento 0.0000 · 0.2 s/paso
  paso 1425 · perdida  2.0894 · GLOBAL 0.0000 · acierto 0.0000 · vigente 0.0000 · nose nan (rel nan/aus nan) · invento 0.0000 · 0.2 s/paso
  paso 1450 · perdida  1.5358 · GLOBAL 0.2500 · acierto 0.2500 · vigente 0.2500 · nose nan (rel nan/aus nan) · invento 0.0000 · 0.2 s/paso
  paso 1475 · perdida  1.5069 · GLOBAL 0.5000 · acierto 0.5000 · vigente 0.5000 · nose nan (rel nan/aus nan) · invento 0.0000 · 0.2 s/paso
  paso 1500 · perdida  0.8694 · GLOBAL 0.5000 · acierto 0.5000 · vigente 0.5000 · nose nan (rel nan/aus nan) · invento 0.0000 · 0.2 s/paso
  paso 1525 · perdida  1.7047 · GLOBAL 0.5000 · acierto 0.5000 · vigente 0.5000 · nose nan (rel nan/aus nan) · invento 0.0000 · 0.2 s/paso
  paso 1550 · perdida  0.9501 · GLOBAL 0.7500 · acierto 0.7500 · vigente 0.7500 · nose nan (rel nan/aus nan) · invento 0.0000 · 0.2 s/paso
  paso 1575 · perdida  1.6714 · GLOBAL 0.5000 · acierto 0.5000 · vigente 0.5000 · nose nan (rel nan/aus nan) · invento 0.0000 · 0.2 s/paso
  paso 1600 · perdida  2.5027 · GLOBAL 0.0000 · acierto 0.0000 · vigente 0.0000 · nose nan (rel nan/aus nan) · invento 0.0000 · 0.2 s/paso
  paso 1625 · perdida  1.1151 · GLOBAL 0.5000 · acierto 0.5000 · vigente 0.5000 · nose nan (rel nan/aus nan) · invento 0.0000 · 0.2 s/paso
  paso 1650 · perdida  1.1080 · GLOBAL 0.2500 · acierto 0.2500 · vigente 0.2500 · nose nan (rel nan/aus nan) · invento 0.0000 · 0.2 s/paso
  paso 1675 · perdida  0.8765 · GLOBAL 0.5000 · acierto 0.5000 · vigente 0.5000 · nose nan (rel nan/aus nan) · invento 0.0000 · 0.2 s/paso
  paso 1700 · perdida  1.8535 · GLOBAL 0.2500 · acierto 0.2500 · vigente 0.2500 · nose nan (rel nan/aus nan) · invento 0.0000 · 0.2 s/paso
  paso 1725 · perdida  1.1112 · GLOBAL 0.5000 · acierto 0.5000 · vigente 0.5000 · nose nan (rel nan/aus nan) · invento 0.0000 · 0.2 s/paso
  paso 1750 · perdida  1.1107 · GLOBAL 0.5000 · acierto 0.5000 · vigente 0.5000 · nose nan (rel nan/aus nan) · invento 0.0000 · 0.2 s/paso
  paso 1775 · perdida  1.8021 · GLOBAL 0.7500 · acierto 0.7500 · vigente 0.7500 · nose nan (rel nan/aus nan) · invento 0.0000 · 0.2 s/paso
  paso 1800 · perdida  2.0144 · GLOBAL 0.2500 · acierto 0.2500 · vigente 0.2500 · nose nan (rel nan/aus nan) · invento 0.0000 · 0.2 s/paso
  paso 1825 · perdida  0.9513 · GLOBAL 1.0000 · acierto 1.0000 · vigente 1.0000 · nose nan (rel nan/aus nan) · invento 0.0000 · 0.2 s/paso
  paso 1850 · perdida  1.0467 · GLOBAL 0.7500 · acierto 0.7500 · vigente 0.7500 · nose nan (rel nan/aus nan) · invento 0.0000 · 0.2 s/paso
  paso 1875 · perdida  2.3976 · GLOBAL 0.2500 · acierto 0.2500 · vigente 0.2500 · nose nan (rel nan/aus nan) · invento 0.0000 · 0.2 s/paso
  paso 1900 · perdida  1.6146 · GLOBAL 0.2500 · acierto 0.2500 · vigente 0.2500 · nose nan (rel nan/aus nan) · invento 0.0000 · 0.2 s/paso
  paso 1925 · perdida  1.3632 · GLOBAL 0.5000 · acierto 0.5000 · vigente 0.5000 · nose nan (rel nan/aus nan) · invento 0.0000 · 0.2 s/paso
  paso 1950 · perdida  1.2840 · GLOBAL 0.2500 · acierto 0.2500 · vigente 0.2500 · nose nan (rel nan/aus nan) · invento 0.0000 · 0.2 s/paso
  paso 1975 · perdida  1.7930 · GLOBAL 0.5000 · acierto 0.5000 · vigente 0.5000 · nose nan (rel nan/aus nan) · invento 0.0000 · 0.2 s/paso
  paso 2000 · perdida  1.1710 · GLOBAL 0.5000 · acierto 0.5000 · vigente 0.5000 · nose nan (rel nan/aus nan) · invento 0.0000 · 0.2 s/paso
  paso 2025 · perdida  1.1326 · GLOBAL 0.5000 · acierto 0.5000 · vigente 0.5000 · nose nan (rel nan/aus nan) · invento 0.0000 · 0.2 s/paso
  paso 2050 · perdida  3.0617 · GLOBAL 0.5000 · acierto 0.5000 · vigente 0.5000 · nose nan (rel nan/aus nan) · invento 0.0000 · 0.2 s/paso
  paso 2075 · perdida  0.6502 · GLOBAL 1.0000 · acierto 1.0000 · vigente 1.0000 · nose nan (rel nan/aus nan) · invento 0.0000 · 0.2 s/paso
  paso 2100 · perdida  0.7887 · GLOBAL 0.7500 · acierto 0.7500 · vigente 0.7500 · nose nan (rel nan/aus nan) · invento 0.0000 · 0.2 s/paso
  paso 2125 · perdida  0.9067 · GLOBAL 0.7500 · acierto 0.7500 · vigente 0.7500 · nose nan (rel nan/aus nan) · invento 0.0000 · 0.2 s/paso
  paso 2150 · perdida  1.1999 · GLOBAL 0.5000 · acierto 0.5000 · vigente 0.5000 · nose nan (rel nan/aus nan) · invento 0.0000 · 0.2 s/paso
  paso 2175 · perdida  0.9332 · GLOBAL 0.5000 · acierto 0.5000 · vigente 0.5000 · nose nan (rel nan/aus nan) · invento 0.0000 · 0.2 s/paso
  paso 2200 · perdida  1.9666 · GLOBAL 0.5000 · acierto 0.5000 · vigente 0.5000 · nose nan (rel nan/aus nan) · invento 0.0000 · 0.2 s/paso
  paso 2225 · perdida  0.7836 · GLOBAL 0.7500 · acierto 0.7500 · vigente 0.7500 · nose nan (rel nan/aus nan) · invento 0.0000 · 0.2 s/paso
  paso 2250 · perdida  1.6966 · GLOBAL 0.5000 · acierto 0.5000 · vigente 0.5000 · nose nan (rel nan/aus nan) · invento 0.0000 · 0.2 s/paso
  paso 2275 · perdida  0.9968 · GLOBAL 0.5000 · acierto 0.5000 · vigente 0.5000 · nose nan (rel nan/aus nan) · invento 0.0000 · 0.2 s/paso
  paso 2300 · perdida  1.3304 · GLOBAL 0.5000 · acierto 0.5000 · vigente 0.5000 · nose nan (rel nan/aus nan) · invento 0.0000 · 0.2 s/paso
  paso 2325 · perdida  2.3728 · GLOBAL 0.2500 · acierto 0.2500 · vigente 0.2500 · nose nan (rel nan/aus nan) · invento 0.0000 · 0.2 s/paso
  paso 2350 · perdida  1.6069 · GLOBAL 0.2500 · acierto 0.2500 · vigente 0.2500 · nose nan (rel nan/aus nan) · invento 0.0000 · 0.2 s/paso
  paso 2375 · perdida  1.1052 · GLOBAL 0.7500 · acierto 0.7500 · vigente 0.7500 · nose nan (rel nan/aus nan) · invento 0.0000 · 0.2 s/paso
  paso 2400 · perdida  2.3701 · GLOBAL 0.0000 · acierto 0.0000 · vigente 0.0000 · nose nan (rel nan/aus nan) · invento 0.0000 · 0.2 s/paso
  paso 2425 · perdida  0.3157 · GLOBAL 1.0000 · acierto 1.0000 · vigente 1.0000 · nose nan (rel nan/aus nan) · invento 0.0000 · 0.2 s/paso
  paso 2450 · perdida  0.6870 · GLOBAL 0.7500 · acierto 0.7500 · vigente 0.7500 · nose nan (rel nan/aus nan) · invento 0.0000 · 0.2 s/paso
  paso 2475 · perdida  1.5665 · GLOBAL 0.5000 · acierto 0.5000 · vigente 0.5000 · nose nan (rel nan/aus nan) · invento 0.0000 · 0.2 s/paso
  paso 2500 · perdida  1.7182 · GLOBAL 0.0000 · acierto 0.0000 · vigente 0.0000 · nose nan (rel nan/aus nan) · invento 0.0000 · 0.2 s/paso
  paso 2525 · perdida  0.9165 · GLOBAL 0.5000 · acierto 0.5000 · vigente 0.5000 · nose nan (rel nan/aus nan) · invento 0.0000 · 0.2 s/paso
  paso 2550 · perdida  0.3012 · GLOBAL 1.0000 · acierto 1.0000 · vigente 1.0000 · nose nan (rel nan/aus nan) · invento 0.0000 · 0.2 s/paso
  paso 2575 · perdida  1.2709 · GLOBAL 0.5000 · acierto 0.5000 · vigente 0.5000 · nose nan (rel nan/aus nan) · invento 0.0000 · 0.2 s/paso
  paso 2600 · perdida  0.4666 · GLOBAL 1.0000 · acierto 1.0000 · vigente 1.0000 · nose nan (rel nan/aus nan) · invento 0.0000 · 0.2 s/paso
  paso 2625 · perdida  0.2304 · GLOBAL 1.0000 · acierto 1.0000 · vigente 1.0000 · nose nan (rel nan/aus nan) · invento 0.0000 · 0.2 s/paso
  paso 2650 · perdida  1.0794 · GLOBAL 0.5000 · acierto 0.5000 · vigente 0.5000 · nose nan (rel nan/aus nan) · invento 0.0000 · 0.2 s/paso
  paso 2675 · perdida  1.0413 · GLOBAL 0.5000 · acierto 0.5000 · vigente 0.5000 · nose nan (rel nan/aus nan) · invento 0.0000 · 0.2 s/paso
  paso 2700 · perdida  1.0834 · GLOBAL 0.7500 · acierto 0.7500 · vigente 0.7500 · nose nan (rel nan/aus nan) · invento 0.0000 · 0.2 s/paso
  paso 2725 · perdida  0.5033 · GLOBAL 0.7500 · acierto 0.7500 · vigente 0.7500 · nose nan (rel nan/aus nan) · invento 0.0000 · 0.2 s/paso
  paso 2750 · perdida  1.2929 · GLOBAL 0.7500 · acierto 0.7500 · vigente 0.7500 · nose nan (rel nan/aus nan) · invento 0.0000 · 0.2 s/paso
  paso 2775 · perdida  0.6032 · GLOBAL 0.7500 · acierto 0.7500 · vigente 0.7500 · nose nan (rel nan/aus nan) · invento 0.0000 · 0.2 s/paso
  paso 2800 · perdida  1.1430 · GLOBAL 0.2500 · acierto 0.2500 · vigente 0.2500 · nose nan (rel nan/aus nan) · invento 0.0000 · 0.2 s/paso
  paso 2825 · perdida  3.5347 · GLOBAL 0.5000 · acierto 0.5000 · vigente 0.5000 · nose nan (rel nan/aus nan) · invento 0.0000 · 0.2 s/paso
  paso 2850 · perdida  0.7846 · GLOBAL 0.7500 · acierto 0.7500 · vigente 0.7500 · nose nan (rel nan/aus nan) · invento 0.0000 · 0.2 s/paso
  paso 2875 · perdida  0.4162 · GLOBAL 0.7500 · acierto 0.7500 · vigente 0.7500 · nose nan (rel nan/aus nan) · invento 0.0000 · 0.2 s/paso
  paso 2900 · perdida  1.0358 · GLOBAL 0.7500 · acierto 0.7500 · vigente 0.7500 · nose nan (rel nan/aus nan) · invento 0.0000 · 0.2 s/paso
  paso 2925 · perdida  0.9425 · GLOBAL 0.5000 · acierto 0.5000 · vigente 0.5000 · nose nan (rel nan/aus nan) · invento 0.0000 · 0.2 s/paso
  paso 2950 · perdida  0.6187 · GLOBAL 0.7500 · acierto 0.7500 · vigente 0.7500 · nose nan (rel nan/aus nan) · invento 0.0000 · 0.2 s/paso
  paso 2975 · perdida  0.2414 · GLOBAL 0.7500 · acierto 0.7500 · vigente 0.7500 · nose nan (rel nan/aus nan) · invento 0.0000 · 0.2 s/paso
  paso 3000 · perdida  1.3670 · GLOBAL 0.5000 · acierto 0.5000 · vigente 0.5000 · nose nan (rel nan/aus nan) · invento 0.0000 · 0.2 s/paso
  paso 3025 · perdida  0.9867 · GLOBAL 0.7500 · acierto 0.7500 · vigente 0.7500 · nose nan (rel nan/aus nan) · invento 0.0000 · 0.2 s/paso
  paso 3050 · perdida  0.5864 · GLOBAL 0.7500 · acierto 0.7500 · vigente 0.7500 · nose nan (rel nan/aus nan) · invento 0.0000 · 0.2 s/paso
  paso 3075 · perdida  0.0318 · GLOBAL 1.0000 · acierto 1.0000 · vigente 1.0000 · nose nan (rel nan/aus nan) · invento 0.0000 · 0.2 s/paso
  paso 3100 · perdida  0.0525 · GLOBAL 1.0000 · acierto 1.0000 · vigente 1.0000 · nose nan (rel nan/aus nan) · invento 0.0000 · 0.2 s/paso
  paso 3125 · perdida  1.9502 · GLOBAL 0.7500 · acierto 0.7500 · vigente 0.7500 · nose nan (rel nan/aus nan) · invento 0.0000 · 0.2 s/paso
  paso 3150 · perdida  0.9602 · GLOBAL 0.7500 · acierto 0.7500 · vigente 0.7500 · nose nan (rel nan/aus nan) · invento 0.0000 · 0.2 s/paso
  paso 3175 · perdida  0.3110 · GLOBAL 1.0000 · acierto 1.0000 · vigente 1.0000 · nose nan (rel nan/aus nan) · invento 0.0000 · 0.2 s/paso
  paso 3200 · perdida  0.1463 · GLOBAL 1.0000 · acierto 1.0000 · vigente 1.0000 · nose nan (rel nan/aus nan) · invento 0.0000 · 0.2 s/paso
  paso 3225 · perdida  0.2562 · GLOBAL 1.0000 · acierto 1.0000 · vigente 1.0000 · nose nan (rel nan/aus nan) · invento 0.0000 · 0.2 s/paso
  paso 3250 · perdida  0.1488 · GLOBAL 1.0000 · acierto 1.0000 · vigente 1.0000 · nose nan (rel nan/aus nan) · invento 0.0000 · 0.2 s/paso
  paso 3275 · perdida  0.0734 · GLOBAL 1.0000 · acierto 1.0000 · vigente 1.0000 · nose nan (rel nan/aus nan) · invento 0.0000 · 0.2 s/paso
  paso 3300 · perdida  0.2343 · GLOBAL 0.7500 · acierto 0.7500 · vigente 0.7500 · nose nan (rel nan/aus nan) · invento 0.0000 · 0.2 s/paso
  paso 3325 · perdida  0.0737 · GLOBAL 1.0000 · acierto 1.0000 · vigente 1.0000 · nose nan (rel nan/aus nan) · invento 0.0000 · 0.2 s/paso
  paso 3350 · perdida  0.6606 · GLOBAL 0.7500 · acierto 0.7500 · vigente 0.7500 · nose nan (rel nan/aus nan) · invento 0.0000 · 0.2 s/paso
  paso 3375 · perdida  0.2895 · GLOBAL 1.0000 · acierto 1.0000 · vigente 1.0000 · nose nan (rel nan/aus nan) · invento 0.0000 · 0.2 s/paso
  paso 3400 · perdida  1.2642 · GLOBAL 0.5000 · acierto 0.5000 · vigente 0.5000 · nose nan (rel nan/aus nan) · invento 0.0000 · 0.2 s/paso
  paso 3425 · perdida  1.2359 · GLOBAL 0.7500 · acierto 0.7500 · vigente 0.7500 · nose nan (rel nan/aus nan) · invento 0.0000 · 0.2 s/paso
  paso 3450 · perdida  3.0476 · GLOBAL 0.7500 · acierto 0.7500 · vigente 0.7500 · nose nan (rel nan/aus nan) · invento 0.0000 · 0.2 s/paso
  paso 3475 · perdida  0.9185 · GLOBAL 0.2500 · acierto 0.2500 · vigente 0.2500 · nose nan (rel nan/aus nan) · invento 0.0000 · 0.2 s/paso
  paso 3500 · perdida  0.8947 · GLOBAL 0.7500 · acierto 0.7500 · vigente 0.7500 · nose nan (rel nan/aus nan) · invento 0.0000 · 0.2 s/paso
  paso 3525 · perdida  0.2380 · GLOBAL 0.7500 · acierto 0.7500 · vigente 0.7500 · nose nan (rel nan/aus nan) · invento 0.0000 · 0.2 s/paso
  paso 3550 · perdida  0.0064 · GLOBAL 1.0000 · acierto 1.0000 · vigente 1.0000 · nose nan (rel nan/aus nan) · invento 0.0000 · 0.2 s/paso
  paso 3575 · perdida  0.1000 · GLOBAL 1.0000 · acierto 1.0000 · vigente 1.0000 · nose nan (rel nan/aus nan) · invento 0.0000 · 0.2 s/paso
  paso 3600 · perdida  1.9837 · GLOBAL 0.7500 · acierto 0.7500 · vigente 0.7500 · nose nan (rel nan/aus nan) · invento 0.0000 · 0.2 s/paso
  paso 3625 · perdida  0.1617 · GLOBAL 1.0000 · acierto 1.0000 · vigente 1.0000 · nose nan (rel nan/aus nan) · invento 0.0000 · 0.2 s/paso
  paso 3650 · perdida  0.7508 · GLOBAL 0.5000 · acierto 0.5000 · vigente 0.5000 · nose nan (rel nan/aus nan) · invento 0.0000 · 0.2 s/paso
  paso 3675 · perdida  0.0038 · GLOBAL 1.0000 · acierto 1.0000 · vigente 1.0000 · nose nan (rel nan/aus nan) · invento 0.0000 · 0.2 s/paso
  paso 3700 · perdida  0.1343 · GLOBAL 1.0000 · acierto 1.0000 · vigente 1.0000 · nose nan (rel nan/aus nan) · invento 0.0000 · 0.2 s/paso
  paso 3725 · perdida  0.7019 · GLOBAL 0.7500 · acierto 0.7500 · vigente 0.7500 · nose nan (rel nan/aus nan) · invento 0.0000 · 0.2 s/paso
  paso 3750 · perdida  0.0772 · GLOBAL 1.0000 · acierto 1.0000 · vigente 1.0000 · nose nan (rel nan/aus nan) · invento 0.0000 · 0.2 s/paso
  paso 3775 · perdida  0.2036 · GLOBAL 1.0000 · acierto 1.0000 · vigente 1.0000 · nose nan (rel nan/aus nan) · invento 0.0000 · 0.2 s/paso
  paso 3800 · perdida  0.2513 · GLOBAL 1.0000 · acierto 1.0000 · vigente 1.0000 · nose nan (rel nan/aus nan) · invento 0.0000 · 0.2 s/paso
  paso 3825 · perdida  0.1623 · GLOBAL 1.0000 · acierto 1.0000 · vigente 1.0000 · nose nan (rel nan/aus nan) · invento 0.0000 · 0.2 s/paso
  paso 3850 · perdida  0.5065 · GLOBAL 0.7500 · acierto 0.7500 · vigente 0.7500 · nose nan (rel nan/aus nan) · invento 0.0000 · 0.2 s/paso
  paso 3875 · perdida  0.2579 · GLOBAL 1.0000 · acierto 1.0000 · vigente 1.0000 · nose nan (rel nan/aus nan) · invento 0.0000 · 0.2 s/paso
  paso 3900 · perdida  0.9901 · GLOBAL 0.5000 · acierto 0.5000 · vigente 0.5000 · nose nan (rel nan/aus nan) · invento 0.0000 · 0.2 s/paso
  paso 3925 · perdida  0.4609 · GLOBAL 0.7500 · acierto 0.7500 · vigente 0.7500 · nose nan (rel nan/aus nan) · invento 0.0000 · 0.2 s/paso
  paso 3950 · perdida  1.0787 · GLOBAL 0.5000 · acierto 0.5000 · vigente 0.5000 · nose nan (rel nan/aus nan) · invento 0.0000 · 0.2 s/paso
  paso 3975 · perdida  0.4789 · GLOBAL 0.7500 · acierto 0.7500 · vigente 0.7500 · nose nan (rel nan/aus nan) · invento 0.0000 · 0.2 s/paso
  paso 4000 · perdida  0.8849 · GLOBAL 0.7500 · acierto 0.7500 · vigente 0.7500 · nose nan (rel nan/aus nan) · invento 0.0000 · 0.2 s/paso
  paso 4025 · perdida  0.1870 · GLOBAL 1.0000 · acierto 1.0000 · vigente 1.0000 · nose nan (rel nan/aus nan) · invento 0.0000 · 0.2 s/paso
  paso 4050 · perdida  0.3475 · GLOBAL 1.0000 · acierto 1.0000 · vigente 1.0000 · nose nan (rel nan/aus nan) · invento 0.0000 · 0.2 s/paso
  paso 4075 · perdida  0.0836 · GLOBAL 1.0000 · acierto 1.0000 · vigente 1.0000 · nose nan (rel nan/aus nan) · invento 0.0000 · 0.2 s/paso
  paso 4100 · perdida  0.4323 · GLOBAL 0.7500 · acierto 0.7500 · vigente 0.7500 · nose nan (rel nan/aus nan) · invento 0.0000 · 0.2 s/paso
  paso 4125 · perdida  1.0309 · GLOBAL 0.7500 · acierto 0.7500 · vigente 0.7500 · nose nan (rel nan/aus nan) · invento 0.0000 · 0.2 s/paso
  paso 4150 · perdida  0.7526 · GLOBAL 0.5000 · acierto 0.5000 · vigente 0.5000 · nose nan (rel nan/aus nan) · invento 0.0000 · 0.2 s/paso
  paso 4175 · perdida  0.5405 · GLOBAL 0.7500 · acierto 0.7500 · vigente 0.7500 · nose nan (rel nan/aus nan) · invento 0.0000 · 0.2 s/paso
  paso 4200 · perdida  0.7985 · GLOBAL 0.7500 · acierto 0.7500 · vigente 0.7500 · nose nan (rel nan/aus nan) · invento 0.0000 · 0.2 s/paso
  paso 4225 · perdida  0.0102 · GLOBAL 1.0000 · acierto 1.0000 · vigente 1.0000 · nose nan (rel nan/aus nan) · invento 0.0000 · 0.2 s/paso
  paso 4250 · perdida  0.6446 · GLOBAL 0.7500 · acierto 0.7500 · vigente 0.7500 · nose nan (rel nan/aus nan) · invento 0.0000 · 0.2 s/paso
  paso 4275 · perdida  0.0341 · GLOBAL 1.0000 · acierto 1.0000 · vigente 1.0000 · nose nan (rel nan/aus nan) · invento 0.0000 · 0.2 s/paso
  paso 4300 · perdida  0.1039 · GLOBAL 1.0000 · acierto 1.0000 · vigente 1.0000 · nose nan (rel nan/aus nan) · invento 0.0000 · 0.2 s/paso
  paso 4325 · perdida  0.0732 · GLOBAL 1.0000 · acierto 1.0000 · vigente 1.0000 · nose nan (rel nan/aus nan) · invento 0.0000 · 0.2 s/paso
  paso 4350 · perdida  0.0296 · GLOBAL 1.0000 · acierto 1.0000 · vigente 1.0000 · nose nan (rel nan/aus nan) · invento 0.0000 · 0.2 s/paso
  paso 4375 · perdida  0.2454 · GLOBAL 1.0000 · acierto 1.0000 · vigente 1.0000 · nose nan (rel nan/aus nan) · invento 0.0000 · 0.2 s/paso
  paso 4400 · perdida  0.7603 · GLOBAL 0.7500 · acierto 0.7500 · vigente 0.7500 · nose nan (rel nan/aus nan) · invento 0.0000 · 0.2 s/paso
  paso 4425 · perdida  0.4874 · GLOBAL 0.7500 · acierto 0.7500 · vigente 0.7500 · nose nan (rel nan/aus nan) · invento 0.0000 · 0.2 s/paso
  paso 4450 · perdida  1.1500 · GLOBAL 0.7500 · acierto 0.7500 · vigente 0.7500 · nose nan (rel nan/aus nan) · invento 0.0000 · 0.2 s/paso
  paso 4475 · perdida  0.0260 · GLOBAL 1.0000 · acierto 1.0000 · vigente 1.0000 · nose nan (rel nan/aus nan) · invento 0.0000 · 0.2 s/paso
  paso 4500 · perdida  0.9688 · GLOBAL 0.7500 · acierto 0.7500 · vigente 0.7500 · nose nan (rel nan/aus nan) · invento 0.0000 · 0.2 s/paso
  paso 4525 · perdida  0.1108 · GLOBAL 1.0000 · acierto 1.0000 · vigente 1.0000 · nose nan (rel nan/aus nan) · invento 0.0000 · 0.2 s/paso
  paso 4550 · perdida  1.5749 · GLOBAL 0.5000 · acierto 0.5000 · vigente 0.5000 · nose nan (rel nan/aus nan) · invento 0.0000 · 0.2 s/paso
  paso 4575 · perdida  0.3208 · GLOBAL 1.0000 · acierto 1.0000 · vigente 1.0000 · nose nan (rel nan/aus nan) · invento 0.0000 · 0.2 s/paso
  paso 4600 · perdida  0.0612 · GLOBAL 1.0000 · acierto 1.0000 · vigente 1.0000 · nose nan (rel nan/aus nan) · invento 0.0000 · 0.2 s/paso
  paso 4625 · perdida  0.0963 · GLOBAL 1.0000 · acierto 1.0000 · vigente 1.0000 · nose nan (rel nan/aus nan) · invento 0.0000 · 0.2 s/paso
  paso 4650 · perdida  2.5973 · GLOBAL 0.5000 · acierto 0.5000 · vigente 0.5000 · nose nan (rel nan/aus nan) · invento 0.0000 · 0.2 s/paso
  paso 4675 · perdida  0.1108 · GLOBAL 1.0000 · acierto 1.0000 · vigente 1.0000 · nose nan (rel nan/aus nan) · invento 0.0000 · 0.2 s/paso
  paso 4700 · perdida  0.0422 · GLOBAL 1.0000 · acierto 1.0000 · vigente 1.0000 · nose nan (rel nan/aus nan) · invento 0.0000 · 0.2 s/paso
  paso 4725 · perdida  0.4467 · GLOBAL 0.5000 · acierto 0.5000 · vigente 0.5000 · nose nan (rel nan/aus nan) · invento 0.0000 · 0.2 s/paso
  paso 4750 · perdida  1.0931 · GLOBAL 0.5000 · acierto 0.5000 · vigente 0.5000 · nose nan (rel nan/aus nan) · invento 0.0000 · 0.2 s/paso
  paso 4775 · perdida  0.2451 · GLOBAL 1.0000 · acierto 1.0000 · vigente 1.0000 · nose nan (rel nan/aus nan) · invento 0.0000 · 0.2 s/paso
  paso 4800 · perdida  0.1255 · GLOBAL 1.0000 · acierto 1.0000 · vigente 1.0000 · nose nan (rel nan/aus nan) · invento 0.0000 · 0.2 s/paso
  paso 4825 · perdida  0.9899 · GLOBAL 0.7500 · acierto 0.7500 · vigente 0.7500 · nose nan (rel nan/aus nan) · invento 0.0000 · 0.2 s/paso
  paso 4850 · perdida  0.1122 · GLOBAL 1.0000 · acierto 1.0000 · vigente 1.0000 · nose nan (rel nan/aus nan) · invento 0.0000 · 0.2 s/paso
  paso 4875 · perdida  0.0828 · GLOBAL 1.0000 · acierto 1.0000 · vigente 1.0000 · nose nan (rel nan/aus nan) · invento 0.0000 · 0.2 s/paso
  paso 4900 · perdida  0.4302 · GLOBAL 0.7500 · acierto 0.7500 · vigente 0.7500 · nose nan (rel nan/aus nan) · invento 0.0000 · 0.2 s/paso
  paso 4925 · perdida  1.0395 · GLOBAL 0.7500 · acierto 0.7500 · vigente 0.7500 · nose nan (rel nan/aus nan) · invento 0.0000 · 0.2 s/paso
  paso 4950 · perdida  0.7972 · GLOBAL 0.7500 · acierto 0.7500 · vigente 0.7500 · nose nan (rel nan/aus nan) · invento 0.0000 · 0.2 s/paso
  paso 4975 · perdida  0.0606 · GLOBAL 1.0000 · acierto 1.0000 · vigente 1.0000 · nose nan (rel nan/aus nan) · invento 0.0000 · 0.2 s/paso
  paso 5000 · perdida  1.4428 · GLOBAL 0.5000 · acierto 0.5000 · vigente 0.5000 · nose nan (rel nan/aus nan) · invento 0.0000 · 0.2 s/paso
  paso 5025 · perdida  0.6184 · GLOBAL 0.7500 · acierto 0.7500 · vigente 0.7500 · nose nan (rel nan/aus nan) · invento 0.0000 · 0.2 s/paso
  paso 5050 · perdida  0.0266 · GLOBAL 1.0000 · acierto 1.0000 · vigente 1.0000 · nose nan (rel nan/aus nan) · invento 0.0000 · 0.2 s/paso
  paso 5075 · perdida  0.0552 · GLOBAL 1.0000 · acierto 1.0000 · vigente 1.0000 · nose nan (rel nan/aus nan) · invento 0.0000 · 0.2 s/paso
  paso 5100 · perdida  0.0022 · GLOBAL 1.0000 · acierto 1.0000 · vigente 1.0000 · nose nan (rel nan/aus nan) · invento 0.0000 · 0.2 s/paso
  paso 5125 · perdida  0.2056 · GLOBAL 1.0000 · acierto 1.0000 · vigente 1.0000 · nose nan (rel nan/aus nan) · invento 0.0000 · 0.2 s/paso
  paso 5150 · perdida  0.3148 · GLOBAL 0.7500 · acierto 0.7500 · vigente 0.7500 · nose nan (rel nan/aus nan) · invento 0.0000 · 0.2 s/paso
  paso 5175 · perdida  0.2981 · GLOBAL 0.7500 · acierto 0.7500 · vigente 0.7500 · nose nan (rel nan/aus nan) · invento 0.0000 · 0.2 s/paso
  paso 5200 · perdida  0.2277 · GLOBAL 1.0000 · acierto 1.0000 · vigente 1.0000 · nose nan (rel nan/aus nan) · invento 0.0000 · 0.2 s/paso
  paso 5225 · perdida  0.0947 · GLOBAL 1.0000 · acierto 1.0000 · vigente 1.0000 · nose nan (rel nan/aus nan) · invento 0.0000 · 0.2 s/paso
  paso 5250 · perdida  0.0777 · GLOBAL 1.0000 · acierto 1.0000 · vigente 1.0000 · nose nan (rel nan/aus nan) · invento 0.0000 · 0.2 s/paso
  paso 5275 · perdida  0.3880 · GLOBAL 0.7500 · acierto 0.7500 · vigente 0.7500 · nose nan (rel nan/aus nan) · invento 0.0000 · 0.2 s/paso
  paso 5300 · perdida  0.1645 · GLOBAL 1.0000 · acierto 1.0000 · vigente 1.0000 · nose nan (rel nan/aus nan) · invento 0.0000 · 0.2 s/paso
  paso 5325 · perdida  0.1546 · GLOBAL 1.0000 · acierto 1.0000 · vigente 1.0000 · nose nan (rel nan/aus nan) · invento 0.0000 · 0.2 s/paso
  paso 5350 · perdida  1.9453 · GLOBAL 0.5000 · acierto 0.5000 · vigente 0.5000 · nose nan (rel nan/aus nan) · invento 0.0000 · 0.2 s/paso
  paso 5375 · perdida  0.5969 · GLOBAL 0.7500 · acierto 0.7500 · vigente 0.7500 · nose nan (rel nan/aus nan) · invento 0.0000 · 0.2 s/paso
  paso 5400 · perdida  0.6604 · GLOBAL 0.5000 · acierto 0.5000 · vigente 0.5000 · nose nan (rel nan/aus nan) · invento 0.0000 · 0.2 s/paso
  paso 5425 · perdida  0.7289 · GLOBAL 0.7500 · acierto 0.7500 · vigente 0.7500 · nose nan (rel nan/aus nan) · invento 0.0000 · 0.2 s/paso
  paso 5450 · perdida  0.0689 · GLOBAL 1.0000 · acierto 1.0000 · vigente 1.0000 · nose nan (rel nan/aus nan) · invento 0.0000 · 0.2 s/paso
  paso 5475 · perdida  0.0197 · GLOBAL 1.0000 · acierto 1.0000 · vigente 1.0000 · nose nan (rel nan/aus nan) · invento 0.0000 · 0.2 s/paso
  paso 5500 · perdida  0.0234 · GLOBAL 1.0000 · acierto 1.0000 · vigente 1.0000 · nose nan (rel nan/aus nan) · invento 0.0000 · 0.2 s/paso
  paso 5525 · perdida  0.0151 · GLOBAL 1.0000 · acierto 1.0000 · vigente 1.0000 · nose nan (rel nan/aus nan) · invento 0.0000 · 0.2 s/paso
  paso 5550 · perdida  1.1204 · GLOBAL 0.7500 · acierto 0.7500 · vigente 0.7500 · nose nan (rel nan/aus nan) · invento 0.0000 · 0.2 s/paso
  paso 5575 · perdida  0.2706 · GLOBAL 1.0000 · acierto 1.0000 · vigente 1.0000 · nose nan (rel nan/aus nan) · invento 0.0000 · 0.2 s/paso
  paso 5600 · perdida  0.3733 · GLOBAL 0.7500 · acierto 0.7500 · vigente 0.7500 · nose nan (rel nan/aus nan) · invento 0.0000 · 0.2 s/paso
  paso 5625 · perdida  1.2815 · GLOBAL 0.5000 · acierto 0.5000 · vigente 0.5000 · nose nan (rel nan/aus nan) · invento 0.0000 · 0.2 s/paso
  paso 5650 · perdida  0.0510 · GLOBAL 1.0000 · acierto 1.0000 · vigente 1.0000 · nose nan (rel nan/aus nan) · invento 0.0000 · 0.2 s/paso
  paso 5675 · perdida  0.0422 · GLOBAL 1.0000 · acierto 1.0000 · vigente 1.0000 · nose nan (rel nan/aus nan) · invento 0.0000 · 0.2 s/paso
  paso 5700 · perdida  0.0525 · GLOBAL 1.0000 · acierto 1.0000 · vigente 1.0000 · nose nan (rel nan/aus nan) · invento 0.0000 · 0.2 s/paso
  paso 5725 · perdida  0.0812 · GLOBAL 1.0000 · acierto 1.0000 · vigente 1.0000 · nose nan (rel nan/aus nan) · invento 0.0000 · 0.2 s/paso
  paso 5750 · perdida  0.2809 · GLOBAL 1.0000 · acierto 1.0000 · vigente 1.0000 · nose nan (rel nan/aus nan) · invento 0.0000 · 0.2 s/paso
  paso 5775 · perdida  0.1967 · GLOBAL 1.0000 · acierto 1.0000 · vigente 1.0000 · nose nan (rel nan/aus nan) · invento 0.0000 · 0.2 s/paso
  paso 5800 · perdida  0.6426 · GLOBAL 0.7500 · acierto 0.7500 · vigente 0.7500 · nose nan (rel nan/aus nan) · invento 0.0000 · 0.2 s/paso
  paso 5825 · perdida  0.3925 · GLOBAL 1.0000 · acierto 1.0000 · vigente 1.0000 · nose nan (rel nan/aus nan) · invento 0.0000 · 0.2 s/paso
  paso 5850 · perdida  0.0519 · GLOBAL 1.0000 · acierto 1.0000 · vigente 1.0000 · nose nan (rel nan/aus nan) · invento 0.0000 · 0.2 s/paso
  paso 5875 · perdida  0.0441 · GLOBAL 1.0000 · acierto 1.0000 · vigente 1.0000 · nose nan (rel nan/aus nan) · invento 0.0000 · 0.2 s/paso
  paso 5900 · perdida  0.0881 · GLOBAL 1.0000 · acierto 1.0000 · vigente 1.0000 · nose nan (rel nan/aus nan) · invento 0.0000 · 0.2 s/paso
  paso 5925 · perdida  1.6569 · GLOBAL 0.7500 · acierto 0.7500 · vigente 0.7500 · nose nan (rel nan/aus nan) · invento 0.0000 · 0.2 s/paso
  paso 5950 · perdida  0.5447 · GLOBAL 0.7500 · acierto 0.7500 · vigente 0.7500 · nose nan (rel nan/aus nan) · invento 0.0000 · 0.2 s/paso
  paso 5975 · perdida  0.0434 · GLOBAL 1.0000 · acierto 1.0000 · vigente 1.0000 · nose nan (rel nan/aus nan) · invento 0.0000 · 0.2 s/paso
  paso 6000 · perdida  2.7853 · GLOBAL 0.7500 · acierto 0.7500 · vigente 0.7500 · nose nan (rel nan/aus nan) · invento 0.0000 · 0.2 s/paso
  paso 6025 · perdida  0.4355 · GLOBAL 0.7500 · acierto 0.7500 · vigente 0.7500 · nose nan (rel nan/aus nan) · invento 0.0000 · 0.2 s/paso
  paso 6050 · perdida  0.0546 · GLOBAL 1.0000 · acierto 1.0000 · vigente 1.0000 · nose nan (rel nan/aus nan) · invento 0.0000 · 0.2 s/paso
  paso 6075 · perdida  0.1500 · GLOBAL 1.0000 · acierto 1.0000 · vigente 1.0000 · nose nan (rel nan/aus nan) · invento 0.0000 · 0.2 s/paso
  paso 6100 · perdida  0.3644 · GLOBAL 0.7500 · acierto 0.7500 · vigente 0.7500 · nose nan (rel nan/aus nan) · invento 0.0000 · 0.2 s/paso
  paso 6125 · perdida  0.1391 · GLOBAL 1.0000 · acierto 1.0000 · vigente 1.0000 · nose nan (rel nan/aus nan) · invento 0.0000 · 0.2 s/paso
  paso 6150 · perdida  0.0696 · GLOBAL 1.0000 · acierto 1.0000 · vigente 1.0000 · nose nan (rel nan/aus nan) · invento 0.0000 · 0.2 s/paso
  paso 6175 · perdida  1.1796 · GLOBAL 0.2500 · acierto 0.2500 · vigente 0.2500 · nose nan (rel nan/aus nan) · invento 0.0000 · 0.2 s/paso
  paso 6200 · perdida  1.2700 · GLOBAL 0.5000 · acierto 0.5000 · vigente 0.5000 · nose nan (rel nan/aus nan) · invento 0.0000 · 0.2 s/paso
  paso 6225 · perdida  0.5172 · GLOBAL 0.7500 · acierto 0.7500 · vigente 0.7500 · nose nan (rel nan/aus nan) · invento 0.0000 · 0.2 s/paso
  paso 6250 · perdida  0.8031 · GLOBAL 0.7500 · acierto 0.7500 · vigente 0.7500 · nose nan (rel nan/aus nan) · invento 0.0000 · 0.2 s/paso
  paso 6275 · perdida  0.0047 · GLOBAL 1.0000 · acierto 1.0000 · vigente 1.0000 · nose nan (rel nan/aus nan) · invento 0.0000 · 0.2 s/paso
  paso 6300 · perdida  0.0344 · GLOBAL 1.0000 · acierto 1.0000 · vigente 1.0000 · nose nan (rel nan/aus nan) · invento 0.0000 · 0.2 s/paso
  paso 6325 · perdida  0.5129 · GLOBAL 0.7500 · acierto 0.7500 · vigente 0.7500 · nose nan (rel nan/aus nan) · invento 0.0000 · 0.2 s/paso
  paso 6350 · perdida  0.5415 · GLOBAL 0.7500 · acierto 0.7500 · vigente 0.7500 · nose nan (rel nan/aus nan) · invento 0.0000 · 0.2 s/paso
  paso 6375 · perdida  0.4345 · GLOBAL 0.7500 · acierto 0.7500 · vigente 0.7500 · nose nan (rel nan/aus nan) · invento 0.0000 · 0.2 s/paso
  paso 6400 · perdida  0.9260 · GLOBAL 0.5000 · acierto 0.5000 · vigente 0.5000 · nose nan (rel nan/aus nan) · invento 0.0000 · 0.2 s/paso
  paso 6425 · perdida  0.0101 · GLOBAL 1.0000 · acierto 1.0000 · vigente 1.0000 · nose nan (rel nan/aus nan) · invento 0.0000 · 0.2 s/paso
  paso 6450 · perdida  0.4911 · GLOBAL 0.5000 · acierto 0.5000 · vigente 0.5000 · nose nan (rel nan/aus nan) · invento 0.0000 · 0.2 s/paso
  paso 6475 · perdida  0.4872 · GLOBAL 0.5000 · acierto 0.5000 · vigente 0.5000 · nose nan (rel nan/aus nan) · invento 0.0000 · 0.2 s/paso
  paso 6500 · perdida  0.1335 · GLOBAL 1.0000 · acierto 1.0000 · vigente 1.0000 · nose nan (rel nan/aus nan) · invento 0.0000 · 0.2 s/paso
  paso 6525 · perdida  0.0061 · GLOBAL 1.0000 · acierto 1.0000 · vigente 1.0000 · nose nan (rel nan/aus nan) · invento 0.0000 · 0.2 s/paso
  paso 6550 · perdida  0.1276 · GLOBAL 1.0000 · acierto 1.0000 · vigente 1.0000 · nose nan (rel nan/aus nan) · invento 0.0000 · 0.2 s/paso
  paso 6575 · perdida  0.4252 · GLOBAL 0.7500 · acierto 0.7500 · vigente 0.7500 · nose nan (rel nan/aus nan) · invento 0.0000 · 0.2 s/paso
  paso 6600 · perdida  0.0977 · GLOBAL 1.0000 · acierto 1.0000 · vigente 1.0000 · nose nan (rel nan/aus nan) · invento 0.0000 · 0.2 s/paso
  paso 6625 · perdida  0.0110 · GLOBAL 1.0000 · acierto 1.0000 · vigente 1.0000 · nose nan (rel nan/aus nan) · invento 0.0000 · 0.2 s/paso
  paso 6650 · perdida  0.2914 · GLOBAL 0.7500 · acierto 0.7500 · vigente 0.7500 · nose nan (rel nan/aus nan) · invento 0.0000 · 0.2 s/paso
  paso 6675 · perdida  0.5831 · GLOBAL 0.7500 · acierto 0.7500 · vigente 0.7500 · nose nan (rel nan/aus nan) · invento 0.0000 · 0.2 s/paso
  paso 6700 · perdida  1.0444 · GLOBAL 0.7500 · acierto 0.7500 · vigente 0.7500 · nose nan (rel nan/aus nan) · invento 0.0000 · 0.2 s/paso
  paso 6725 · perdida  0.1164 · GLOBAL 1.0000 · acierto 1.0000 · vigente 1.0000 · nose nan (rel nan/aus nan) · invento 0.0000 · 0.2 s/paso
  paso 6750 · perdida  0.0156 · GLOBAL 1.0000 · acierto 1.0000 · vigente 1.0000 · nose nan (rel nan/aus nan) · invento 0.0000 · 0.2 s/paso
  paso 6775 · perdida  0.2775 · GLOBAL 0.7500 · acierto 0.7500 · vigente 0.7500 · nose nan (rel nan/aus nan) · invento 0.0000 · 0.2 s/paso
  paso 6800 · perdida  0.1579 · GLOBAL 1.0000 · acierto 1.0000 · vigente 1.0000 · nose nan (rel nan/aus nan) · invento 0.0000 · 0.2 s/paso
  paso 6825 · perdida  0.2863 · GLOBAL 1.0000 · acierto 1.0000 · vigente 1.0000 · nose nan (rel nan/aus nan) · invento 0.0000 · 0.2 s/paso
  paso 6850 · perdida  0.0651 · GLOBAL 1.0000 · acierto 1.0000 · vigente 1.0000 · nose nan (rel nan/aus nan) · invento 0.0000 · 0.2 s/paso
  paso 6875 · perdida  0.1641 · GLOBAL 1.0000 · acierto 1.0000 · vigente 1.0000 · nose nan (rel nan/aus nan) · invento 0.0000 · 0.2 s/paso
  paso 6900 · perdida  0.3895 · GLOBAL 1.0000 · acierto 1.0000 · vigente 1.0000 · nose nan (rel nan/aus nan) · invento 0.0000 · 0.2 s/paso
  paso 6925 · perdida  0.3865 · GLOBAL 0.7500 · acierto 0.7500 · vigente 0.7500 · nose nan (rel nan/aus nan) · invento 0.0000 · 0.2 s/paso
  paso 6950 · perdida  0.1106 · GLOBAL 1.0000 · acierto 1.0000 · vigente 1.0000 · nose nan (rel nan/aus nan) · invento 0.0000 · 0.2 s/paso
  paso 6975 · perdida  0.1835 · GLOBAL 1.0000 · acierto 1.0000 · vigente 1.0000 · nose nan (rel nan/aus nan) · invento 0.0000 · 0.2 s/paso
  paso 7000 · perdida  0.0002 · GLOBAL 1.0000 · acierto 1.0000 · vigente 1.0000 · nose nan (rel nan/aus nan) · invento 0.0000 · 0.2 s/paso
  paso 7025 · perdida  0.5126 · GLOBAL 0.7500 · acierto 0.7500 · vigente 0.7500 · nose nan (rel nan/aus nan) · invento 0.0000 · 0.2 s/paso
  paso 7050 · perdida  0.0395 · GLOBAL 1.0000 · acierto 1.0000 · vigente 1.0000 · nose nan (rel nan/aus nan) · invento 0.0000 · 0.2 s/paso
  paso 7075 · perdida  0.1454 · GLOBAL 1.0000 · acierto 1.0000 · vigente 1.0000 · nose nan (rel nan/aus nan) · invento 0.0000 · 0.2 s/paso
  paso 7100 · perdida  0.0083 · GLOBAL 1.0000 · acierto 1.0000 · vigente 1.0000 · nose nan (rel nan/aus nan) · invento 0.0000 · 0.2 s/paso
  paso 7125 · perdida  0.0004 · GLOBAL 1.0000 · acierto 1.0000 · vigente 1.0000 · nose nan (rel nan/aus nan) · invento 0.0000 · 0.2 s/paso
  paso 7150 · perdida  1.2896 · GLOBAL 0.7500 · acierto 0.7500 · vigente 0.7500 · nose nan (rel nan/aus nan) · invento 0.0000 · 0.2 s/paso
  paso 7175 · perdida  1.2822 · GLOBAL 0.7500 · acierto 0.7500 · vigente 0.7500 · nose nan (rel nan/aus nan) · invento 0.0000 · 0.2 s/paso
  paso 7200 · perdida  0.0362 · GLOBAL 1.0000 · acierto 1.0000 · vigente 1.0000 · nose nan (rel nan/aus nan) · invento 0.0000 · 0.2 s/paso
  paso 7225 · perdida  2.1797 · GLOBAL 0.7500 · acierto 0.7500 · vigente 0.7500 · nose nan (rel nan/aus nan) · invento 0.0000 · 0.2 s/paso
  paso 7250 · perdida  0.0095 · GLOBAL 1.0000 · acierto 1.0000 · vigente 1.0000 · nose nan (rel nan/aus nan) · invento 0.0000 · 0.2 s/paso
  paso 7275 · perdida  0.0562 · GLOBAL 1.0000 · acierto 1.0000 · vigente 1.0000 · nose nan (rel nan/aus nan) · invento 0.0000 · 0.2 s/paso
  paso 7300 · perdida  0.2132 · GLOBAL 0.7500 · acierto 0.7500 · vigente 0.7500 · nose nan (rel nan/aus nan) · invento 0.0000 · 0.2 s/paso
  paso 7325 · perdida  0.0403 · GLOBAL 1.0000 · acierto 1.0000 · vigente 1.0000 · nose nan (rel nan/aus nan) · invento 0.0000 · 0.2 s/paso
  paso 7350 · perdida  0.0976 · GLOBAL 1.0000 · acierto 1.0000 · vigente 1.0000 · nose nan (rel nan/aus nan) · invento 0.0000 · 0.2 s/paso
  paso 7375 · perdida  1.2905 · GLOBAL 0.5000 · acierto 0.5000 · vigente 0.5000 · nose nan (rel nan/aus nan) · invento 0.0000 · 0.2 s/paso
  paso 7400 · perdida  0.0036 · GLOBAL 1.0000 · acierto 1.0000 · vigente 1.0000 · nose nan (rel nan/aus nan) · invento 0.0000 · 0.2 s/paso
  paso 7425 · perdida  0.0649 · GLOBAL 1.0000 · acierto 1.0000 · vigente 1.0000 · nose nan (rel nan/aus nan) · invento 0.0000 · 0.2 s/paso
  paso 7450 · perdida  0.9827 · GLOBAL 0.5000 · acierto 0.5000 · vigente 0.5000 · nose nan (rel nan/aus nan) · invento 0.0000 · 0.2 s/paso
  paso 7475 · perdida  0.3240 · GLOBAL 1.0000 · acierto 1.0000 · vigente 1.0000 · nose nan (rel nan/aus nan) · invento 0.0000 · 0.2 s/paso
  paso 7500 · perdida  0.1225 · GLOBAL 1.0000 · acierto 1.0000 · vigente 1.0000 · nose nan (rel nan/aus nan) · invento 0.0000 · 0.2 s/paso
  paso 7525 · perdida  0.0450 · GLOBAL 1.0000 · acierto 1.0000 · vigente 1.0000 · nose nan (rel nan/aus nan) · invento 0.0000 · 0.2 s/paso
  paso 7550 · perdida  0.2705 · GLOBAL 0.7500 · acierto 0.7500 · vigente 0.7500 · nose nan (rel nan/aus nan) · invento 0.0000 · 0.2 s/paso
  paso 7575 · perdida  0.3310 · GLOBAL 0.7500 · acierto 0.7500 · vigente 0.7500 · nose nan (rel nan/aus nan) · invento 0.0000 · 0.2 s/paso
  paso 7600 · perdida  0.0234 · GLOBAL 1.0000 · acierto 1.0000 · vigente 1.0000 · nose nan (rel nan/aus nan) · invento 0.0000 · 0.2 s/paso
  paso 7625 · perdida  0.0020 · GLOBAL 1.0000 · acierto 1.0000 · vigente 1.0000 · nose nan (rel nan/aus nan) · invento 0.0000 · 0.2 s/paso
  paso 7650 · perdida  0.0116 · GLOBAL 1.0000 · acierto 1.0000 · vigente 1.0000 · nose nan (rel nan/aus nan) · invento 0.0000 · 0.2 s/paso
  paso 7675 · perdida  0.9867 · GLOBAL 0.7500 · acierto 0.7500 · vigente 0.7500 · nose nan (rel nan/aus nan) · invento 0.0000 · 0.2 s/paso
  paso 7700 · perdida  0.3894 · GLOBAL 0.7500 · acierto 0.7500 · vigente 0.7500 · nose nan (rel nan/aus nan) · invento 0.0000 · 0.2 s/paso
  paso 7725 · perdida  0.1717 · GLOBAL 1.0000 · acierto 1.0000 · vigente 1.0000 · nose nan (rel nan/aus nan) · invento 0.0000 · 0.2 s/paso
  paso 7750 · perdida  0.5066 · GLOBAL 0.7500 · acierto 0.7500 · vigente 0.7500 · nose nan (rel nan/aus nan) · invento 0.0000 · 0.2 s/paso
  paso 7775 · perdida  0.0453 · GLOBAL 1.0000 · acierto 1.0000 · vigente 1.0000 · nose nan (rel nan/aus nan) · invento 0.0000 · 0.2 s/paso
  paso 7800 · perdida  0.5815 · GLOBAL 0.7500 · acierto 0.7500 · vigente 0.7500 · nose nan (rel nan/aus nan) · invento 0.0000 · 0.2 s/paso
  paso 7825 · perdida  1.0581 · GLOBAL 0.7500 · acierto 0.7500 · vigente 0.7500 · nose nan (rel nan/aus nan) · invento 0.0000 · 0.2 s/paso
  paso 7850 · perdida  0.4513 · GLOBAL 0.7500 · acierto 0.7500 · vigente 0.7500 · nose nan (rel nan/aus nan) · invento 0.0000 · 0.2 s/paso
  paso 7875 · perdida  0.0093 · GLOBAL 1.0000 · acierto 1.0000 · vigente 1.0000 · nose nan (rel nan/aus nan) · invento 0.0000 · 0.2 s/paso
  paso 7900 · perdida  0.0076 · GLOBAL 1.0000 · acierto 1.0000 · vigente 1.0000 · nose nan (rel nan/aus nan) · invento 0.0000 · 0.2 s/paso
  paso 7925 · perdida  0.0595 · GLOBAL 1.0000 · acierto 1.0000 · vigente 1.0000 · nose nan (rel nan/aus nan) · invento 0.0000 · 0.2 s/paso
  paso 7950 · perdida  0.2643 · GLOBAL 0.7500 · acierto 0.7500 · vigente 0.7500 · nose nan (rel nan/aus nan) · invento 0.0000 · 0.2 s/paso
  paso 7975 · perdida  1.4439 · GLOBAL 0.5000 · acierto 0.5000 · vigente 0.5000 · nose nan (rel nan/aus nan) · invento 0.0000 · 0.2 s/paso
  paso 8000 · perdida  0.0121 · GLOBAL 1.0000 · acierto 1.0000 · vigente 1.0000 · nose nan (rel nan/aus nan) · invento 0.0000 · 0.2 s/paso
  paso 8025 · perdida  0.0395 · GLOBAL 1.0000 · acierto 1.0000 · vigente 1.0000 · nose nan (rel nan/aus nan) · invento 0.0000 · 0.2 s/paso
  paso 8050 · perdida  0.0635 · GLOBAL 1.0000 · acierto 1.0000 · vigente 1.0000 · nose nan (rel nan/aus nan) · invento 0.0000 · 0.2 s/paso
  paso 8075 · perdida  0.0154 · GLOBAL 1.0000 · acierto 1.0000 · vigente 1.0000 · nose nan (rel nan/aus nan) · invento 0.0000 · 0.2 s/paso
  paso 8100 · perdida  0.0207 · GLOBAL 1.0000 · acierto 1.0000 · vigente 1.0000 · nose nan (rel nan/aus nan) · invento 0.0000 · 0.2 s/paso
  paso 8125 · perdida  0.0428 · GLOBAL 1.0000 · acierto 1.0000 · vigente 1.0000 · nose nan (rel nan/aus nan) · invento 0.0000 · 0.2 s/paso
  paso 8150 · perdida  0.2635 · GLOBAL 1.0000 · acierto 1.0000 · vigente 1.0000 · nose nan (rel nan/aus nan) · invento 0.0000 · 0.2 s/paso
  paso 8175 · perdida  0.0257 · GLOBAL 1.0000 · acierto 1.0000 · vigente 1.0000 · nose nan (rel nan/aus nan) · invento 0.0000 · 0.2 s/paso
  paso 8200 · perdida  0.0872 · GLOBAL 1.0000 · acierto 1.0000 · vigente 1.0000 · nose nan (rel nan/aus nan) · invento 0.0000 · 0.2 s/paso
  paso 8225 · perdida  0.0767 · GLOBAL 1.0000 · acierto 1.0000 · vigente 1.0000 · nose nan (rel nan/aus nan) · invento 0.0000 · 0.2 s/paso
  paso 8250 · perdida  0.0198 · GLOBAL 1.0000 · acierto 1.0000 · vigente 1.0000 · nose nan (rel nan/aus nan) · invento 0.0000 · 0.2 s/paso
  paso 8275 · perdida  0.7748 · GLOBAL 0.7500 · acierto 0.7500 · vigente 0.7500 · nose nan (rel nan/aus nan) · invento 0.0000 · 0.2 s/paso
  paso 8300 · perdida  1.0463 · GLOBAL 0.7500 · acierto 0.7500 · vigente 0.7500 · nose nan (rel nan/aus nan) · invento 0.0000 · 0.2 s/paso
  paso 8325 · perdida  0.6641 · GLOBAL 0.7500 · acierto 0.7500 · vigente 0.7500 · nose nan (rel nan/aus nan) · invento 0.0000 · 0.2 s/paso
  paso 8350 · perdida  0.0021 · GLOBAL 1.0000 · acierto 1.0000 · vigente 1.0000 · nose nan (rel nan/aus nan) · invento 0.0000 · 0.2 s/paso
  paso 8375 · perdida  0.0397 · GLOBAL 1.0000 · acierto 1.0000 · vigente 1.0000 · nose nan (rel nan/aus nan) · invento 0.0000 · 0.2 s/paso
  paso 8400 · perdida  1.8015 · GLOBAL 0.5000 · acierto 0.5000 · vigente 0.5000 · nose nan (rel nan/aus nan) · invento 0.0000 · 0.2 s/paso
  paso 8425 · perdida  1.8589 · GLOBAL 0.5000 · acierto 0.5000 · vigente 0.5000 · nose nan (rel nan/aus nan) · invento 0.0000 · 0.2 s/paso
  paso 8450 · perdida  0.0948 · GLOBAL 1.0000 · acierto 1.0000 · vigente 1.0000 · nose nan (rel nan/aus nan) · invento 0.0000 · 0.2 s/paso
  paso 8475 · perdida  0.0862 · GLOBAL 1.0000 · acierto 1.0000 · vigente 1.0000 · nose nan (rel nan/aus nan) · invento 0.0000 · 0.2 s/paso
  paso 8500 · perdida  0.3452 · GLOBAL 0.7500 · acierto 0.7500 · vigente 0.7500 · nose nan (rel nan/aus nan) · invento 0.0000 · 0.2 s/paso
  paso 8525 · perdida  2.9387 · GLOBAL 0.5000 · acierto 0.5000 · vigente 0.5000 · nose nan (rel nan/aus nan) · invento 0.0000 · 0.2 s/paso
  paso 8550 · perdida  0.0055 · GLOBAL 1.0000 · acierto 1.0000 · vigente 1.0000 · nose nan (rel nan/aus nan) · invento 0.0000 · 0.2 s/paso
  paso 8575 · perdida  1.0375 · GLOBAL 0.7500 · acierto 0.7500 · vigente 0.7500 · nose nan (rel nan/aus nan) · invento 0.0000 · 0.2 s/paso
  paso 8600 · perdida  0.0156 · GLOBAL 1.0000 · acierto 1.0000 · vigente 1.0000 · nose nan (rel nan/aus nan) · invento 0.0000 · 0.2 s/paso
  paso 8625 · perdida  0.0004 · GLOBAL 1.0000 · acierto 1.0000 · vigente 1.0000 · nose nan (rel nan/aus nan) · invento 0.0000 · 0.2 s/paso
  paso 8650 · perdida  0.0495 · GLOBAL 1.0000 · acierto 1.0000 · vigente 1.0000 · nose nan (rel nan/aus nan) · invento 0.0000 · 0.2 s/paso
  paso 8675 · perdida  0.1634 · GLOBAL 1.0000 · acierto 1.0000 · vigente 1.0000 · nose nan (rel nan/aus nan) · invento 0.0000 · 0.2 s/paso
  paso 8700 · perdida  0.0031 · GLOBAL 1.0000 · acierto 1.0000 · vigente 1.0000 · nose nan (rel nan/aus nan) · invento 0.0000 · 0.2 s/paso
  paso 8725 · perdida  0.0008 · GLOBAL 1.0000 · acierto 1.0000 · vigente 1.0000 · nose nan (rel nan/aus nan) · invento 0.0000 · 0.2 s/paso
  paso 8750 · perdida  0.0317 · GLOBAL 1.0000 · acierto 1.0000 · vigente 1.0000 · nose nan (rel nan/aus nan) · invento 0.0000 · 0.2 s/paso
  paso 8775 · perdida  0.0388 · GLOBAL 1.0000 · acierto 1.0000 · vigente 1.0000 · nose nan (rel nan/aus nan) · invento 0.0000 · 0.2 s/paso
  paso 8800 · perdida  0.2242 · GLOBAL 0.7500 · acierto 0.7500 · vigente 0.7500 · nose nan (rel nan/aus nan) · invento 0.0000 · 0.2 s/paso
  paso 8825 · perdida  0.0156 · GLOBAL 1.0000 · acierto 1.0000 · vigente 1.0000 · nose nan (rel nan/aus nan) · invento 0.0000 · 0.2 s/paso
  paso 8850 · perdida  0.0632 · GLOBAL 1.0000 · acierto 1.0000 · vigente 1.0000 · nose nan (rel nan/aus nan) · invento 0.0000 · 0.2 s/paso
  paso 8875 · perdida  0.0134 · GLOBAL 1.0000 · acierto 1.0000 · vigente 1.0000 · nose nan (rel nan/aus nan) · invento 0.0000 · 0.2 s/paso
  paso 8900 · perdida  2.2561 · GLOBAL 0.7500 · acierto 0.7500 · vigente 0.7500 · nose nan (rel nan/aus nan) · invento 0.0000 · 0.2 s/paso
  paso 8925 · perdida  0.1214 · GLOBAL 1.0000 · acierto 1.0000 · vigente 1.0000 · nose nan (rel nan/aus nan) · invento 0.0000 · 0.2 s/paso
  paso 8950 · perdida  0.2339 · GLOBAL 1.0000 · acierto 1.0000 · vigente 1.0000 · nose nan (rel nan/aus nan) · invento 0.0000 · 0.2 s/paso
  paso 8975 · perdida  0.9654 · GLOBAL 0.2500 · acierto 0.2500 · vigente 0.2500 · nose nan (rel nan/aus nan) · invento 0.0000 · 0.2 s/paso
  paso 9000 · perdida  0.0079 · GLOBAL 1.0000 · acierto 1.0000 · vigente 1.0000 · nose nan (rel nan/aus nan) · invento 0.0000 · 0.2 s/paso
  paso 9025 · perdida  0.0378 · GLOBAL 1.0000 · acierto 1.0000 · vigente 1.0000 · nose nan (rel nan/aus nan) · invento 0.0000 · 0.2 s/paso
  paso 9050 · perdida  0.0120 · GLOBAL 1.0000 · acierto 1.0000 · vigente 1.0000 · nose nan (rel nan/aus nan) · invento 0.0000 · 0.2 s/paso
  paso 9075 · perdida  0.2764 · GLOBAL 0.7500 · acierto 0.7500 · vigente 0.7500 · nose nan (rel nan/aus nan) · invento 0.0000 · 0.2 s/paso
  paso 9100 · perdida  0.0158 · GLOBAL 1.0000 · acierto 1.0000 · vigente 1.0000 · nose nan (rel nan/aus nan) · invento 0.0000 · 0.2 s/paso
  paso 9125 · perdida  0.0015 · GLOBAL 1.0000 · acierto 1.0000 · vigente 1.0000 · nose nan (rel nan/aus nan) · invento 0.0000 · 0.2 s/paso
  paso 9150 · perdida  0.0500 · GLOBAL 1.0000 · acierto 1.0000 · vigente 1.0000 · nose nan (rel nan/aus nan) · invento 0.0000 · 0.2 s/paso
  paso 9175 · perdida  0.2142 · GLOBAL 0.7500 · acierto 0.7500 · vigente 0.7500 · nose nan (rel nan/aus nan) · invento 0.0000 · 0.2 s/paso
  paso 9200 · perdida  0.0089 · GLOBAL 1.0000 · acierto 1.0000 · vigente 1.0000 · nose nan (rel nan/aus nan) · invento 0.0000 · 0.2 s/paso
  paso 9225 · perdida  0.0151 · GLOBAL 1.0000 · acierto 1.0000 · vigente 1.0000 · nose nan (rel nan/aus nan) · invento 0.0000 · 0.2 s/paso
  paso 9250 · perdida  0.0176 · GLOBAL 1.0000 · acierto 1.0000 · vigente 1.0000 · nose nan (rel nan/aus nan) · invento 0.0000 · 0.2 s/paso
  paso 9275 · perdida  0.0455 · GLOBAL 1.0000 · acierto 1.0000 · vigente 1.0000 · nose nan (rel nan/aus nan) · invento 0.0000 · 0.2 s/paso
  paso 9300 · perdida  0.4890 · GLOBAL 0.7500 · acierto 0.7500 · vigente 0.7500 · nose nan (rel nan/aus nan) · invento 0.0000 · 0.2 s/paso
  paso 9325 · perdida  0.3894 · GLOBAL 1.0000 · acierto 1.0000 · vigente 1.0000 · nose nan (rel nan/aus nan) · invento 0.0000 · 0.2 s/paso
  paso 9350 · perdida  0.2853 · GLOBAL 0.7500 · acierto 0.7500 · vigente 0.7500 · nose nan (rel nan/aus nan) · invento 0.0000 · 0.2 s/paso
  paso 9375 · perdida  0.0091 · GLOBAL 1.0000 · acierto 1.0000 · vigente 1.0000 · nose nan (rel nan/aus nan) · invento 0.0000 · 0.2 s/paso
  paso 9400 · perdida  0.4965 · GLOBAL 0.7500 · acierto 0.7500 · vigente 0.7500 · nose nan (rel nan/aus nan) · invento 0.0000 · 0.2 s/paso
  paso 9425 · perdida  3.4112 · GLOBAL 0.7500 · acierto 0.7500 · vigente 0.7500 · nose nan (rel nan/aus nan) · invento 0.0000 · 0.2 s/paso
  paso 9450 · perdida  0.0091 · GLOBAL 1.0000 · acierto 1.0000 · vigente 1.0000 · nose nan (rel nan/aus nan) · invento 0.0000 · 0.2 s/paso
  paso 9475 · perdida  0.0883 · GLOBAL 1.0000 · acierto 1.0000 · vigente 1.0000 · nose nan (rel nan/aus nan) · invento 0.0000 · 0.2 s/paso
  paso 9500 · perdida  0.0004 · GLOBAL 1.0000 · acierto 1.0000 · vigente 1.0000 · nose nan (rel nan/aus nan) · invento 0.0000 · 0.2 s/paso
  paso 9525 · perdida  0.0010 · GLOBAL 1.0000 · acierto 1.0000 · vigente 1.0000 · nose nan (rel nan/aus nan) · invento 0.0000 · 0.2 s/paso
  paso 9550 · perdida  0.0698 · GLOBAL 1.0000 · acierto 1.0000 · vigente 1.0000 · nose nan (rel nan/aus nan) · invento 0.0000 · 0.2 s/paso
  paso 9575 · perdida  0.0347 · GLOBAL 1.0000 · acierto 1.0000 · vigente 1.0000 · nose nan (rel nan/aus nan) · invento 0.0000 · 0.2 s/paso
  paso 9600 · perdida  0.2039 · GLOBAL 1.0000 · acierto 1.0000 · vigente 1.0000 · nose nan (rel nan/aus nan) · invento 0.0000 · 0.2 s/paso
  paso 9625 · perdida  0.2401 · GLOBAL 0.7500 · acierto 0.7500 · vigente 0.7500 · nose nan (rel nan/aus nan) · invento 0.0000 · 0.2 s/paso
  paso 9650 · perdida  0.9106 · GLOBAL 0.7500 · acierto 0.7500 · vigente 0.7500 · nose nan (rel nan/aus nan) · invento 0.0000 · 0.2 s/paso
  paso 9675 · perdida  0.8034 · GLOBAL 0.7500 · acierto 0.7500 · vigente 0.7500 · nose nan (rel nan/aus nan) · invento 0.0000 · 0.2 s/paso
  paso 9700 · perdida  0.0808 · GLOBAL 1.0000 · acierto 1.0000 · vigente 1.0000 · nose nan (rel nan/aus nan) · invento 0.0000 · 0.2 s/paso
  paso 9725 · perdida  0.0002 · GLOBAL 1.0000 · acierto 1.0000 · vigente 1.0000 · nose nan (rel nan/aus nan) · invento 0.0000 · 0.2 s/paso
  paso 9750 · perdida  0.8983 · GLOBAL 0.7500 · acierto 0.7500 · vigente 0.7500 · nose nan (rel nan/aus nan) · invento 0.0000 · 0.2 s/paso
  paso 9775 · perdida  0.3740 · GLOBAL 0.7500 · acierto 0.7500 · vigente 0.7500 · nose nan (rel nan/aus nan) · invento 0.0000 · 0.2 s/paso
  paso 9800 · perdida  0.0235 · GLOBAL 1.0000 · acierto 1.0000 · vigente 1.0000 · nose nan (rel nan/aus nan) · invento 0.0000 · 0.2 s/paso
  paso 9825 · perdida  0.0124 · GLOBAL 1.0000 · acierto 1.0000 · vigente 1.0000 · nose nan (rel nan/aus nan) · invento 0.0000 · 0.2 s/paso
  paso 9850 · perdida  0.1375 · GLOBAL 1.0000 · acierto 1.0000 · vigente 1.0000 · nose nan (rel nan/aus nan) · invento 0.0000 · 0.2 s/paso
  paso 9875 · perdida  0.6080 · GLOBAL 0.7500 · acierto 0.7500 · vigente 0.7500 · nose nan (rel nan/aus nan) · invento 0.0000 · 0.2 s/paso
  paso 9900 · perdida  0.0012 · GLOBAL 1.0000 · acierto 1.0000 · vigente 1.0000 · nose nan (rel nan/aus nan) · invento 0.0000 · 0.2 s/paso
  paso 9925 · perdida  0.1110 · GLOBAL 1.0000 · acierto 1.0000 · vigente 1.0000 · nose nan (rel nan/aus nan) · invento 0.0000 · 0.2 s/paso
  paso 9950 · perdida  0.0435 · GLOBAL 1.0000 · acierto 1.0000 · vigente 1.0000 · nose nan (rel nan/aus nan) · invento 0.0000 · 0.2 s/paso
  paso 9975 · perdida  1.1554 · GLOBAL 0.5000 · acierto 0.5000 · vigente 0.5000 · nose nan (rel nan/aus nan) · invento 0.0000 · 0.2 s/paso
  paso 10000 · perdida  0.0520 · GLOBAL 1.0000 · acierto 1.0000 · vigente 1.0000 · nose nan (rel nan/aus nan) · invento 0.0000 · 0.2 s/paso
  paso 10025 · perdida  0.0507 · GLOBAL 1.0000 · acierto 1.0000 · vigente 1.0000 · nose nan (rel nan/aus nan) · invento 0.0000 · 0.2 s/paso
  paso 10050 · perdida  0.0362 · GLOBAL 1.0000 · acierto 1.0000 · vigente 1.0000 · nose nan (rel nan/aus nan) · invento 0.0000 · 0.2 s/paso
  paso 10075 · perdida  0.2781 · GLOBAL 0.7500 · acierto 0.7500 · vigente 0.7500 · nose nan (rel nan/aus nan) · invento 0.0000 · 0.2 s/paso
  paso 10100 · perdida  0.5919 · GLOBAL 0.7500 · acierto 0.7500 · vigente 0.7500 · nose nan (rel nan/aus nan) · invento 0.0000 · 0.2 s/paso
  paso 10125 · perdida  0.0125 · GLOBAL 1.0000 · acierto 1.0000 · vigente 1.0000 · nose nan (rel nan/aus nan) · invento 0.0000 · 0.2 s/paso
  paso 10150 · perdida  0.0035 · GLOBAL 1.0000 · acierto 1.0000 · vigente 1.0000 · nose nan (rel nan/aus nan) · invento 0.0000 · 0.2 s/paso
  paso 10175 · perdida  0.0043 · GLOBAL 1.0000 · acierto 1.0000 · vigente 1.0000 · nose nan (rel nan/aus nan) · invento 0.0000 · 0.2 s/paso
  paso 10200 · perdida  0.0078 · GLOBAL 1.0000 · acierto 1.0000 · vigente 1.0000 · nose nan (rel nan/aus nan) · invento 0.0000 · 0.2 s/paso
  paso 10225 · perdida  1.4948 · GLOBAL 0.7500 · acierto 0.7500 · vigente 0.7500 · nose nan (rel nan/aus nan) · invento 0.0000 · 0.2 s/paso
  paso 10250 · perdida  0.0019 · GLOBAL 1.0000 · acierto 1.0000 · vigente 1.0000 · nose nan (rel nan/aus nan) · invento 0.0000 · 0.2 s/paso
  paso 10275 · perdida  0.3272 · GLOBAL 0.7500 · acierto 0.7500 · vigente 0.7500 · nose nan (rel nan/aus nan) · invento 0.0000 · 0.2 s/paso
  paso 10300 · perdida  0.0005 · GLOBAL 1.0000 · acierto 1.0000 · vigente 1.0000 · nose nan (rel nan/aus nan) · invento 0.0000 · 0.2 s/paso
  paso 10325 · perdida  0.5158 · GLOBAL 0.5000 · acierto 0.5000 · vigente 0.5000 · nose nan (rel nan/aus nan) · invento 0.0000 · 0.2 s/paso
  paso 10350 · perdida  0.0193 · GLOBAL 1.0000 · acierto 1.0000 · vigente 1.0000 · nose nan (rel nan/aus nan) · invento 0.0000 · 0.2 s/paso
  paso 10375 · perdida  1.0611 · GLOBAL 0.5000 · acierto 0.5000 · vigente 0.5000 · nose nan (rel nan/aus nan) · invento 0.0000 · 0.2 s/paso
  paso 10400 · perdida  0.1656 · GLOBAL 1.0000 · acierto 1.0000 · vigente 1.0000 · nose nan (rel nan/aus nan) · invento 0.0000 · 0.2 s/paso
  paso 10425 · perdida  0.0879 · GLOBAL 1.0000 · acierto 1.0000 · vigente 1.0000 · nose nan (rel nan/aus nan) · invento 0.0000 · 0.2 s/paso
  paso 10450 · perdida  1.0340 · GLOBAL 0.5000 · acierto 0.5000 · vigente 0.5000 · nose nan (rel nan/aus nan) · invento 0.0000 · 0.2 s/paso
  paso 10475 · perdida  1.6053 · GLOBAL 0.7500 · acierto 0.7500 · vigente 0.7500 · nose nan (rel nan/aus nan) · invento 0.0000 · 0.2 s/paso
  paso 10500 · perdida  0.0061 · GLOBAL 1.0000 · acierto 1.0000 · vigente 1.0000 · nose nan (rel nan/aus nan) · invento 0.0000 · 0.2 s/paso
  paso 10525 · perdida  0.7582 · GLOBAL 0.7500 · acierto 0.7500 · vigente 0.7500 · nose nan (rel nan/aus nan) · invento 0.0000 · 0.2 s/paso
  paso 10550 · perdida  0.0025 · GLOBAL 1.0000 · acierto 1.0000 · vigente 1.0000 · nose nan (rel nan/aus nan) · invento 0.0000 · 0.2 s/paso
  paso 10575 · perdida  0.0507 · GLOBAL 1.0000 · acierto 1.0000 · vigente 1.0000 · nose nan (rel nan/aus nan) · invento 0.0000 · 0.2 s/paso
  paso 10600 · perdida  1.0723 · GLOBAL 0.7500 · acierto 0.7500 · vigente 0.7500 · nose nan (rel nan/aus nan) · invento 0.0000 · 0.2 s/paso
  paso 10625 · perdida  0.0685 · GLOBAL 1.0000 · acierto 1.0000 · vigente 1.0000 · nose nan (rel nan/aus nan) · invento 0.0000 · 0.2 s/paso
  paso 10650 · perdida  0.0546 · GLOBAL 1.0000 · acierto 1.0000 · vigente 1.0000 · nose nan (rel nan/aus nan) · invento 0.0000 · 0.2 s/paso
  paso 10675 · perdida  0.1951 · GLOBAL 0.7500 · acierto 0.7500 · vigente 0.7500 · nose nan (rel nan/aus nan) · invento 0.0000 · 0.2 s/paso
  paso 10700 · perdida  0.1927 · GLOBAL 0.7500 · acierto 0.7500 · vigente 0.7500 · nose nan (rel nan/aus nan) · invento 0.0000 · 0.2 s/paso
  paso 10725 · perdida  0.0420 · GLOBAL 1.0000 · acierto 1.0000 · vigente 1.0000 · nose nan (rel nan/aus nan) · invento 0.0000 · 0.2 s/paso
  paso 10750 · perdida  1.5321 · GLOBAL 0.5000 · acierto 0.5000 · vigente 0.5000 · nose nan (rel nan/aus nan) · invento 0.0000 · 0.2 s/paso
  paso 10775 · perdida  0.0110 · GLOBAL 1.0000 · acierto 1.0000 · vigente 1.0000 · nose nan (rel nan/aus nan) · invento 0.0000 · 0.2 s/paso
  paso 10800 · perdida  0.2082 · GLOBAL 1.0000 · acierto 1.0000 · vigente 1.0000 · nose nan (rel nan/aus nan) · invento 0.0000 · 0.2 s/paso
  paso 10825 · perdida  1.3702 · GLOBAL 0.7500 · acierto 0.7500 · vigente 0.7500 · nose nan (rel nan/aus nan) · invento 0.0000 · 0.2 s/paso
  paso 10850 · perdida  0.0149 · GLOBAL 1.0000 · acierto 1.0000 · vigente 1.0000 · nose nan (rel nan/aus nan) · invento 0.0000 · 0.2 s/paso
  paso 10875 · perdida  0.1662 · GLOBAL 1.0000 · acierto 1.0000 · vigente 1.0000 · nose nan (rel nan/aus nan) · invento 0.0000 · 0.2 s/paso
  paso 10900 · perdida  0.0065 · GLOBAL 1.0000 · acierto 1.0000 · vigente 1.0000 · nose nan (rel nan/aus nan) · invento 0.0000 · 0.2 s/paso
  paso 10925 · perdida  0.0196 · GLOBAL 1.0000 · acierto 1.0000 · vigente 1.0000 · nose nan (rel nan/aus nan) · invento 0.0000 · 0.2 s/paso
  paso 10950 · perdida  0.0533 · GLOBAL 1.0000 · acierto 1.0000 · vigente 1.0000 · nose nan (rel nan/aus nan) · invento 0.0000 · 0.2 s/paso
  paso 10975 · perdida  0.0012 · GLOBAL 1.0000 · acierto 1.0000 · vigente 1.0000 · nose nan (rel nan/aus nan) · invento 0.0000 · 0.2 s/paso
  paso 11000 · perdida  0.7079 · GLOBAL 0.5000 · acierto 0.5000 · vigente 0.5000 · nose nan (rel nan/aus nan) · invento 0.0000 · 0.2 s/paso
  paso 11025 · perdida  0.0063 · GLOBAL 1.0000 · acierto 1.0000 · vigente 1.0000 · nose nan (rel nan/aus nan) · invento 0.0000 · 0.2 s/paso
  paso 11050 · perdida  0.0157 · GLOBAL 1.0000 · acierto 1.0000 · vigente 1.0000 · nose nan (rel nan/aus nan) · invento 0.0000 · 0.2 s/paso
  paso 11075 · perdida  0.0673 · GLOBAL 1.0000 · acierto 1.0000 · vigente 1.0000 · nose nan (rel nan/aus nan) · invento 0.0000 · 0.2 s/paso
  paso 11100 · perdida  0.4640 · GLOBAL 0.7500 · acierto 0.7500 · vigente 0.7500 · nose nan (rel nan/aus nan) · invento 0.0000 · 0.2 s/paso
  paso 11125 · perdida  0.0381 · GLOBAL 1.0000 · acierto 1.0000 · vigente 1.0000 · nose nan (rel nan/aus nan) · invento 0.0000 · 0.2 s/paso
  paso 11150 · perdida  0.2036 · GLOBAL 1.0000 · acierto 1.0000 · vigente 1.0000 · nose nan (rel nan/aus nan) · invento 0.0000 · 0.2 s/paso
  paso 11175 · perdida  0.0169 · GLOBAL 1.0000 · acierto 1.0000 · vigente 1.0000 · nose nan (rel nan/aus nan) · invento 0.0000 · 0.2 s/paso
  paso 11200 · perdida  0.0076 · GLOBAL 1.0000 · acierto 1.0000 · vigente 1.0000 · nose nan (rel nan/aus nan) · invento 0.0000 · 0.2 s/paso
  paso 11225 · perdida  0.0580 · GLOBAL 1.0000 · acierto 1.0000 · vigente 1.0000 · nose nan (rel nan/aus nan) · invento 0.0000 · 0.2 s/paso
  paso 11250 · perdida  0.1933 · GLOBAL 1.0000 · acierto 1.0000 · vigente 1.0000 · nose nan (rel nan/aus nan) · invento 0.0000 · 0.2 s/paso
  paso 11275 · perdida  0.0082 · GLOBAL 1.0000 · acierto 1.0000 · vigente 1.0000 · nose nan (rel nan/aus nan) · invento 0.0000 · 0.2 s/paso
  paso 11300 · perdida  0.0732 · GLOBAL 1.0000 · acierto 1.0000 · vigente 1.0000 · nose nan (rel nan/aus nan) · invento 0.0000 · 0.2 s/paso
  paso 11325 · perdida  0.2331 · GLOBAL 0.7500 · acierto 0.7500 · vigente 0.7500 · nose nan (rel nan/aus nan) · invento 0.0000 · 0.2 s/paso
  paso 11350 · perdida  0.0319 · GLOBAL 1.0000 · acierto 1.0000 · vigente 1.0000 · nose nan (rel nan/aus nan) · invento 0.0000 · 0.2 s/paso
  paso 11375 · perdida  0.2214 · GLOBAL 0.7500 · acierto 0.7500 · vigente 0.7500 · nose nan (rel nan/aus nan) · invento 0.0000 · 0.2 s/paso
  paso 11400 · perdida  0.0116 · GLOBAL 1.0000 · acierto 1.0000 · vigente 1.0000 · nose nan (rel nan/aus nan) · invento 0.0000 · 0.2 s/paso
  paso 11425 · perdida  0.4264 · GLOBAL 0.7500 · acierto 0.7500 · vigente 0.7500 · nose nan (rel nan/aus nan) · invento 0.0000 · 0.2 s/paso
  paso 11450 · perdida  0.1943 · GLOBAL 1.0000 · acierto 1.0000 · vigente 1.0000 · nose nan (rel nan/aus nan) · invento 0.0000 · 0.2 s/paso
  paso 11475 · perdida  0.0108 · GLOBAL 1.0000 · acierto 1.0000 · vigente 1.0000 · nose nan (rel nan/aus nan) · invento 0.0000 · 0.2 s/paso
  paso 11500 · perdida  0.3265 · GLOBAL 0.7500 · acierto 0.7500 · vigente 0.7500 · nose nan (rel nan/aus nan) · invento 0.0000 · 0.2 s/paso
  paso 11525 · perdida  0.8250 · GLOBAL 0.7500 · acierto 0.7500 · vigente 0.7500 · nose nan (rel nan/aus nan) · invento 0.0000 · 0.2 s/paso
  paso 11550 · perdida  0.0428 · GLOBAL 1.0000 · acierto 1.0000 · vigente 1.0000 · nose nan (rel nan/aus nan) · invento 0.0000 · 0.2 s/paso
  paso 11575 · perdida  1.4823 · GLOBAL 0.7500 · acierto 0.7500 · vigente 0.7500 · nose nan (rel nan/aus nan) · invento 0.0000 · 0.2 s/paso
  paso 11600 · perdida  0.0367 · GLOBAL 1.0000 · acierto 1.0000 · vigente 1.0000 · nose nan (rel nan/aus nan) · invento 0.0000 · 0.2 s/paso
  paso 11625 · perdida  0.1712 · GLOBAL 1.0000 · acierto 1.0000 · vigente 1.0000 · nose nan (rel nan/aus nan) · invento 0.0000 · 0.2 s/paso
  paso 11650 · perdida  0.3760 · GLOBAL 0.7500 · acierto 0.7500 · vigente 0.7500 · nose nan (rel nan/aus nan) · invento 0.0000 · 0.2 s/paso
  paso 11675 · perdida  0.2945 · GLOBAL 0.7500 · acierto 0.7500 · vigente 0.7500 · nose nan (rel nan/aus nan) · invento 0.0000 · 0.2 s/paso
  paso 11700 · perdida  0.0468 · GLOBAL 1.0000 · acierto 1.0000 · vigente 1.0000 · nose nan (rel nan/aus nan) · invento 0.0000 · 0.2 s/paso
  paso 11725 · perdida  0.0337 · GLOBAL 1.0000 · acierto 1.0000 · vigente 1.0000 · nose nan (rel nan/aus nan) · invento 0.0000 · 0.2 s/paso
  paso 11750 · perdida  0.0024 · GLOBAL 1.0000 · acierto 1.0000 · vigente 1.0000 · nose nan (rel nan/aus nan) · invento 0.0000 · 0.2 s/paso
  paso 11775 · perdida  1.2443 · GLOBAL 0.7500 · acierto 0.7500 · vigente 0.7500 · nose nan (rel nan/aus nan) · invento 0.0000 · 0.2 s/paso
  paso 11800 · perdida  0.0028 · GLOBAL 1.0000 · acierto 1.0000 · vigente 1.0000 · nose nan (rel nan/aus nan) · invento 0.0000 · 0.2 s/paso
  paso 11825 · perdida  0.0219 · GLOBAL 1.0000 · acierto 1.0000 · vigente 1.0000 · nose nan (rel nan/aus nan) · invento 0.0000 · 0.2 s/paso
  paso 11850 · perdida  0.0023 · GLOBAL 1.0000 · acierto 1.0000 · vigente 1.0000 · nose nan (rel nan/aus nan) · invento 0.0000 · 0.2 s/paso
  paso 11875 · perdida  0.0778 · GLOBAL 1.0000 · acierto 1.0000 · vigente 1.0000 · nose nan (rel nan/aus nan) · invento 0.0000 · 0.2 s/paso
  paso 11900 · perdida  0.0068 · GLOBAL 1.0000 · acierto 1.0000 · vigente 1.0000 · nose nan (rel nan/aus nan) · invento 0.0000 · 0.2 s/paso
  paso 11925 · perdida  0.0679 · GLOBAL 1.0000 · acierto 1.0000 · vigente 1.0000 · nose nan (rel nan/aus nan) · invento 0.0000 · 0.2 s/paso
  paso 11950 · perdida  0.0103 · GLOBAL 1.0000 · acierto 1.0000 · vigente 1.0000 · nose nan (rel nan/aus nan) · invento 0.0000 · 0.2 s/paso
  paso 11975 · perdida  0.9014 · GLOBAL 0.7500 · acierto 0.7500 · vigente 0.7500 · nose nan (rel nan/aus nan) · invento 0.0000 · 0.2 s/paso
  paso 12000 · perdida  0.0711 · GLOBAL 1.0000 · acierto 1.0000 · vigente 1.0000 · nose nan (rel nan/aus nan) · invento 0.0000 · 0.2 s/paso
  paso 12025 · perdida  0.2167 · GLOBAL 0.7500 · acierto 0.7500 · vigente 0.7500 · nose nan (rel nan/aus nan) · invento 0.0000 · 0.2 s/paso
  paso 12050 · perdida  0.0909 · GLOBAL 1.0000 · acierto 1.0000 · vigente 1.0000 · nose nan (rel nan/aus nan) · invento 0.0000 · 0.2 s/paso
  paso 12075 · perdida  0.2067 · GLOBAL 1.0000 · acierto 1.0000 · vigente 1.0000 · nose nan (rel nan/aus nan) · invento 0.0000 · 0.2 s/paso
  paso 12100 · perdida  0.0036 · GLOBAL 1.0000 · acierto 1.0000 · vigente 1.0000 · nose nan (rel nan/aus nan) · invento 0.0000 · 0.2 s/paso
  paso 12125 · perdida  0.0208 · GLOBAL 1.0000 · acierto 1.0000 · vigente 1.0000 · nose nan (rel nan/aus nan) · invento 0.0000 · 0.2 s/paso
  paso 12150 · perdida  0.8051 · GLOBAL 0.5000 · acierto 0.5000 · vigente 0.5000 · nose nan (rel nan/aus nan) · invento 0.0000 · 0.2 s/paso
  paso 12175 · perdida  0.0061 · GLOBAL 1.0000 · acierto 1.0000 · vigente 1.0000 · nose nan (rel nan/aus nan) · invento 0.0000 · 0.2 s/paso
  paso 12200 · perdida  0.7385 · GLOBAL 0.7500 · acierto 0.7500 · vigente 0.7500 · nose nan (rel nan/aus nan) · invento 0.0000 · 0.2 s/paso
  paso 12225 · perdida  1.0194 · GLOBAL 0.7500 · acierto 0.7500 · vigente 0.7500 · nose nan (rel nan/aus nan) · invento 0.0000 · 0.2 s/paso
  paso 12250 · perdida  0.0015 · GLOBAL 1.0000 · acierto 1.0000 · vigente 1.0000 · nose nan (rel nan/aus nan) · invento 0.0000 · 0.2 s/paso
  paso 12275 · perdida  0.0426 · GLOBAL 1.0000 · acierto 1.0000 · vigente 1.0000 · nose nan (rel nan/aus nan) · invento 0.0000 · 0.2 s/paso
  paso 12300 · perdida  0.3610 · GLOBAL 0.7500 · acierto 0.7500 · vigente 0.7500 · nose nan (rel nan/aus nan) · invento 0.0000 · 0.2 s/paso
  paso 12325 · perdida  0.9162 · GLOBAL 0.7500 · acierto 0.7500 · vigente 0.7500 · nose nan (rel nan/aus nan) · invento 0.0000 · 0.2 s/paso
  paso 12350 · perdida  0.9360 · GLOBAL 0.5000 · acierto 0.5000 · vigente 0.5000 · nose nan (rel nan/aus nan) · invento 0.0000 · 0.2 s/paso
  paso 12375 · perdida  0.0048 · GLOBAL 1.0000 · acierto 1.0000 · vigente 1.0000 · nose nan (rel nan/aus nan) · invento 0.0000 · 0.2 s/paso
  paso 12400 · perdida  0.0059 · GLOBAL 1.0000 · acierto 1.0000 · vigente 1.0000 · nose nan (rel nan/aus nan) · invento 0.0000 · 0.2 s/paso
  paso 12425 · perdida  0.0988 · GLOBAL 1.0000 · acierto 1.0000 · vigente 1.0000 · nose nan (rel nan/aus nan) · invento 0.0000 · 0.2 s/paso
  paso 12450 · perdida  0.0044 · GLOBAL 1.0000 · acierto 1.0000 · vigente 1.0000 · nose nan (rel nan/aus nan) · invento 0.0000 · 0.2 s/paso
  paso 12475 · perdida  0.0015 · GLOBAL 1.0000 · acierto 1.0000 · vigente 1.0000 · nose nan (rel nan/aus nan) · invento 0.0000 · 0.2 s/paso
  paso 12500 · perdida  0.3424 · GLOBAL 1.0000 · acierto 1.0000 · vigente 1.0000 · nose nan (rel nan/aus nan) · invento 0.0000 · 0.2 s/paso
  paso 12525 · perdida  1.1982 · GLOBAL 0.7500 · acierto 0.7500 · vigente 0.7500 · nose nan (rel nan/aus nan) · invento 0.0000 · 0.2 s/paso
  paso 12550 · perdida  0.0008 · GLOBAL 1.0000 · acierto 1.0000 · vigente 1.0000 · nose nan (rel nan/aus nan) · invento 0.0000 · 0.2 s/paso
  paso 12575 · perdida  0.1145 · GLOBAL 1.0000 · acierto 1.0000 · vigente 1.0000 · nose nan (rel nan/aus nan) · invento 0.0000 · 0.2 s/paso
  paso 12600 · perdida  0.0084 · GLOBAL 1.0000 · acierto 1.0000 · vigente 1.0000 · nose nan (rel nan/aus nan) · invento 0.0000 · 0.2 s/paso
  paso 12625 · perdida  0.7109 · GLOBAL 0.5000 · acierto 0.5000 · vigente 0.5000 · nose nan (rel nan/aus nan) · invento 0.0000 · 0.2 s/paso
  paso 12650 · perdida  0.0605 · GLOBAL 1.0000 · acierto 1.0000 · vigente 1.0000 · nose nan (rel nan/aus nan) · invento 0.0000 · 0.2 s/paso
  paso 12675 · perdida  0.0398 · GLOBAL 1.0000 · acierto 1.0000 · vigente 1.0000 · nose nan (rel nan/aus nan) · invento 0.0000 · 0.2 s/paso
  paso 12700 · perdida  0.0144 · GLOBAL 1.0000 · acierto 1.0000 · vigente 1.0000 · nose nan (rel nan/aus nan) · invento 0.0000 · 0.2 s/paso
  paso 12725 · perdida  0.5005 · GLOBAL 0.7500 · acierto 0.7500 · vigente 0.7500 · nose nan (rel nan/aus nan) · invento 0.0000 · 0.2 s/paso
  paso 12750 · perdida  0.4003 · GLOBAL 0.7500 · acierto 0.7500 · vigente 0.7500 · nose nan (rel nan/aus nan) · invento 0.0000 · 0.2 s/paso
  paso 12775 · perdida  0.0075 · GLOBAL 1.0000 · acierto 1.0000 · vigente 1.0000 · nose nan (rel nan/aus nan) · invento 0.0000 · 0.2 s/paso
  paso 12800 · perdida  0.0015 · GLOBAL 1.0000 · acierto 1.0000 · vigente 1.0000 · nose nan (rel nan/aus nan) · invento 0.0000 · 0.2 s/paso
  paso 12825 · perdida  0.0010 · GLOBAL 1.0000 · acierto 1.0000 · vigente 1.0000 · nose nan (rel nan/aus nan) · invento 0.0000 · 0.2 s/paso
  paso 12850 · perdida  0.0066 · GLOBAL 1.0000 · acierto 1.0000 · vigente 1.0000 · nose nan (rel nan/aus nan) · invento 0.0000 · 0.2 s/paso
  paso 12875 · perdida  0.4937 · GLOBAL 0.7500 · acierto 0.7500 · vigente 0.7500 · nose nan (rel nan/aus nan) · invento 0.0000 · 0.2 s/paso
  paso 12900 · perdida  0.0305 · GLOBAL 1.0000 · acierto 1.0000 · vigente 1.0000 · nose nan (rel nan/aus nan) · invento 0.0000 · 0.2 s/paso
  paso 12925 · perdida  0.0303 · GLOBAL 1.0000 · acierto 1.0000 · vigente 1.0000 · nose nan (rel nan/aus nan) · invento 0.0000 · 0.2 s/paso
  paso 12950 · perdida  0.1808 · GLOBAL 1.0000 · acierto 1.0000 · vigente 1.0000 · nose nan (rel nan/aus nan) · invento 0.0000 · 0.2 s/paso
  paso 12975 · perdida  0.0036 · GLOBAL 1.0000 · acierto 1.0000 · vigente 1.0000 · nose nan (rel nan/aus nan) · invento 0.0000 · 0.2 s/paso
  paso 13000 · perdida  0.0159 · GLOBAL 1.0000 · acierto 1.0000 · vigente 1.0000 · nose nan (rel nan/aus nan) · invento 0.0000 · 0.2 s/paso
  paso 13025 · perdida  0.0748 · GLOBAL 1.0000 · acierto 1.0000 · vigente 1.0000 · nose nan (rel nan/aus nan) · invento 0.0000 · 0.2 s/paso
  paso 13050 · perdida  0.0317 · GLOBAL 1.0000 · acierto 1.0000 · vigente 1.0000 · nose nan (rel nan/aus nan) · invento 0.0000 · 0.2 s/paso
  paso 13075 · perdida  1.5607 · GLOBAL 0.7500 · acierto 0.7500 · vigente 0.7500 · nose nan (rel nan/aus nan) · invento 0.0000 · 0.2 s/paso
  paso 13100 · perdida  0.0037 · GLOBAL 1.0000 · acierto 1.0000 · vigente 1.0000 · nose nan (rel nan/aus nan) · invento 0.0000 · 0.2 s/paso
  paso 13125 · perdida  0.0047 · GLOBAL 1.0000 · acierto 1.0000 · vigente 1.0000 · nose nan (rel nan/aus nan) · invento 0.0000 · 0.2 s/paso
  paso 13150 · perdida  0.2869 · GLOBAL 0.7500 · acierto 0.7500 · vigente 0.7500 · nose nan (rel nan/aus nan) · invento 0.0000 · 0.2 s/paso
  paso 13175 · perdida  0.0009 · GLOBAL 1.0000 · acierto 1.0000 · vigente 1.0000 · nose nan (rel nan/aus nan) · invento 0.0000 · 0.2 s/paso
  paso 13200 · perdida  0.0511 · GLOBAL 1.0000 · acierto 1.0000 · vigente 1.0000 · nose nan (rel nan/aus nan) · invento 0.0000 · 0.2 s/paso
  paso 13225 · perdida  0.0631 · GLOBAL 1.0000 · acierto 1.0000 · vigente 1.0000 · nose nan (rel nan/aus nan) · invento 0.0000 · 0.2 s/paso
  paso 13250 · perdida  0.1110 · GLOBAL 1.0000 · acierto 1.0000 · vigente 1.0000 · nose nan (rel nan/aus nan) · invento 0.0000 · 0.2 s/paso
  paso 13275 · perdida  0.0900 · GLOBAL 1.0000 · acierto 1.0000 · vigente 1.0000 · nose nan (rel nan/aus nan) · invento 0.0000 · 0.2 s/paso
  paso 13300 · perdida  0.6262 · GLOBAL 0.7500 · acierto 0.7500 · vigente 0.7500 · nose nan (rel nan/aus nan) · invento 0.0000 · 0.2 s/paso
  paso 13325 · perdida  0.0025 · GLOBAL 1.0000 · acierto 1.0000 · vigente 1.0000 · nose nan (rel nan/aus nan) · invento 0.0000 · 0.2 s/paso
  paso 13350 · perdida  0.2802 · GLOBAL 0.7500 · acierto 0.7500 · vigente 0.7500 · nose nan (rel nan/aus nan) · invento 0.0000 · 0.2 s/paso
  paso 13375 · perdida  0.0789 · GLOBAL 1.0000 · acierto 1.0000 · vigente 1.0000 · nose nan (rel nan/aus nan) · invento 0.0000 · 0.2 s/paso
  paso 13400 · perdida  0.0008 · GLOBAL 1.0000 · acierto 1.0000 · vigente 1.0000 · nose nan (rel nan/aus nan) · invento 0.0000 · 0.2 s/paso
  paso 13425 · perdida  0.0046 · GLOBAL 1.0000 · acierto 1.0000 · vigente 1.0000 · nose nan (rel nan/aus nan) · invento 0.0000 · 0.2 s/paso
  paso 13450 · perdida  0.0130 · GLOBAL 1.0000 · acierto 1.0000 · vigente 1.0000 · nose nan (rel nan/aus nan) · invento 0.0000 · 0.2 s/paso
  paso 13475 · perdida  0.0284 · GLOBAL 1.0000 · acierto 1.0000 · vigente 1.0000 · nose nan (rel nan/aus nan) · invento 0.0000 · 0.2 s/paso
  paso 13500 · perdida  0.8524 · GLOBAL 0.7500 · acierto 0.7500 · vigente 0.7500 · nose nan (rel nan/aus nan) · invento 0.0000 · 0.2 s/paso
  paso 13525 · perdida  0.0017 · GLOBAL 1.0000 · acierto 1.0000 · vigente 1.0000 · nose nan (rel nan/aus nan) · invento 0.0000 · 0.2 s/paso
  paso 13550 · perdida  0.0148 · GLOBAL 1.0000 · acierto 1.0000 · vigente 1.0000 · nose nan (rel nan/aus nan) · invento 0.0000 · 0.2 s/paso
  paso 13575 · perdida  0.4823 · GLOBAL 0.7500 · acierto 0.7500 · vigente 0.7500 · nose nan (rel nan/aus nan) · invento 0.0000 · 0.2 s/paso
  paso 13600 · perdida  0.0581 · GLOBAL 1.0000 · acierto 1.0000 · vigente 1.0000 · nose nan (rel nan/aus nan) · invento 0.0000 · 0.2 s/paso
  paso 13625 · perdida  0.0462 · GLOBAL 1.0000 · acierto 1.0000 · vigente 1.0000 · nose nan (rel nan/aus nan) · invento 0.0000 · 0.2 s/paso
  paso 13650 · perdida  0.0013 · GLOBAL 1.0000 · acierto 1.0000 · vigente 1.0000 · nose nan (rel nan/aus nan) · invento 0.0000 · 0.2 s/paso
  paso 13675 · perdida  0.3382 · GLOBAL 0.7500 · acierto 0.7500 · vigente 0.7500 · nose nan (rel nan/aus nan) · invento 0.0000 · 0.2 s/paso
  paso 13700 · perdida  0.2343 · GLOBAL 1.0000 · acierto 1.0000 · vigente 1.0000 · nose nan (rel nan/aus nan) · invento 0.0000 · 0.2 s/paso
  paso 13725 · perdida  0.0007 · GLOBAL 1.0000 · acierto 1.0000 · vigente 1.0000 · nose nan (rel nan/aus nan) · invento 0.0000 · 0.2 s/paso
  paso 13750 · perdida  0.1171 · GLOBAL 1.0000 · acierto 1.0000 · vigente 1.0000 · nose nan (rel nan/aus nan) · invento 0.0000 · 0.2 s/paso
  paso 13775 · perdida  0.2574 · GLOBAL 0.7500 · acierto 0.7500 · vigente 0.7500 · nose nan (rel nan/aus nan) · invento 0.0000 · 0.2 s/paso
  paso 13800 · perdida  0.0190 · GLOBAL 1.0000 · acierto 1.0000 · vigente 1.0000 · nose nan (rel nan/aus nan) · invento 0.0000 · 0.2 s/paso
  paso 13825 · perdida  0.0227 · GLOBAL 1.0000 · acierto 1.0000 · vigente 1.0000 · nose nan (rel nan/aus nan) · invento 0.0000 · 0.2 s/paso
  paso 13850 · perdida  0.0544 · GLOBAL 1.0000 · acierto 1.0000 · vigente 1.0000 · nose nan (rel nan/aus nan) · invento 0.0000 · 0.2 s/paso
  paso 13875 · perdida  0.0006 · GLOBAL 1.0000 · acierto 1.0000 · vigente 1.0000 · nose nan (rel nan/aus nan) · invento 0.0000 · 0.2 s/paso
  paso 13900 · perdida  0.2299 · GLOBAL 0.7500 · acierto 0.7500 · vigente 0.7500 · nose nan (rel nan/aus nan) · invento 0.0000 · 0.2 s/paso
  paso 13925 · perdida  0.0018 · GLOBAL 1.0000 · acierto 1.0000 · vigente 1.0000 · nose nan (rel nan/aus nan) · invento 0.0000 · 0.2 s/paso
  paso 13950 · perdida  0.0010 · GLOBAL 1.0000 · acierto 1.0000 · vigente 1.0000 · nose nan (rel nan/aus nan) · invento 0.0000 · 0.2 s/paso
  paso 13975 · perdida  1.1923 · GLOBAL 0.7500 · acierto 0.7500 · vigente 0.7500 · nose nan (rel nan/aus nan) · invento 0.0000 · 0.2 s/paso
  paso 14000 · perdida  0.0602 · GLOBAL 1.0000 · acierto 1.0000 · vigente 1.0000 · nose nan (rel nan/aus nan) · invento 0.0000 · 0.2 s/paso
  paso 14025 · perdida  0.0702 · GLOBAL 1.0000 · acierto 1.0000 · vigente 1.0000 · nose nan (rel nan/aus nan) · invento 0.0000 · 0.2 s/paso
  paso 14050 · perdida  0.0001 · GLOBAL 1.0000 · acierto 1.0000 · vigente 1.0000 · nose nan (rel nan/aus nan) · invento 0.0000 · 0.2 s/paso
  paso 14075 · perdida  0.1050 · GLOBAL 1.0000 · acierto 1.0000 · vigente 1.0000 · nose nan (rel nan/aus nan) · invento 0.0000 · 0.2 s/paso
  paso 14100 · perdida  0.0044 · GLOBAL 1.0000 · acierto 1.0000 · vigente 1.0000 · nose nan (rel nan/aus nan) · invento 0.0000 · 0.2 s/paso
  paso 14125 · perdida  0.0004 · GLOBAL 1.0000 · acierto 1.0000 · vigente 1.0000 · nose nan (rel nan/aus nan) · invento 0.0000 · 0.2 s/paso
  paso 14150 · perdida  0.3348 · GLOBAL 1.0000 · acierto 1.0000 · vigente 1.0000 · nose nan (rel nan/aus nan) · invento 0.0000 · 0.2 s/paso
  paso 14175 · perdida  0.0065 · GLOBAL 1.0000 · acierto 1.0000 · vigente 1.0000 · nose nan (rel nan/aus nan) · invento 0.0000 · 0.2 s/paso
  paso 14200 · perdida  0.0191 · GLOBAL 1.0000 · acierto 1.0000 · vigente 1.0000 · nose nan (rel nan/aus nan) · invento 0.0000 · 0.2 s/paso
  paso 14225 · perdida  0.6278 · GLOBAL 0.7500 · acierto 0.7500 · vigente 0.7500 · nose nan (rel nan/aus nan) · invento 0.0000 · 0.2 s/paso
  paso 14250 · perdida  0.0272 · GLOBAL 1.0000 · acierto 1.0000 · vigente 1.0000 · nose nan (rel nan/aus nan) · invento 0.0000 · 0.2 s/paso
  paso 14275 · perdida  0.0863 · GLOBAL 1.0000 · acierto 1.0000 · vigente 1.0000 · nose nan (rel nan/aus nan) · invento 0.0000 · 0.2 s/paso
  paso 14300 · perdida  0.0264 · GLOBAL 1.0000 · acierto 1.0000 · vigente 1.0000 · nose nan (rel nan/aus nan) · invento 0.0000 · 0.2 s/paso
  paso 14325 · perdida  0.0180 · GLOBAL 1.0000 · acierto 1.0000 · vigente 1.0000 · nose nan (rel nan/aus nan) · invento 0.0000 · 0.2 s/paso
  paso 14350 · perdida  0.2411 · GLOBAL 0.7500 · acierto 0.7500 · vigente 0.7500 · nose nan (rel nan/aus nan) · invento 0.0000 · 0.2 s/paso
  paso 14375 · perdida  0.5607 · GLOBAL 0.7500 · acierto 0.7500 · vigente 0.7500 · nose nan (rel nan/aus nan) · invento 0.0000 · 0.2 s/paso
  paso 14400 · perdida  0.2413 · GLOBAL 0.7500 · acierto 0.7500 · vigente 0.7500 · nose nan (rel nan/aus nan) · invento 0.0000 · 0.2 s/paso
  paso 14425 · perdida  0.8994 · GLOBAL 0.7500 · acierto 0.7500 · vigente 0.7500 · nose nan (rel nan/aus nan) · invento 0.0000 · 0.2 s/paso
  paso 14450 · perdida  0.1027 · GLOBAL 1.0000 · acierto 1.0000 · vigente 1.0000 · nose nan (rel nan/aus nan) · invento 0.0000 · 0.2 s/paso
  paso 14475 · perdida  0.0823 · GLOBAL 1.0000 · acierto 1.0000 · vigente 1.0000 · nose nan (rel nan/aus nan) · invento 0.0000 · 0.2 s/paso
  paso 14500 · perdida  0.0026 · GLOBAL 1.0000 · acierto 1.0000 · vigente 1.0000 · nose nan (rel nan/aus nan) · invento 0.0000 · 0.2 s/paso
  paso 14525 · perdida  0.2525 · GLOBAL 0.7500 · acierto 0.7500 · vigente 0.7500 · nose nan (rel nan/aus nan) · invento 0.0000 · 0.2 s/paso
  paso 14550 · perdida  0.0092 · GLOBAL 1.0000 · acierto 1.0000 · vigente 1.0000 · nose nan (rel nan/aus nan) · invento 0.0000 · 0.2 s/paso
  paso 14575 · perdida  1.5421 · GLOBAL 0.7500 · acierto 0.7500 · vigente 0.7500 · nose nan (rel nan/aus nan) · invento 0.0000 · 0.2 s/paso
  paso 14600 · perdida  1.4429 · GLOBAL 0.7500 · acierto 0.7500 · vigente 0.7500 · nose nan (rel nan/aus nan) · invento 0.0000 · 0.2 s/paso
  paso 14625 · perdida  0.0115 · GLOBAL 1.0000 · acierto 1.0000 · vigente 1.0000 · nose nan (rel nan/aus nan) · invento 0.0000 · 0.2 s/paso
  paso 14650 · perdida  1.3189 · GLOBAL 0.7500 · acierto 0.7500 · vigente 0.7500 · nose nan (rel nan/aus nan) · invento 0.0000 · 0.2 s/paso
  paso 14675 · perdida  0.0157 · GLOBAL 1.0000 · acierto 1.0000 · vigente 1.0000 · nose nan (rel nan/aus nan) · invento 0.0000 · 0.2 s/paso
  paso 14700 · perdida  0.3978 · GLOBAL 0.7500 · acierto 0.7500 · vigente 0.7500 · nose nan (rel nan/aus nan) · invento 0.0000 · 0.2 s/paso
  paso 14725 · perdida  0.0707 · GLOBAL 1.0000 · acierto 1.0000 · vigente 1.0000 · nose nan (rel nan/aus nan) · invento 0.0000 · 0.2 s/paso
  paso 14750 · perdida  0.0004 · GLOBAL 1.0000 · acierto 1.0000 · vigente 1.0000 · nose nan (rel nan/aus nan) · invento 0.0000 · 0.2 s/paso
  paso 14775 · perdida  1.0393 · GLOBAL 0.7500 · acierto 0.7500 · vigente 0.7500 · nose nan (rel nan/aus nan) · invento 0.0000 · 0.2 s/paso
  paso 14800 · perdida  0.0059 · GLOBAL 1.0000 · acierto 1.0000 · vigente 1.0000 · nose nan (rel nan/aus nan) · invento 0.0000 · 0.2 s/paso
  paso 14825 · perdida  1.9137 · GLOBAL 0.5000 · acierto 0.5000 · vigente 0.5000 · nose nan (rel nan/aus nan) · invento 0.0000 · 0.2 s/paso
  paso 14850 · perdida  0.0046 · GLOBAL 1.0000 · acierto 1.0000 · vigente 1.0000 · nose nan (rel nan/aus nan) · invento 0.0000 · 0.2 s/paso
  paso 14875 · perdida  0.0125 · GLOBAL 1.0000 · acierto 1.0000 · vigente 1.0000 · nose nan (rel nan/aus nan) · invento 0.0000 · 0.2 s/paso
  paso 14900 · perdida  0.0169 · GLOBAL 1.0000 · acierto 1.0000 · vigente 1.0000 · nose nan (rel nan/aus nan) · invento 0.0000 · 0.2 s/paso
  paso 14925 · perdida  0.1568 · GLOBAL 1.0000 · acierto 1.0000 · vigente 1.0000 · nose nan (rel nan/aus nan) · invento 0.0000 · 0.2 s/paso
  paso 14950 · perdida  0.0249 · GLOBAL 1.0000 · acierto 1.0000 · vigente 1.0000 · nose nan (rel nan/aus nan) · invento 0.0000 · 0.2 s/paso
  paso 14975 · perdida  0.0072 · GLOBAL 1.0000 · acierto 1.0000 · vigente 1.0000 · nose nan (rel nan/aus nan) · invento 0.0000 · 0.2 s/paso
  paso 15000 · perdida  0.0002 · GLOBAL 1.0000 · acierto 1.0000 · vigente 1.0000 · nose nan (rel nan/aus nan) · invento 0.0000 · 0.2 s/paso
  paso 15025 · perdida  0.0168 · GLOBAL 1.0000 · acierto 1.0000 · vigente 1.0000 · nose nan (rel nan/aus nan) · invento 0.0000 · 0.2 s/paso
  paso 15050 · perdida  0.0058 · GLOBAL 1.0000 · acierto 1.0000 · vigente 1.0000 · nose nan (rel nan/aus nan) · invento 0.0000 · 0.2 s/paso
  paso 15075 · perdida  0.0147 · GLOBAL 1.0000 · acierto 1.0000 · vigente 1.0000 · nose nan (rel nan/aus nan) · invento 0.0000 · 0.2 s/paso
  paso 15100 · perdida  0.0074 · GLOBAL 1.0000 · acierto 1.0000 · vigente 1.0000 · nose nan (rel nan/aus nan) · invento 0.0000 · 0.2 s/paso
  paso 15125 · perdida  0.0409 · GLOBAL 1.0000 · acierto 1.0000 · vigente 1.0000 · nose nan (rel nan/aus nan) · invento 0.0000 · 0.2 s/paso
  paso 15150 · perdida  0.0391 · GLOBAL 1.0000 · acierto 1.0000 · vigente 1.0000 · nose nan (rel nan/aus nan) · invento 0.0000 · 0.2 s/paso
  paso 15175 · perdida  0.0243 · GLOBAL 1.0000 · acierto 1.0000 · vigente 1.0000 · nose nan (rel nan/aus nan) · invento 0.0000 · 0.2 s/paso
  paso 15200 · perdida  0.1187 · GLOBAL 1.0000 · acierto 1.0000 · vigente 1.0000 · nose nan (rel nan/aus nan) · invento 0.0000 · 0.2 s/paso
  paso 15225 · perdida  0.0583 · GLOBAL 1.0000 · acierto 1.0000 · vigente 1.0000 · nose nan (rel nan/aus nan) · invento 0.0000 · 0.2 s/paso
  paso 15250 · perdida  0.0037 · GLOBAL 1.0000 · acierto 1.0000 · vigente 1.0000 · nose nan (rel nan/aus nan) · invento 0.0000 · 0.2 s/paso
  paso 15275 · perdida  0.0925 · GLOBAL 1.0000 · acierto 1.0000 · vigente 1.0000 · nose nan (rel nan/aus nan) · invento 0.0000 · 0.2 s/paso
  paso 15300 · perdida  0.0838 · GLOBAL 1.0000 · acierto 1.0000 · vigente 1.0000 · nose nan (rel nan/aus nan) · invento 0.0000 · 0.2 s/paso
  paso 15325 · perdida  0.4855 · GLOBAL 0.7500 · acierto 0.7500 · vigente 0.7500 · nose nan (rel nan/aus nan) · invento 0.0000 · 0.2 s/paso
  paso 15350 · perdida  0.0106 · GLOBAL 1.0000 · acierto 1.0000 · vigente 1.0000 · nose nan (rel nan/aus nan) · invento 0.0000 · 0.2 s/paso
  paso 15375 · perdida  0.0498 · GLOBAL 1.0000 · acierto 1.0000 · vigente 1.0000 · nose nan (rel nan/aus nan) · invento 0.0000 · 0.2 s/paso
  paso 15400 · perdida  0.0007 · GLOBAL 1.0000 · acierto 1.0000 · vigente 1.0000 · nose nan (rel nan/aus nan) · invento 0.0000 · 0.2 s/paso
  paso 15425 · perdida  0.0005 · GLOBAL 1.0000 · acierto 1.0000 · vigente 1.0000 · nose nan (rel nan/aus nan) · invento 0.0000 · 0.2 s/paso
  paso 15450 · perdida  0.0797 · GLOBAL 1.0000 · acierto 1.0000 · vigente 1.0000 · nose nan (rel nan/aus nan) · invento 0.0000 · 0.2 s/paso
  paso 15475 · perdida  0.1039 · GLOBAL 1.0000 · acierto 1.0000 · vigente 1.0000 · nose nan (rel nan/aus nan) · invento 0.0000 · 0.2 s/paso
  paso 15500 · perdida  0.0229 · GLOBAL 1.0000 · acierto 1.0000 · vigente 1.0000 · nose nan (rel nan/aus nan) · invento 0.0000 · 0.2 s/paso
  paso 15525 · perdida  0.0003 · GLOBAL 1.0000 · acierto 1.0000 · vigente 1.0000 · nose nan (rel nan/aus nan) · invento 0.0000 · 0.2 s/paso
  paso 15550 · perdida  1.1777 · GLOBAL 0.7500 · acierto 0.7500 · vigente 0.7500 · nose nan (rel nan/aus nan) · invento 0.0000 · 0.2 s/paso
  paso 15575 · perdida  0.0021 · GLOBAL 1.0000 · acierto 1.0000 · vigente 1.0000 · nose nan (rel nan/aus nan) · invento 0.0000 · 0.2 s/paso
  paso 15600 · perdida  1.0350 · GLOBAL 0.7500 · acierto 0.7500 · vigente 0.7500 · nose nan (rel nan/aus nan) · invento 0.0000 · 0.2 s/paso
  paso 15625 · perdida  0.1103 · GLOBAL 1.0000 · acierto 1.0000 · vigente 1.0000 · nose nan (rel nan/aus nan) · invento 0.0000 · 0.2 s/paso
  paso 15650 · perdida  0.0045 · GLOBAL 1.0000 · acierto 1.0000 · vigente 1.0000 · nose nan (rel nan/aus nan) · invento 0.0000 · 0.2 s/paso
  paso 15675 · perdida  0.0023 · GLOBAL 1.0000 · acierto 1.0000 · vigente 1.0000 · nose nan (rel nan/aus nan) · invento 0.0000 · 0.2 s/paso
  paso 15700 · perdida  0.0216 · GLOBAL 1.0000 · acierto 1.0000 · vigente 1.0000 · nose nan (rel nan/aus nan) · invento 0.0000 · 0.2 s/paso
  paso 15725 · perdida  0.0205 · GLOBAL 1.0000 · acierto 1.0000 · vigente 1.0000 · nose nan (rel nan/aus nan) · invento 0.0000 · 0.2 s/paso
  paso 15750 · perdida  0.0157 · GLOBAL 1.0000 · acierto 1.0000 · vigente 1.0000 · nose nan (rel nan/aus nan) · invento 0.0000 · 0.2 s/paso
  paso 15775 · perdida  0.0064 · GLOBAL 1.0000 · acierto 1.0000 · vigente 1.0000 · nose nan (rel nan/aus nan) · invento 0.0000 · 0.2 s/paso
  paso 15800 · perdida  0.0011 · GLOBAL 1.0000 · acierto 1.0000 · vigente 1.0000 · nose nan (rel nan/aus nan) · invento 0.0000 · 0.2 s/paso
  paso 15825 · perdida  0.0181 · GLOBAL 1.0000 · acierto 1.0000 · vigente 1.0000 · nose nan (rel nan/aus nan) · invento 0.0000 · 0.2 s/paso
  paso 15850 · perdida  1.0985 · GLOBAL 0.7500 · acierto 0.7500 · vigente 0.7500 · nose nan (rel nan/aus nan) · invento 0.0000 · 0.2 s/paso
  paso 15875 · perdida  0.0004 · GLOBAL 1.0000 · acierto 1.0000 · vigente 1.0000 · nose nan (rel nan/aus nan) · invento 0.0000 · 0.2 s/paso
  paso 15900 · perdida  0.0063 · GLOBAL 1.0000 · acierto 1.0000 · vigente 1.0000 · nose nan (rel nan/aus nan) · invento 0.0000 · 0.2 s/paso
  paso 15925 · perdida  0.0042 · GLOBAL 1.0000 · acierto 1.0000 · vigente 1.0000 · nose nan (rel nan/aus nan) · invento 0.0000 · 0.2 s/paso
  paso 15950 · perdida  0.0382 · GLOBAL 1.0000 · acierto 1.0000 · vigente 1.0000 · nose nan (rel nan/aus nan) · invento 0.0000 · 0.2 s/paso
  paso 15975 · perdida  0.0020 · GLOBAL 1.0000 · acierto 1.0000 · vigente 1.0000 · nose nan (rel nan/aus nan) · invento 0.0000 · 0.2 s/paso
  paso 16000 · perdida  0.0281 · GLOBAL 1.0000 · acierto 1.0000 · vigente 1.0000 · nose nan (rel nan/aus nan) · invento 0.0000 · 0.2 s/paso
  paso 16025 · perdida  0.0162 · GLOBAL 1.0000 · acierto 1.0000 · vigente 1.0000 · nose nan (rel nan/aus nan) · invento 0.0000 · 0.2 s/paso
  paso 16050 · perdida  0.0316 · GLOBAL 1.0000 · acierto 1.0000 · vigente 1.0000 · nose nan (rel nan/aus nan) · invento 0.0000 · 0.2 s/paso
  paso 16075 · perdida  0.0023 · GLOBAL 1.0000 · acierto 1.0000 · vigente 1.0000 · nose nan (rel nan/aus nan) · invento 0.0000 · 0.2 s/paso
  paso 16100 · perdida  0.0039 · GLOBAL 1.0000 · acierto 1.0000 · vigente 1.0000 · nose nan (rel nan/aus nan) · invento 0.0000 · 0.2 s/paso
  paso 16125 · perdida  0.0015 · GLOBAL 1.0000 · acierto 1.0000 · vigente 1.0000 · nose nan (rel nan/aus nan) · invento 0.0000 · 0.2 s/paso
  paso 16150 · perdida  0.0547 · GLOBAL 1.0000 · acierto 1.0000 · vigente 1.0000 · nose nan (rel nan/aus nan) · invento 0.0000 · 0.2 s/paso
  paso 16175 · perdida  0.0073 · GLOBAL 1.0000 · acierto 1.0000 · vigente 1.0000 · nose nan (rel nan/aus nan) · invento 0.0000 · 0.2 s/paso
  paso 16200 · perdida  0.0310 · GLOBAL 1.0000 · acierto 1.0000 · vigente 1.0000 · nose nan (rel nan/aus nan) · invento 0.0000 · 0.2 s/paso
  paso 16225 · perdida  0.0391 · GLOBAL 1.0000 · acierto 1.0000 · vigente 1.0000 · nose nan (rel nan/aus nan) · invento 0.0000 · 0.2 s/paso
  paso 16250 · perdida  0.0029 · GLOBAL 1.0000 · acierto 1.0000 · vigente 1.0000 · nose nan (rel nan/aus nan) · invento 0.0000 · 0.2 s/paso
  paso 16275 · perdida  0.5534 · GLOBAL 0.7500 · acierto 0.7500 · vigente 0.7500 · nose nan (rel nan/aus nan) · invento 0.0000 · 0.2 s/paso
  paso 16300 · perdida  0.0293 · GLOBAL 1.0000 · acierto 1.0000 · vigente 1.0000 · nose nan (rel nan/aus nan) · invento 0.0000 · 0.2 s/paso
  paso 16325 · perdida  0.0026 · GLOBAL 1.0000 · acierto 1.0000 · vigente 1.0000 · nose nan (rel nan/aus nan) · invento 0.0000 · 0.2 s/paso
  paso 16350 · perdida  0.0023 · GLOBAL 1.0000 · acierto 1.0000 · vigente 1.0000 · nose nan (rel nan/aus nan) · invento 0.0000 · 0.2 s/paso
  paso 16375 · perdida  0.0098 · GLOBAL 1.0000 · acierto 1.0000 · vigente 1.0000 · nose nan (rel nan/aus nan) · invento 0.0000 · 0.2 s/paso
  paso 16400 · perdida  0.0019 · GLOBAL 1.0000 · acierto 1.0000 · vigente 1.0000 · nose nan (rel nan/aus nan) · invento 0.0000 · 0.2 s/paso
  paso 16425 · perdida  0.0333 · GLOBAL 1.0000 · acierto 1.0000 · vigente 1.0000 · nose nan (rel nan/aus nan) · invento 0.0000 · 0.2 s/paso
  paso 16450 · perdida  0.0020 · GLOBAL 1.0000 · acierto 1.0000 · vigente 1.0000 · nose nan (rel nan/aus nan) · invento 0.0000 · 0.2 s/paso
  paso 16475 · perdida  0.0313 · GLOBAL 1.0000 · acierto 1.0000 · vigente 1.0000 · nose nan (rel nan/aus nan) · invento 0.0000 · 0.2 s/paso
  paso 16500 · perdida  0.1015 · GLOBAL 1.0000 · acierto 1.0000 · vigente 1.0000 · nose nan (rel nan/aus nan) · invento 0.0000 · 0.2 s/paso
  paso 16525 · perdida  0.3327 · GLOBAL 0.7500 · acierto 0.7500 · vigente 0.7500 · nose nan (rel nan/aus nan) · invento 0.0000 · 0.2 s/paso
  paso 16550 · perdida  0.0006 · GLOBAL 1.0000 · acierto 1.0000 · vigente 1.0000 · nose nan (rel nan/aus nan) · invento 0.0000 · 0.2 s/paso
  paso 16575 · perdida  0.0506 · GLOBAL 1.0000 · acierto 1.0000 · vigente 1.0000 · nose nan (rel nan/aus nan) · invento 0.0000 · 0.2 s/paso
  paso 16600 · perdida  0.0040 · GLOBAL 1.0000 · acierto 1.0000 · vigente 1.0000 · nose nan (rel nan/aus nan) · invento 0.0000 · 0.2 s/paso
  paso 16625 · perdida  0.0267 · GLOBAL 1.0000 · acierto 1.0000 · vigente 1.0000 · nose nan (rel nan/aus nan) · invento 0.0000 · 0.2 s/paso
  paso 16650 · perdida  0.1313 · GLOBAL 1.0000 · acierto 1.0000 · vigente 1.0000 · nose nan (rel nan/aus nan) · invento 0.0000 · 0.2 s/paso
  paso 16675 · perdida  0.0010 · GLOBAL 1.0000 · acierto 1.0000 · vigente 1.0000 · nose nan (rel nan/aus nan) · invento 0.0000 · 0.2 s/paso
  paso 16700 · perdida  0.0531 · GLOBAL 1.0000 · acierto 1.0000 · vigente 1.0000 · nose nan (rel nan/aus nan) · invento 0.0000 · 0.2 s/paso
  paso 16725 · perdida  0.0754 · GLOBAL 1.0000 · acierto 1.0000 · vigente 1.0000 · nose nan (rel nan/aus nan) · invento 0.0000 · 0.2 s/paso
  paso 16750 · perdida  0.0061 · GLOBAL 1.0000 · acierto 1.0000 · vigente 1.0000 · nose nan (rel nan/aus nan) · invento 0.0000 · 0.2 s/paso
  paso 16775 · perdida  0.3717 · GLOBAL 0.7500 · acierto 0.7500 · vigente 0.7500 · nose nan (rel nan/aus nan) · invento 0.0000 · 0.2 s/paso
  paso 16800 · perdida  0.5393 · GLOBAL 0.7500 · acierto 0.7500 · vigente 0.7500 · nose nan (rel nan/aus nan) · invento 0.0000 · 0.2 s/paso
  paso 16825 · perdida  0.0005 · GLOBAL 1.0000 · acierto 1.0000 · vigente 1.0000 · nose nan (rel nan/aus nan) · invento 0.0000 · 0.2 s/paso
  paso 16850 · perdida  0.0018 · GLOBAL 1.0000 · acierto 1.0000 · vigente 1.0000 · nose nan (rel nan/aus nan) · invento 0.0000 · 0.2 s/paso
  paso 16875 · perdida  0.0019 · GLOBAL 1.0000 · acierto 1.0000 · vigente 1.0000 · nose nan (rel nan/aus nan) · invento 0.0000 · 0.2 s/paso
  paso 16900 · perdida  0.0720 · GLOBAL 1.0000 · acierto 1.0000 · vigente 1.0000 · nose nan (rel nan/aus nan) · invento 0.0000 · 0.2 s/paso
  paso 16925 · perdida  1.1289 · GLOBAL 0.5000 · acierto 0.5000 · vigente 0.5000 · nose nan (rel nan/aus nan) · invento 0.0000 · 0.2 s/paso
  paso 16950 · perdida  0.0417 · GLOBAL 1.0000 · acierto 1.0000 · vigente 1.0000 · nose nan (rel nan/aus nan) · invento 0.0000 · 0.2 s/paso
  paso 16975 · perdida  0.1688 · GLOBAL 1.0000 · acierto 1.0000 · vigente 1.0000 · nose nan (rel nan/aus nan) · invento 0.0000 · 0.2 s/paso
  paso 17000 · perdida  0.0013 · GLOBAL 1.0000 · acierto 1.0000 · vigente 1.0000 · nose nan (rel nan/aus nan) · invento 0.0000 · 0.2 s/paso
  paso 17025 · perdida  0.0003 · GLOBAL 1.0000 · acierto 1.0000 · vigente 1.0000 · nose nan (rel nan/aus nan) · invento 0.0000 · 0.2 s/paso
  paso 17050 · perdida  0.0046 · GLOBAL 1.0000 · acierto 1.0000 · vigente 1.0000 · nose nan (rel nan/aus nan) · invento 0.0000 · 0.2 s/paso
  paso 17075 · perdida  0.0024 · GLOBAL 1.0000 · acierto 1.0000 · vigente 1.0000 · nose nan (rel nan/aus nan) · invento 0.0000 · 0.2 s/paso
  paso 17100 · perdida  0.0492 · GLOBAL 1.0000 · acierto 1.0000 · vigente 1.0000 · nose nan (rel nan/aus nan) · invento 0.0000 · 0.2 s/paso
  paso 17125 · perdida  0.2758 · GLOBAL 1.0000 · acierto 1.0000 · vigente 1.0000 · nose nan (rel nan/aus nan) · invento 0.0000 · 0.2 s/paso
  paso 17150 · perdida  0.0003 · GLOBAL 1.0000 · acierto 1.0000 · vigente 1.0000 · nose nan (rel nan/aus nan) · invento 0.0000 · 0.2 s/paso
  paso 17175 · perdida  0.0082 · GLOBAL 1.0000 · acierto 1.0000 · vigente 1.0000 · nose nan (rel nan/aus nan) · invento 0.0000 · 0.2 s/paso
  paso 17200 · perdida  0.0109 · GLOBAL 1.0000 · acierto 1.0000 · vigente 1.0000 · nose nan (rel nan/aus nan) · invento 0.0000 · 0.2 s/paso
  paso 17225 · perdida  0.2518 · GLOBAL 0.7500 · acierto 0.7500 · vigente 0.7500 · nose nan (rel nan/aus nan) · invento 0.0000 · 0.2 s/paso
  paso 17250 · perdida  0.1920 · GLOBAL 1.0000 · acierto 1.0000 · vigente 1.0000 · nose nan (rel nan/aus nan) · invento 0.0000 · 0.2 s/paso
  paso 17275 · perdida  0.2089 · GLOBAL 1.0000 · acierto 1.0000 · vigente 1.0000 · nose nan (rel nan/aus nan) · invento 0.0000 · 0.2 s/paso
  paso 17300 · perdida  0.1347 · GLOBAL 1.0000 · acierto 1.0000 · vigente 1.0000 · nose nan (rel nan/aus nan) · invento 0.0000 · 0.2 s/paso
  paso 17325 · perdida  0.2444 · GLOBAL 0.7500 · acierto 0.7500 · vigente 0.7500 · nose nan (rel nan/aus nan) · invento 0.0000 · 0.2 s/paso
  paso 17350 · perdida  0.0262 · GLOBAL 1.0000 · acierto 1.0000 · vigente 1.0000 · nose nan (rel nan/aus nan) · invento 0.0000 · 0.2 s/paso
  paso 17375 · perdida  0.0044 · GLOBAL 1.0000 · acierto 1.0000 · vigente 1.0000 · nose nan (rel nan/aus nan) · invento 0.0000 · 0.2 s/paso
  paso 17400 · perdida  0.0010 · GLOBAL 1.0000 · acierto 1.0000 · vigente 1.0000 · nose nan (rel nan/aus nan) · invento 0.0000 · 0.2 s/paso
  paso 17425 · perdida  0.0571 · GLOBAL 1.0000 · acierto 1.0000 · vigente 1.0000 · nose nan (rel nan/aus nan) · invento 0.0000 · 0.2 s/paso
  paso 17450 · perdida  0.0529 · GLOBAL 1.0000 · acierto 1.0000 · vigente 1.0000 · nose nan (rel nan/aus nan) · invento 0.0000 · 0.2 s/paso
  paso 17475 · perdida  0.0037 · GLOBAL 1.0000 · acierto 1.0000 · vigente 1.0000 · nose nan (rel nan/aus nan) · invento 0.0000 · 0.2 s/paso
  paso 17500 · perdida  0.5614 · GLOBAL 0.7500 · acierto 0.7500 · vigente 0.7500 · nose nan (rel nan/aus nan) · invento 0.0000 · 0.2 s/paso
  paso 17525 · perdida  0.0084 · GLOBAL 1.0000 · acierto 1.0000 · vigente 1.0000 · nose nan (rel nan/aus nan) · invento 0.0000 · 0.2 s/paso
  paso 17550 · perdida  0.0600 · GLOBAL 1.0000 · acierto 1.0000 · vigente 1.0000 · nose nan (rel nan/aus nan) · invento 0.0000 · 0.2 s/paso
  paso 17575 · perdida  0.7648 · GLOBAL 0.7500 · acierto 0.7500 · vigente 0.7500 · nose nan (rel nan/aus nan) · invento 0.0000 · 0.2 s/paso
  paso 17600 · perdida  0.0997 · GLOBAL 1.0000 · acierto 1.0000 · vigente 1.0000 · nose nan (rel nan/aus nan) · invento 0.0000 · 0.2 s/paso
  paso 17625 · perdida  0.3167 · GLOBAL 0.7500 · acierto 0.7500 · vigente 0.7500 · nose nan (rel nan/aus nan) · invento 0.0000 · 0.2 s/paso
  paso 17650 · perdida  0.0134 · GLOBAL 1.0000 · acierto 1.0000 · vigente 1.0000 · nose nan (rel nan/aus nan) · invento 0.0000 · 0.2 s/paso
  paso 17675 · perdida  0.0098 · GLOBAL 1.0000 · acierto 1.0000 · vigente 1.0000 · nose nan (rel nan/aus nan) · invento 0.0000 · 0.2 s/paso
  paso 17700 · perdida  0.0096 · GLOBAL 1.0000 · acierto 1.0000 · vigente 1.0000 · nose nan (rel nan/aus nan) · invento 0.0000 · 0.2 s/paso
  paso 17725 · perdida  0.8054 · GLOBAL 0.5000 · acierto 0.5000 · vigente 0.5000 · nose nan (rel nan/aus nan) · invento 0.0000 · 0.2 s/paso
  paso 17750 · perdida  0.0018 · GLOBAL 1.0000 · acierto 1.0000 · vigente 1.0000 · nose nan (rel nan/aus nan) · invento 0.0000 · 0.2 s/paso
  paso 17775 · perdida  0.0519 · GLOBAL 1.0000 · acierto 1.0000 · vigente 1.0000 · nose nan (rel nan/aus nan) · invento 0.0000 · 0.2 s/paso
  paso 17800 · perdida  0.1139 · GLOBAL 1.0000 · acierto 1.0000 · vigente 1.0000 · nose nan (rel nan/aus nan) · invento 0.0000 · 0.2 s/paso
  paso 17825 · perdida  0.0041 · GLOBAL 1.0000 · acierto 1.0000 · vigente 1.0000 · nose nan (rel nan/aus nan) · invento 0.0000 · 0.2 s/paso
  paso 17850 · perdida  0.0049 · GLOBAL 1.0000 · acierto 1.0000 · vigente 1.0000 · nose nan (rel nan/aus nan) · invento 0.0000 · 0.2 s/paso
  paso 17875 · perdida  0.0009 · GLOBAL 1.0000 · acierto 1.0000 · vigente 1.0000 · nose nan (rel nan/aus nan) · invento 0.0000 · 0.2 s/paso
  paso 17900 · perdida  0.0046 · GLOBAL 1.0000 · acierto 1.0000 · vigente 1.0000 · nose nan (rel nan/aus nan) · invento 0.0000 · 0.2 s/paso
  paso 17925 · perdida  0.0047 · GLOBAL 1.0000 · acierto 1.0000 · vigente 1.0000 · nose nan (rel nan/aus nan) · invento 0.0000 · 0.2 s/paso
  paso 17950 · perdida  0.1055 · GLOBAL 1.0000 · acierto 1.0000 · vigente 1.0000 · nose nan (rel nan/aus nan) · invento 0.0000 · 0.2 s/paso
  paso 17975 · perdida  0.0479 · GLOBAL 1.0000 · acierto 1.0000 · vigente 1.0000 · nose nan (rel nan/aus nan) · invento 0.0000 · 0.2 s/paso
  paso 18000 · perdida  0.0219 · GLOBAL 1.0000 · acierto 1.0000 · vigente 1.0000 · nose nan (rel nan/aus nan) · invento 0.0000 · 0.2 s/paso
  paso 18025 · perdida  0.0215 · GLOBAL 1.0000 · acierto 1.0000 · vigente 1.0000 · nose nan (rel nan/aus nan) · invento 0.0000 · 0.2 s/paso
  paso 18050 · perdida  0.0731 · GLOBAL 1.0000 · acierto 1.0000 · vigente 1.0000 · nose nan (rel nan/aus nan) · invento 0.0000 · 0.2 s/paso
  paso 18075 · perdida  0.0465 · GLOBAL 1.0000 · acierto 1.0000 · vigente 1.0000 · nose nan (rel nan/aus nan) · invento 0.0000 · 0.2 s/paso
  paso 18100 · perdida  0.1303 · GLOBAL 1.0000 · acierto 1.0000 · vigente 1.0000 · nose nan (rel nan/aus nan) · invento 0.0000 · 0.2 s/paso
  paso 18125 · perdida  0.0006 · GLOBAL 1.0000 · acierto 1.0000 · vigente 1.0000 · nose nan (rel nan/aus nan) · invento 0.0000 · 0.2 s/paso
  paso 18150 · perdida  0.9108 · GLOBAL 0.7500 · acierto 0.7500 · vigente 0.7500 · nose nan (rel nan/aus nan) · invento 0.0000 · 0.2 s/paso
  paso 18175 · perdida  0.0036 · GLOBAL 1.0000 · acierto 1.0000 · vigente 1.0000 · nose nan (rel nan/aus nan) · invento 0.0000 · 0.2 s/paso
  paso 18200 · perdida  0.1059 · GLOBAL 1.0000 · acierto 1.0000 · vigente 1.0000 · nose nan (rel nan/aus nan) · invento 0.0000 · 0.2 s/paso
  paso 18225 · perdida  0.6411 · GLOBAL 0.5000 · acierto 0.5000 · vigente 0.5000 · nose nan (rel nan/aus nan) · invento 0.0000 · 0.2 s/paso
  paso 18250 · perdida  0.0267 · GLOBAL 1.0000 · acierto 1.0000 · vigente 1.0000 · nose nan (rel nan/aus nan) · invento 0.0000 · 0.2 s/paso
  paso 18275 · perdida  0.9560 · GLOBAL 0.7500 · acierto 0.7500 · vigente 0.7500 · nose nan (rel nan/aus nan) · invento 0.0000 · 0.2 s/paso
  paso 18300 · perdida  0.9256 · GLOBAL 0.7500 · acierto 0.7500 · vigente 0.7500 · nose nan (rel nan/aus nan) · invento 0.0000 · 0.2 s/paso
  paso 18325 · perdida  0.0127 · GLOBAL 1.0000 · acierto 1.0000 · vigente 1.0000 · nose nan (rel nan/aus nan) · invento 0.0000 · 0.2 s/paso
  paso 18350 · perdida  0.3374 · GLOBAL 0.7500 · acierto 0.7500 · vigente 0.7500 · nose nan (rel nan/aus nan) · invento 0.0000 · 0.2 s/paso
  paso 18375 · perdida  0.0779 · GLOBAL 1.0000 · acierto 1.0000 · vigente 1.0000 · nose nan (rel nan/aus nan) · invento 0.0000 · 0.2 s/paso
  paso 18400 · perdida  0.0057 · GLOBAL 1.0000 · acierto 1.0000 · vigente 1.0000 · nose nan (rel nan/aus nan) · invento 0.0000 · 0.2 s/paso
  paso 18425 · perdida  0.0137 · GLOBAL 1.0000 · acierto 1.0000 · vigente 1.0000 · nose nan (rel nan/aus nan) · invento 0.0000 · 0.2 s/paso
  paso 18450 · perdida  0.1460 · GLOBAL 1.0000 · acierto 1.0000 · vigente 1.0000 · nose nan (rel nan/aus nan) · invento 0.0000 · 0.2 s/paso
  paso 18475 · perdida  0.0031 · GLOBAL 1.0000 · acierto 1.0000 · vigente 1.0000 · nose nan (rel nan/aus nan) · invento 0.0000 · 0.2 s/paso
  paso 18500 · perdida  0.5640 · GLOBAL 0.7500 · acierto 0.7500 · vigente 0.7500 · nose nan (rel nan/aus nan) · invento 0.0000 · 0.2 s/paso
  paso 18525 · perdida  0.0140 · GLOBAL 1.0000 · acierto 1.0000 · vigente 1.0000 · nose nan (rel nan/aus nan) · invento 0.0000 · 0.2 s/paso
  paso 18550 · perdida  0.5568 · GLOBAL 0.7500 · acierto 0.7500 · vigente 0.7500 · nose nan (rel nan/aus nan) · invento 0.0000 · 0.2 s/paso
  paso 18575 · perdida  0.0077 · GLOBAL 1.0000 · acierto 1.0000 · vigente 1.0000 · nose nan (rel nan/aus nan) · invento 0.0000 · 0.2 s/paso
  paso 18600 · perdida  0.0008 · GLOBAL 1.0000 · acierto 1.0000 · vigente 1.0000 · nose nan (rel nan/aus nan) · invento 0.0000 · 0.2 s/paso
  paso 18625 · perdida  0.0089 · GLOBAL 1.0000 · acierto 1.0000 · vigente 1.0000 · nose nan (rel nan/aus nan) · invento 0.0000 · 0.2 s/paso
  paso 18650 · perdida  0.0640 · GLOBAL 1.0000 · acierto 1.0000 · vigente 1.0000 · nose nan (rel nan/aus nan) · invento 0.0000 · 0.2 s/paso
  paso 18675 · perdida  0.0045 · GLOBAL 1.0000 · acierto 1.0000 · vigente 1.0000 · nose nan (rel nan/aus nan) · invento 0.0000 · 0.2 s/paso
  paso 18700 · perdida  0.1358 · GLOBAL 1.0000 · acierto 1.0000 · vigente 1.0000 · nose nan (rel nan/aus nan) · invento 0.0000 · 0.2 s/paso
  paso 18725 · perdida  0.1689 · GLOBAL 1.0000 · acierto 1.0000 · vigente 1.0000 · nose nan (rel nan/aus nan) · invento 0.0000 · 0.2 s/paso
  paso 18750 · perdida  0.0038 · GLOBAL 1.0000 · acierto 1.0000 · vigente 1.0000 · nose nan (rel nan/aus nan) · invento 0.0000 · 0.2 s/paso
  paso 18775 · perdida  0.0027 · GLOBAL 1.0000 · acierto 1.0000 · vigente 1.0000 · nose nan (rel nan/aus nan) · invento 0.0000 · 0.2 s/paso
  paso 18800 · perdida  0.0007 · GLOBAL 1.0000 · acierto 1.0000 · vigente 1.0000 · nose nan (rel nan/aus nan) · invento 0.0000 · 0.2 s/paso
  paso 18825 · perdida  0.0095 · GLOBAL 1.0000 · acierto 1.0000 · vigente 1.0000 · nose nan (rel nan/aus nan) · invento 0.0000 · 0.2 s/paso
  paso 18850 · perdida  0.0970 · GLOBAL 1.0000 · acierto 1.0000 · vigente 1.0000 · nose nan (rel nan/aus nan) · invento 0.0000 · 0.2 s/paso
  paso 18875 · perdida  0.3190 · GLOBAL 0.7500 · acierto 0.7500 · vigente 0.7500 · nose nan (rel nan/aus nan) · invento 0.0000 · 0.2 s/paso
  paso 18900 · perdida  0.0006 · GLOBAL 1.0000 · acierto 1.0000 · vigente 1.0000 · nose nan (rel nan/aus nan) · invento 0.0000 · 0.2 s/paso
  paso 18925 · perdida  0.0135 · GLOBAL 1.0000 · acierto 1.0000 · vigente 1.0000 · nose nan (rel nan/aus nan) · invento 0.0000 · 0.2 s/paso
  paso 18950 · perdida  0.0266 · GLOBAL 1.0000 · acierto 1.0000 · vigente 1.0000 · nose nan (rel nan/aus nan) · invento 0.0000 · 0.2 s/paso
  paso 18975 · perdida  0.0399 · GLOBAL 1.0000 · acierto 1.0000 · vigente 1.0000 · nose nan (rel nan/aus nan) · invento 0.0000 · 0.2 s/paso
  paso 19000 · perdida  0.0444 · GLOBAL 1.0000 · acierto 1.0000 · vigente 1.0000 · nose nan (rel nan/aus nan) · invento 0.0000 · 0.2 s/paso
  paso 19025 · perdida  0.5746 · GLOBAL 0.7500 · acierto 0.7500 · vigente 0.7500 · nose nan (rel nan/aus nan) · invento 0.0000 · 0.2 s/paso
  paso 19050 · perdida  0.4418 · GLOBAL 0.7500 · acierto 0.7500 · vigente 0.7500 · nose nan (rel nan/aus nan) · invento 0.0000 · 0.2 s/paso
  paso 19075 · perdida  0.0192 · GLOBAL 1.0000 · acierto 1.0000 · vigente 1.0000 · nose nan (rel nan/aus nan) · invento 0.0000 · 0.2 s/paso
  paso 19100 · perdida  1.2259 · GLOBAL 0.7500 · acierto 0.7500 · vigente 0.7500 · nose nan (rel nan/aus nan) · invento 0.0000 · 0.2 s/paso
  paso 19125 · perdida  0.0615 · GLOBAL 1.0000 · acierto 1.0000 · vigente 1.0000 · nose nan (rel nan/aus nan) · invento 0.0000 · 0.2 s/paso
  paso 19150 · perdida  0.0031 · GLOBAL 1.0000 · acierto 1.0000 · vigente 1.0000 · nose nan (rel nan/aus nan) · invento 0.0000 · 0.2 s/paso
  paso 19175 · perdida  0.0014 · GLOBAL 1.0000 · acierto 1.0000 · vigente 1.0000 · nose nan (rel nan/aus nan) · invento 0.0000 · 0.2 s/paso
  paso 19200 · perdida  0.0933 · GLOBAL 1.0000 · acierto 1.0000 · vigente 1.0000 · nose nan (rel nan/aus nan) · invento 0.0000 · 0.2 s/paso
  paso 19225 · perdida  0.0047 · GLOBAL 1.0000 · acierto 1.0000 · vigente 1.0000 · nose nan (rel nan/aus nan) · invento 0.0000 · 0.2 s/paso
  paso 19250 · perdida  0.4626 · GLOBAL 0.7500 · acierto 0.7500 · vigente 0.7500 · nose nan (rel nan/aus nan) · invento 0.0000 · 0.2 s/paso
  paso 19275 · perdida  0.1492 · GLOBAL 1.0000 · acierto 1.0000 · vigente 1.0000 · nose nan (rel nan/aus nan) · invento 0.0000 · 0.2 s/paso
  paso 19300 · perdida  0.0102 · GLOBAL 1.0000 · acierto 1.0000 · vigente 1.0000 · nose nan (rel nan/aus nan) · invento 0.0000 · 0.2 s/paso
  paso 19325 · perdida  1.9501 · GLOBAL 0.7500 · acierto 0.7500 · vigente 0.7500 · nose nan (rel nan/aus nan) · invento 0.0000 · 0.2 s/paso
  paso 19350 · perdida  0.0027 · GLOBAL 1.0000 · acierto 1.0000 · vigente 1.0000 · nose nan (rel nan/aus nan) · invento 0.0000 · 0.2 s/paso
  paso 19375 · perdida  0.0032 · GLOBAL 1.0000 · acierto 1.0000 · vigente 1.0000 · nose nan (rel nan/aus nan) · invento 0.0000 · 0.2 s/paso
  paso 19400 · perdida  0.3256 · GLOBAL 0.7500 · acierto 0.7500 · vigente 0.7500 · nose nan (rel nan/aus nan) · invento 0.0000 · 0.2 s/paso
  paso 19425 · perdida  4.2035 · GLOBAL 0.5000 · acierto 0.5000 · vigente 0.5000 · nose nan (rel nan/aus nan) · invento 0.0000 · 0.2 s/paso
  paso 19450 · perdida  1.6317 · GLOBAL 0.5000 · acierto 0.5000 · vigente 0.5000 · nose nan (rel nan/aus nan) · invento 0.0000 · 0.2 s/paso
  paso 19475 · perdida  0.0059 · GLOBAL 1.0000 · acierto 1.0000 · vigente 1.0000 · nose nan (rel nan/aus nan) · invento 0.0000 · 0.2 s/paso
  paso 19500 · perdida  0.0154 · GLOBAL 1.0000 · acierto 1.0000 · vigente 1.0000 · nose nan (rel nan/aus nan) · invento 0.0000 · 0.2 s/paso
  paso 19525 · perdida  0.2825 · GLOBAL 0.7500 · acierto 0.7500 · vigente 0.7500 · nose nan (rel nan/aus nan) · invento 0.0000 · 0.2 s/paso
  paso 19550 · perdida  0.0575 · GLOBAL 1.0000 · acierto 1.0000 · vigente 1.0000 · nose nan (rel nan/aus nan) · invento 0.0000 · 0.2 s/paso
  paso 19575 · perdida  0.0065 · GLOBAL 1.0000 · acierto 1.0000 · vigente 1.0000 · nose nan (rel nan/aus nan) · invento 0.0000 · 0.2 s/paso
  paso 19600 · perdida  0.0528 · GLOBAL 1.0000 · acierto 1.0000 · vigente 1.0000 · nose nan (rel nan/aus nan) · invento 0.0000 · 0.2 s/paso
  paso 19625 · perdida  0.8494 · GLOBAL 0.7500 · acierto 0.7500 · vigente 0.7500 · nose nan (rel nan/aus nan) · invento 0.0000 · 0.2 s/paso
  paso 19650 · perdida  0.1110 · GLOBAL 1.0000 · acierto 1.0000 · vigente 1.0000 · nose nan (rel nan/aus nan) · invento 0.0000 · 0.2 s/paso
  paso 19675 · perdida  0.2724 · GLOBAL 0.7500 · acierto 0.7500 · vigente 0.7500 · nose nan (rel nan/aus nan) · invento 0.0000 · 0.2 s/paso
  paso 19700 · perdida  0.0126 · GLOBAL 1.0000 · acierto 1.0000 · vigente 1.0000 · nose nan (rel nan/aus nan) · invento 0.0000 · 0.2 s/paso
  paso 19725 · perdida  0.3018 · GLOBAL 1.0000 · acierto 1.0000 · vigente 1.0000 · nose nan (rel nan/aus nan) · invento 0.0000 · 0.2 s/paso
  paso 19750 · perdida  0.7661 · GLOBAL 0.7500 · acierto 0.7500 · vigente 0.7500 · nose nan (rel nan/aus nan) · invento 0.0000 · 0.2 s/paso
  paso 19775 · perdida  1.4221 · GLOBAL 0.7500 · acierto 0.7500 · vigente 0.7500 · nose nan (rel nan/aus nan) · invento 0.0000 · 0.2 s/paso
  paso 19800 · perdida  0.0266 · GLOBAL 1.0000 · acierto 1.0000 · vigente 1.0000 · nose nan (rel nan/aus nan) · invento 0.0000 · 0.2 s/paso
  paso 19825 · perdida  0.0394 · GLOBAL 1.0000 · acierto 1.0000 · vigente 1.0000 · nose nan (rel nan/aus nan) · invento 0.0000 · 0.2 s/paso
  paso 19850 · perdida  0.0099 · GLOBAL 1.0000 · acierto 1.0000 · vigente 1.0000 · nose nan (rel nan/aus nan) · invento 0.0000 · 0.2 s/paso
  paso 19875 · perdida  0.1648 · GLOBAL 1.0000 · acierto 1.0000 · vigente 1.0000 · nose nan (rel nan/aus nan) · invento 0.0000 · 0.2 s/paso
  paso 19900 · perdida  0.4127 · GLOBAL 0.7500 · acierto 0.7500 · vigente 0.7500 · nose nan (rel nan/aus nan) · invento 0.0000 · 0.2 s/paso
  paso 19925 · perdida  0.0022 · GLOBAL 1.0000 · acierto 1.0000 · vigente 1.0000 · nose nan (rel nan/aus nan) · invento 0.0000 · 0.2 s/paso
  paso 19950 · perdida  0.0104 · GLOBAL 1.0000 · acierto 1.0000 · vigente 1.0000 · nose nan (rel nan/aus nan) · invento 0.0000 · 0.2 s/paso
  paso 19975 · perdida  0.0025 · GLOBAL 1.0000 · acierto 1.0000 · vigente 1.0000 · nose nan (rel nan/aus nan) · invento 0.0000 · 0.2 s/paso
  paso 20000 · perdida  0.3008 · GLOBAL 0.7500 · acierto 0.7500 · vigente 0.7500 · nose nan (rel nan/aus nan) · invento 0.0000 · 0.2 s/paso

  CONTROLES sobre el ultimo lote:
    con archivo        GLOBAL 1.0000 · acierto 1.0000 · vigente 1.0000 · nose nan · invento 0.0000
    BARAJADO           GLOBAL 0.0000 · acierto 0.0000 · vigente 0.0000 · nose nan · invento 0.0000
    VACIO (ceros)      GLOBAL 0.0000 · acierto 0.0000 · vigente 0.0000 · nose nan · invento 0.0000
    lectura APAGADA    GLOBAL 0.0000 · acierto 0.0000 · vigente 0.0000 · nose nan · invento 0.0000

    BARAJADO alto = no lee el archivo · VACIO alto = contesta desde el preentrenamiento
    (VACIO es el control que pedia el plan por vocabulario abierto)

  EVALUACION FINAL sobre 512 muestras frescas (los cuatro brazos, mismas muestras):
    con archivo        GLOBAL 0.9121 · acierto 0.9121 · vigente 0.9121 · nose nan (rel nan/aus nan) · invento 0.0000 · mudez 0.0000 · una nan · n 512 {'una': 0, 'dos': 512, 'nose_rel': 0, 'nose_aus': 0}
    BARAJADO           GLOBAL 0.0918 · acierto 0.0918 · vigente 0.0918 · nose nan (rel nan/aus nan) · invento 0.0000 · mudez 0.0000 · una nan · n 512 {'una': 0, 'dos': 512, 'nose_rel': 0, 'nose_aus': 0}
    VACIO (ceros)      GLOBAL 0.0000 · acierto 0.0000 · vigente 0.0000 · nose nan (rel nan/aus nan) · invento 0.0000 · mudez 0.0000 · una nan · n 512 {'una': 0, 'dos': 512, 'nose_rel': 0, 'nose_aus': 0}
    lectura APAGADA    GLOBAL 0.0000 · acierto 0.0000 · vigente 0.0000 · nose nan (rel nan/aus nan) · invento 0.0000 · mudez 0.0000 · una nan · n 512 {'una': 0, 'dos': 512, 'nose_rel': 0, 'nose_aus': 0}

  escrito /content/banco_verlargo3s_s1.json

listo en 55.7 min
