Warning: You are sending unauthenticated requests to the HF Hub. Please set a HF_TOKEN to enable higher rate limits and faster downloads.
Loading weights:   0%|          | 0/201 [00:00<?, ?it/s]Loading weights:   0%|          | 1/201 [00:00<00:29,  6.78it/s]Loading weights:   7%|▋         | 15/201 [00:00<00:02, 69.91it/s]Loading weights:  16%|█▋        | 33/201 [00:00<00:01, 104.11it/s]Loading weights:  25%|██▍       | 50/201 [00:00<00:01, 112.91it/s]Loading weights:  32%|███▏      | 64/201 [00:00<00:01, 118.95it/s]Loading weights:  38%|███▊      | 77/201 [00:00<00:01, 117.10it/s]Loading weights:  45%|████▍     | 90/201 [00:00<00:00, 115.86it/s]Loading weights:  51%|█████     | 103/201 [00:00<00:00, 109.58it/s]Loading weights:  57%|█████▋    | 115/201 [00:01<00:00, 112.13it/s]Loading weights:  65%|██████▍   | 130/201 [00:01<00:00, 115.71it/s]Loading weights:  71%|███████   | 142/201 [00:01<00:00, 111.77it/s]Loading weights:  78%|███████▊  | 157/201 [00:01<00:00, 115.90it/s]Loading weights:  84%|████████▍ | 169/201 [00:01<00:00, 103.98it/s]Loading weights:  92%|█████████▏| 184/201 [00:01<00:00, 108.18it/s]Loading weights:  99%|█████████▊| 198/201 [00:01<00:00, 113.78it/s]Loading weights: 100%|██████████| 201/201 [00:01<00:00, 110.10it/s]
DENSO · atencion completa en las 22 capas · sin conv corta
TinyLlama/TinyLlama-1.1B-Chat-v1.0 · 1.10 B CONGELADOS · entrenables 2.11 M (0.192 %) · rango 256 · cuda
escritura capa 11 · lectura capa 2 · 15 entidades · 8 valores · 2 relaciones · batch 4 · archivo 8 · 22 bloques
abstencion 'None' -> 6213 · piso trivial de responder al azar 1/8 = 0.1250
PISO DEL MUDO: abstenerse SIEMPRE da GLOBAL 0.4000. Por debajo de eso el modelo es peor que el silencio.
calentando 6000 pasos sin casos de abstencion
  paso    1 · perdida  7.7234 · GLOBAL 0.0000 · acierto 0.0000 · vigente 0.0000 · nose nan (rel nan/aus nan) · invento 0.0000 · 1.4 s/paso  (calentando, sin abstencion)
  paso   25 · perdida  2.6755 · GLOBAL 0.0000 · acierto 0.0000 · vigente 0.0000 · nose nan (rel nan/aus nan) · invento 0.0000 · 0.2 s/paso  (calentando, sin abstencion)
  paso   50 · perdida  2.3731 · GLOBAL 0.0000 · acierto 0.0000 · vigente 0.0000 · nose nan (rel nan/aus nan) · invento 0.0000 · 0.2 s/paso  (calentando, sin abstencion)
  paso   75 · perdida  3.1465 · GLOBAL 0.0000 · acierto 0.0000 · vigente 0.0000 · nose nan (rel nan/aus nan) · invento 0.0000 · 0.2 s/paso  (calentando, sin abstencion)
  paso  100 · perdida  2.1872 · GLOBAL 0.0000 · acierto 0.0000 · vigente 0.0000 · nose nan (rel nan/aus nan) · invento 0.0000 · 0.2 s/paso  (calentando, sin abstencion)
  paso  125 · perdida  2.2664 · GLOBAL 0.5000 · acierto 0.5000 · vigente 1.0000 · nose nan (rel nan/aus nan) · invento 0.0000 · 0.2 s/paso  (calentando, sin abstencion)
  paso  150 · perdida  2.9524 · GLOBAL 0.2500 · acierto 0.2500 · vigente 1.0000 · nose nan (rel nan/aus nan) · invento 0.0000 · 0.1 s/paso  (calentando, sin abstencion)
  paso  175 · perdida  2.3106 · GLOBAL 0.0000 · acierto 0.0000 · vigente 0.0000 · nose nan (rel nan/aus nan) · invento 0.0000 · 0.1 s/paso  (calentando, sin abstencion)
  paso  200 · perdida  2.2480 · GLOBAL 0.0000 · acierto 0.0000 · vigente 0.0000 · nose nan (rel nan/aus nan) · invento 0.0000 · 0.1 s/paso  (calentando, sin abstencion)
  paso  225 · perdida  2.3008 · GLOBAL 0.0000 · acierto 0.0000 · vigente 0.0000 · nose nan (rel nan/aus nan) · invento 0.0000 · 0.1 s/paso  (calentando, sin abstencion)
  paso  250 · perdida  2.5839 · GLOBAL 0.0000 · acierto 0.0000 · vigente 0.0000 · nose nan (rel nan/aus nan) · invento 0.0000 · 0.1 s/paso  (calentando, sin abstencion)
  paso  275 · perdida  2.4317 · GLOBAL 0.2500 · acierto 0.2500 · vigente 0.0000 · nose nan (rel nan/aus nan) · invento 0.0000 · 0.1 s/paso  (calentando, sin abstencion)
  paso  300 · perdida  2.3444 · GLOBAL 0.0000 · acierto 0.0000 · vigente 0.0000 · nose nan (rel nan/aus nan) · invento 0.0000 · 0.1 s/paso  (calentando, sin abstencion)
  paso  325 · perdida  2.0781 · GLOBAL 0.2500 · acierto 0.2500 · vigente 0.5000 · nose nan (rel nan/aus nan) · invento 0.0000 · 0.1 s/paso  (calentando, sin abstencion)
  paso  350 · perdida  2.0333 · GLOBAL 0.0000 · acierto 0.0000 · vigente 0.0000 · nose nan (rel nan/aus nan) · invento 0.0000 · 0.1 s/paso  (calentando, sin abstencion)
  paso  375 · perdida  2.1188 · GLOBAL 0.0000 · acierto 0.0000 · vigente 0.0000 · nose nan (rel nan/aus nan) · invento 0.0000 · 0.1 s/paso  (calentando, sin abstencion)
  paso  400 · perdida  2.3949 · GLOBAL 0.2500 · acierto 0.2500 · vigente 0.0000 · nose nan (rel nan/aus nan) · invento 0.0000 · 0.1 s/paso  (calentando, sin abstencion)
  paso  425 · perdida  2.2703 · GLOBAL 0.0000 · acierto 0.0000 · vigente 0.0000 · nose nan (rel nan/aus nan) · invento 0.0000 · 0.1 s/paso  (calentando, sin abstencion)
  paso  450 · perdida  2.2645 · GLOBAL 0.0000 · acierto 0.0000 · vigente 0.0000 · nose nan (rel nan/aus nan) · invento 0.0000 · 0.1 s/paso  (calentando, sin abstencion)
  paso  475 · perdida  2.0748 · GLOBAL 0.2500 · acierto 0.2500 · vigente nan · nose nan (rel nan/aus nan) · invento 0.0000 · 0.1 s/paso  (calentando, sin abstencion)
  paso  500 · perdida  2.1439 · GLOBAL 0.0000 · acierto 0.0000 · vigente 0.0000 · nose nan (rel nan/aus nan) · invento 0.0000 · 0.1 s/paso  (calentando, sin abstencion)
  paso  525 · perdida  2.5844 · GLOBAL 0.0000 · acierto 0.0000 · vigente 0.0000 · nose nan (rel nan/aus nan) · invento 0.0000 · 0.1 s/paso  (calentando, sin abstencion)
  paso  550 · perdida  2.4108 · GLOBAL 0.2500 · acierto 0.2500 · vigente 0.0000 · nose nan (rel nan/aus nan) · invento 0.0000 · 0.1 s/paso  (calentando, sin abstencion)
  paso  575 · perdida  2.1137 · GLOBAL 0.0000 · acierto 0.0000 · vigente 0.0000 · nose nan (rel nan/aus nan) · invento 0.0000 · 0.1 s/paso  (calentando, sin abstencion)
  paso  600 · perdida  3.3716 · GLOBAL 0.0000 · acierto 0.0000 · vigente 0.0000 · nose nan (rel nan/aus nan) · invento 0.0000 · 0.1 s/paso  (calentando, sin abstencion)
  paso  625 · perdida  2.3303 · GLOBAL 0.0000 · acierto 0.0000 · vigente 0.0000 · nose nan (rel nan/aus nan) · invento 0.0000 · 0.1 s/paso  (calentando, sin abstencion)
  paso  650 · perdida  2.4348 · GLOBAL 0.0000 · acierto 0.0000 · vigente 0.0000 · nose nan (rel nan/aus nan) · invento 0.0000 · 0.1 s/paso  (calentando, sin abstencion)
  paso  675 · perdida  1.4662 · GLOBAL 0.2500 · acierto 0.2500 · vigente 0.0000 · nose nan (rel nan/aus nan) · invento 0.0000 · 0.1 s/paso  (calentando, sin abstencion)
  paso  700 · perdida  2.3828 · GLOBAL 0.2500 · acierto 0.2500 · vigente 0.0000 · nose nan (rel nan/aus nan) · invento 0.0000 · 0.1 s/paso  (calentando, sin abstencion)
  paso  725 · perdida  2.3218 · GLOBAL 0.2500 · acierto 0.2500 · vigente 0.3333 · nose nan (rel nan/aus nan) · invento 0.0000 · 0.1 s/paso  (calentando, sin abstencion)
  paso  750 · perdida  1.6033 · GLOBAL 0.5000 · acierto 0.5000 · vigente nan · nose nan (rel nan/aus nan) · invento 0.0000 · 0.1 s/paso  (calentando, sin abstencion)
  paso  775 · perdida  2.3098 · GLOBAL 0.2500 · acierto 0.2500 · vigente 0.5000 · nose nan (rel nan/aus nan) · invento 0.0000 · 0.1 s/paso  (calentando, sin abstencion)
  paso  800 · perdida  1.8375 · GLOBAL 0.0000 · acierto 0.0000 · vigente 0.0000 · nose nan (rel nan/aus nan) · invento 0.0000 · 0.1 s/paso  (calentando, sin abstencion)
  paso  825 · perdida  2.2648 · GLOBAL 0.5000 · acierto 0.5000 · vigente 1.0000 · nose nan (rel nan/aus nan) · invento 0.0000 · 0.1 s/paso  (calentando, sin abstencion)
  paso  850 · perdida  4.4352 · GLOBAL 0.0000 · acierto 0.0000 · vigente 0.0000 · nose nan (rel nan/aus nan) · invento 0.0000 · 0.1 s/paso  (calentando, sin abstencion)
  paso  875 · perdida  3.2824 · GLOBAL 0.2500 · acierto 0.2500 · vigente 0.5000 · nose nan (rel nan/aus nan) · invento 0.0000 · 0.1 s/paso  (calentando, sin abstencion)
  paso  900 · perdida  2.1418 · GLOBAL 0.2500 · acierto 0.2500 · vigente 0.3333 · nose nan (rel nan/aus nan) · invento 0.0000 · 0.1 s/paso  (calentando, sin abstencion)
  paso  925 · perdida  1.8888 · GLOBAL 0.5000 · acierto 0.5000 · vigente 0.3333 · nose nan (rel nan/aus nan) · invento 0.0000 · 0.1 s/paso  (calentando, sin abstencion)
  paso  950 · perdida  2.2897 · GLOBAL 0.2500 · acierto 0.2500 · vigente 0.0000 · nose nan (rel nan/aus nan) · invento 0.0000 · 0.1 s/paso  (calentando, sin abstencion)
  paso  975 · perdida  2.7842 · GLOBAL 0.0000 · acierto 0.0000 · vigente 0.0000 · nose nan (rel nan/aus nan) · invento 0.0000 · 0.1 s/paso  (calentando, sin abstencion)
  paso 1000 · perdida  2.4177 · GLOBAL 0.0000 · acierto 0.0000 · vigente nan · nose nan (rel nan/aus nan) · invento 0.0000 · 0.1 s/paso  (calentando, sin abstencion)
  paso 1025 · perdida  1.9969 · GLOBAL 0.2500 · acierto 0.2500 · vigente 0.0000 · nose nan (rel nan/aus nan) · invento 0.0000 · 0.1 s/paso  (calentando, sin abstencion)
  paso 1050 · perdida  2.0986 · GLOBAL 0.2500 · acierto 0.2500 · vigente 0.0000 · nose nan (rel nan/aus nan) · invento 0.0000 · 0.1 s/paso  (calentando, sin abstencion)
  paso 1075 · perdida  2.7054 · GLOBAL 0.2500 · acierto 0.2500 · vigente 0.2500 · nose nan (rel nan/aus nan) · invento 0.0000 · 0.1 s/paso  (calentando, sin abstencion)
  paso 1100 · perdida  3.7121 · GLOBAL 0.2500 · acierto 0.2500 · vigente nan · nose nan (rel nan/aus nan) · invento 0.0000 · 0.1 s/paso  (calentando, sin abstencion)
  paso 1125 · perdida  1.9346 · GLOBAL 0.5000 · acierto 0.5000 · vigente 0.0000 · nose nan (rel nan/aus nan) · invento 0.0000 · 0.1 s/paso  (calentando, sin abstencion)
  paso 1150 · perdida  2.7389 · GLOBAL 0.0000 · acierto 0.0000 · vigente nan · nose nan (rel nan/aus nan) · invento 0.0000 · 0.1 s/paso  (calentando, sin abstencion)
  paso 1175 · perdida  2.0043 · GLOBAL 0.0000 · acierto 0.0000 · vigente 0.0000 · nose nan (rel nan/aus nan) · invento 0.0000 · 0.1 s/paso  (calentando, sin abstencion)
  paso 1200 · perdida  1.5444 · GLOBAL 0.5000 · acierto 0.5000 · vigente 0.5000 · nose nan (rel nan/aus nan) · invento 0.0000 · 0.1 s/paso  (calentando, sin abstencion)
  paso 1225 · perdida  1.6898 · GLOBAL 0.5000 · acierto 0.5000 · vigente 0.0000 · nose nan (rel nan/aus nan) · invento 0.0000 · 0.1 s/paso  (calentando, sin abstencion)
  paso 1250 · perdida  2.1291 · GLOBAL 0.2500 · acierto 0.2500 · vigente 0.0000 · nose nan (rel nan/aus nan) · invento 0.0000 · 0.1 s/paso  (calentando, sin abstencion)
  paso 1275 · perdida  2.1091 · GLOBAL 0.0000 · acierto 0.0000 · vigente nan · nose nan (rel nan/aus nan) · invento 0.0000 · 0.1 s/paso  (calentando, sin abstencion)
  paso 1300 · perdida  1.9790 · GLOBAL 0.0000 · acierto 0.0000 · vigente nan · nose nan (rel nan/aus nan) · invento 0.0000 · 0.1 s/paso  (calentando, sin abstencion)
  paso 1325 · perdida  1.8224 · GLOBAL 0.0000 · acierto 0.0000 · vigente nan · nose nan (rel nan/aus nan) · invento 0.0000 · 0.1 s/paso  (calentando, sin abstencion)
  paso 1350 · perdida  2.0996 · GLOBAL 0.0000 · acierto 0.0000 · vigente 0.0000 · nose nan (rel nan/aus nan) · invento 0.0000 · 0.1 s/paso  (calentando, sin abstencion)
  paso 1375 · perdida  2.0082 · GLOBAL 0.0000 · acierto 0.0000 · vigente 0.0000 · nose nan (rel nan/aus nan) · invento 0.0000 · 0.1 s/paso  (calentando, sin abstencion)
  paso 1400 · perdida  1.9639 · GLOBAL 0.2500 · acierto 0.2500 · vigente 0.0000 · nose nan (rel nan/aus nan) · invento 0.0000 · 0.1 s/paso  (calentando, sin abstencion)
  paso 1425 · perdida  2.2177 · GLOBAL 0.0000 · acierto 0.0000 · vigente 0.0000 · nose nan (rel nan/aus nan) · invento 0.0000 · 0.1 s/paso  (calentando, sin abstencion)
  paso 1450 · perdida  2.0034 · GLOBAL 0.0000 · acierto 0.0000 · vigente 0.0000 · nose nan (rel nan/aus nan) · invento 0.0000 · 0.1 s/paso  (calentando, sin abstencion)
  paso 1475 · perdida  2.2996 · GLOBAL 0.0000 · acierto 0.0000 · vigente 0.0000 · nose nan (rel nan/aus nan) · invento 0.0000 · 0.1 s/paso  (calentando, sin abstencion)
  paso 1500 · perdida  2.1099 · GLOBAL 0.2500 · acierto 0.2500 · vigente 0.0000 · nose nan (rel nan/aus nan) · invento 0.0000 · 0.1 s/paso  (calentando, sin abstencion)
  paso 1525 · perdida  1.9034 · GLOBAL 0.2500 · acierto 0.2500 · vigente 0.5000 · nose nan (rel nan/aus nan) · invento 0.0000 · 0.1 s/paso  (calentando, sin abstencion)
  paso 1550 · perdida  1.8781 · GLOBAL 0.0000 · acierto 0.0000 · vigente 0.0000 · nose nan (rel nan/aus nan) · invento 0.0000 · 0.1 s/paso  (calentando, sin abstencion)
  paso 1575 · perdida  2.5885 · GLOBAL 0.0000 · acierto 0.0000 · vigente 0.0000 · nose nan (rel nan/aus nan) · invento 0.0000 · 0.1 s/paso  (calentando, sin abstencion)
  paso 1600 · perdida  2.5479 · GLOBAL 0.0000 · acierto 0.0000 · vigente 0.0000 · nose nan (rel nan/aus nan) · invento 0.0000 · 0.1 s/paso  (calentando, sin abstencion)
  paso 1625 · perdida  2.1243 · GLOBAL 0.2500 · acierto 0.2500 · vigente 0.0000 · nose nan (rel nan/aus nan) · invento 0.0000 · 0.1 s/paso  (calentando, sin abstencion)
  paso 1650 · perdida  1.8233 · GLOBAL 0.0000 · acierto 0.0000 · vigente 0.0000 · nose nan (rel nan/aus nan) · invento 0.0000 · 0.1 s/paso  (calentando, sin abstencion)
  paso 1675 · perdida  2.5449 · GLOBAL 0.0000 · acierto 0.0000 · vigente 0.0000 · nose nan (rel nan/aus nan) · invento 0.0000 · 0.1 s/paso  (calentando, sin abstencion)
  paso 1700 · perdida  2.4445 · GLOBAL 0.0000 · acierto 0.0000 · vigente nan · nose nan (rel nan/aus nan) · invento 0.0000 · 0.1 s/paso  (calentando, sin abstencion)
  paso 1725 · perdida  2.3613 · GLOBAL 0.0000 · acierto 0.0000 · vigente 0.0000 · nose nan (rel nan/aus nan) · invento 0.0000 · 0.1 s/paso  (calentando, sin abstencion)
  paso 1750 · perdida  2.3092 · GLOBAL 0.0000 · acierto 0.0000 · vigente nan · nose nan (rel nan/aus nan) · invento 0.0000 · 0.1 s/paso  (calentando, sin abstencion)
  paso 1775 · perdida  2.2456 · GLOBAL 0.0000 · acierto 0.0000 · vigente 0.0000 · nose nan (rel nan/aus nan) · invento 0.0000 · 0.2 s/paso  (calentando, sin abstencion)
  paso 1800 · perdida  2.0489 · GLOBAL 0.0000 · acierto 0.0000 · vigente 0.0000 · nose nan (rel nan/aus nan) · invento 0.0000 · 0.2 s/paso  (calentando, sin abstencion)
  paso 1825 · perdida  2.0468 · GLOBAL 0.2500 · acierto 0.2500 · vigente nan · nose nan (rel nan/aus nan) · invento 0.0000 · 0.2 s/paso  (calentando, sin abstencion)
  paso 1850 · perdida  2.5729 · GLOBAL 0.2500 · acierto 0.2500 · vigente 0.5000 · nose nan (rel nan/aus nan) · invento 0.0000 · 0.2 s/paso  (calentando, sin abstencion)
  paso 1875 · perdida  1.8377 · GLOBAL 0.5000 · acierto 0.5000 · vigente 0.5000 · nose nan (rel nan/aus nan) · invento 0.0000 · 0.2 s/paso  (calentando, sin abstencion)
  paso 1900 · perdida  1.5520 · GLOBAL 0.5000 · acierto 0.5000 · vigente 0.0000 · nose nan (rel nan/aus nan) · invento 0.0000 · 0.2 s/paso  (calentando, sin abstencion)
  paso 1925 · perdida  2.1320 · GLOBAL 0.2500 · acierto 0.2500 · vigente 0.0000 · nose nan (rel nan/aus nan) · invento 0.0000 · 0.2 s/paso  (calentando, sin abstencion)
  paso 1950 · perdida  2.0390 · GLOBAL 0.5000 · acierto 0.5000 · vigente 0.3333 · nose nan (rel nan/aus nan) · invento 0.0000 · 0.2 s/paso  (calentando, sin abstencion)
  paso 1975 · perdida  2.4008 · GLOBAL 0.0000 · acierto 0.0000 · vigente 0.0000 · nose nan (rel nan/aus nan) · invento 0.0000 · 0.2 s/paso  (calentando, sin abstencion)
  paso 2000 · perdida  1.9606 · GLOBAL 0.5000 · acierto 0.5000 · vigente 0.0000 · nose nan (rel nan/aus nan) · invento 0.0000 · 0.2 s/paso  (calentando, sin abstencion)
  paso 2025 · perdida  2.2846 · GLOBAL 0.0000 · acierto 0.0000 · vigente 0.0000 · nose nan (rel nan/aus nan) · invento 0.0000 · 0.2 s/paso  (calentando, sin abstencion)
  paso 2050 · perdida  1.8111 · GLOBAL 0.2500 · acierto 0.2500 · vigente 0.0000 · nose nan (rel nan/aus nan) · invento 0.0000 · 0.2 s/paso  (calentando, sin abstencion)
  paso 2075 · perdida  2.3760 · GLOBAL 0.2500 · acierto 0.2500 · vigente 0.0000 · nose nan (rel nan/aus nan) · invento 0.0000 · 0.2 s/paso  (calentando, sin abstencion)
  paso 2100 · perdida  1.5337 · GLOBAL 0.5000 · acierto 0.5000 · vigente 1.0000 · nose nan (rel nan/aus nan) · invento 0.0000 · 0.2 s/paso  (calentando, sin abstencion)
  paso 2125 · perdida  2.5725 · GLOBAL 0.2500 · acierto 0.2500 · vigente 0.0000 · nose nan (rel nan/aus nan) · invento 0.0000 · 0.2 s/paso  (calentando, sin abstencion)
  paso 2150 · perdida  2.0203 · GLOBAL 0.2500 · acierto 0.2500 · vigente 0.0000 · nose nan (rel nan/aus nan) · invento 0.0000 · 0.2 s/paso  (calentando, sin abstencion)
  paso 2175 · perdida  1.7993 · GLOBAL 0.2500 · acierto 0.2500 · vigente 0.3333 · nose nan (rel nan/aus nan) · invento 0.0000 · 0.2 s/paso  (calentando, sin abstencion)
  paso 2200 · perdida  2.3087 · GLOBAL 0.0000 · acierto 0.0000 · vigente 0.0000 · nose nan (rel nan/aus nan) · invento 0.0000 · 0.2 s/paso  (calentando, sin abstencion)
  paso 2225 · perdida  2.1159 · GLOBAL 0.0000 · acierto 0.0000 · vigente 0.0000 · nose nan (rel nan/aus nan) · invento 0.0000 · 0.2 s/paso  (calentando, sin abstencion)
  paso 2250 · perdida  1.9159 · GLOBAL 0.2500 · acierto 0.2500 · vigente 0.3333 · nose nan (rel nan/aus nan) · invento 0.0000 · 0.2 s/paso  (calentando, sin abstencion)
  paso 2275 · perdida  1.9106 · GLOBAL 0.2500 · acierto 0.2500 · vigente 0.0000 · nose nan (rel nan/aus nan) · invento 0.0000 · 0.2 s/paso  (calentando, sin abstencion)
  paso 2300 · perdida  1.8556 · GLOBAL 0.2500 · acierto 0.2500 · vigente 0.0000 · nose nan (rel nan/aus nan) · invento 0.0000 · 0.2 s/paso  (calentando, sin abstencion)
  paso 2325 · perdida  2.1771 · GLOBAL 0.2500 · acierto 0.2500 · vigente 0.0000 · nose nan (rel nan/aus nan) · invento 0.0000 · 0.2 s/paso  (calentando, sin abstencion)
  paso 2350 · perdida  2.1728 · GLOBAL 0.2500 · acierto 0.2500 · vigente 0.0000 · nose nan (rel nan/aus nan) · invento 0.0000 · 0.2 s/paso  (calentando, sin abstencion)
  paso 2375 · perdida  2.1163 · GLOBAL 0.2500 · acierto 0.2500 · vigente 0.0000 · nose nan (rel nan/aus nan) · invento 0.0000 · 0.2 s/paso  (calentando, sin abstencion)
  paso 2400 · perdida  1.7859 · GLOBAL 0.2500 · acierto 0.2500 · vigente 0.0000 · nose nan (rel nan/aus nan) · invento 0.0000 · 0.2 s/paso  (calentando, sin abstencion)
  paso 2425 · perdida  1.9496 · GLOBAL 0.2500 · acierto 0.2500 · vigente 0.0000 · nose nan (rel nan/aus nan) · invento 0.0000 · 0.2 s/paso  (calentando, sin abstencion)
  paso 2450 · perdida  1.4885 · GLOBAL 0.5000 · acierto 0.5000 · vigente 0.5000 · nose nan (rel nan/aus nan) · invento 0.0000 · 0.2 s/paso  (calentando, sin abstencion)
  paso 2475 · perdida  1.5866 · GLOBAL 0.2500 · acierto 0.2500 · vigente 0.5000 · nose nan (rel nan/aus nan) · invento 0.0000 · 0.2 s/paso  (calentando, sin abstencion)
  paso 2500 · perdida  1.6340 · GLOBAL 0.2500 · acierto 0.2500 · vigente 0.0000 · nose nan (rel nan/aus nan) · invento 0.0000 · 0.2 s/paso  (calentando, sin abstencion)
  paso 2525 · perdida  1.9093 · GLOBAL 0.2500 · acierto 0.2500 · vigente 0.0000 · nose nan (rel nan/aus nan) · invento 0.0000 · 0.2 s/paso  (calentando, sin abstencion)
  paso 2550 · perdida  2.1622 · GLOBAL 0.2500 · acierto 0.2500 · vigente 0.0000 · nose nan (rel nan/aus nan) · invento 0.0000 · 0.2 s/paso  (calentando, sin abstencion)
  paso 2575 · perdida  2.0855 · GLOBAL 0.2500 · acierto 0.2500 · vigente 0.0000 · nose nan (rel nan/aus nan) · invento 0.0000 · 0.2 s/paso  (calentando, sin abstencion)
  paso 2600 · perdida  1.5290 · GLOBAL 0.5000 · acierto 0.5000 · vigente nan · nose nan (rel nan/aus nan) · invento 0.0000 · 0.2 s/paso  (calentando, sin abstencion)
  paso 2625 · perdida  1.6644 · GLOBAL 0.2500 · acierto 0.2500 · vigente nan · nose nan (rel nan/aus nan) · invento 0.0000 · 0.2 s/paso  (calentando, sin abstencion)
  paso 2650 · perdida  2.4502 · GLOBAL 0.2500 · acierto 0.2500 · vigente 1.0000 · nose nan (rel nan/aus nan) · invento 0.0000 · 0.2 s/paso  (calentando, sin abstencion)
  paso 2675 · perdida  1.5269 · GLOBAL 0.5000 · acierto 0.5000 · vigente 0.5000 · nose nan (rel nan/aus nan) · invento 0.0000 · 0.2 s/paso  (calentando, sin abstencion)
  paso 2700 · perdida  1.7017 · GLOBAL 0.5000 · acierto 0.5000 · vigente 0.0000 · nose nan (rel nan/aus nan) · invento 0.0000 · 0.2 s/paso  (calentando, sin abstencion)
  paso 2725 · perdida  1.8839 · GLOBAL 0.2500 · acierto 0.2500 · vigente nan · nose nan (rel nan/aus nan) · invento 0.0000 · 0.2 s/paso  (calentando, sin abstencion)
  paso 2750 · perdida  2.6302 · GLOBAL 0.0000 · acierto 0.0000 · vigente 0.0000 · nose nan (rel nan/aus nan) · invento 0.0000 · 0.2 s/paso  (calentando, sin abstencion)
  paso 2775 · perdida  2.2262 · GLOBAL 0.0000 · acierto 0.0000 · vigente 0.0000 · nose nan (rel nan/aus nan) · invento 0.0000 · 0.2 s/paso  (calentando, sin abstencion)
  paso 2800 · perdida  1.1637 · GLOBAL 0.5000 · acierto 0.5000 · vigente nan · nose nan (rel nan/aus nan) · invento 0.0000 · 0.2 s/paso  (calentando, sin abstencion)
  paso 2825 · perdida  1.8734 · GLOBAL 0.2500 · acierto 0.2500 · vigente 0.0000 · nose nan (rel nan/aus nan) · invento 0.0000 · 0.2 s/paso  (calentando, sin abstencion)
  paso 2850 · perdida  2.0445 · GLOBAL 0.5000 · acierto 0.5000 · vigente 1.0000 · nose nan (rel nan/aus nan) · invento 0.0000 · 0.2 s/paso  (calentando, sin abstencion)
  paso 2875 · perdida  1.6485 · GLOBAL 0.2500 · acierto 0.2500 · vigente 0.0000 · nose nan (rel nan/aus nan) · invento 0.0000 · 0.2 s/paso  (calentando, sin abstencion)
  paso 2900 · perdida  1.6547 · GLOBAL 0.2500 · acierto 0.2500 · vigente 0.0000 · nose nan (rel nan/aus nan) · invento 0.0000 · 0.2 s/paso  (calentando, sin abstencion)
  paso 2925 · perdida  1.7906 · GLOBAL 0.5000 · acierto 0.5000 · vigente 0.0000 · nose nan (rel nan/aus nan) · invento 0.0000 · 0.2 s/paso  (calentando, sin abstencion)
  paso 2950 · perdida  0.8575 · GLOBAL 0.5000 · acierto 0.5000 · vigente 0.0000 · nose nan (rel nan/aus nan) · invento 0.0000 · 0.2 s/paso  (calentando, sin abstencion)
  paso 2975 · perdida  1.0510 · GLOBAL 0.7500 · acierto 0.7500 · vigente 0.6667 · nose nan (rel nan/aus nan) · invento 0.0000 · 0.2 s/paso  (calentando, sin abstencion)
  paso 3000 · perdida  1.2265 · GLOBAL 0.7500 · acierto 0.7500 · vigente 1.0000 · nose nan (rel nan/aus nan) · invento 0.0000 · 0.2 s/paso  (calentando, sin abstencion)
  paso 3025 · perdida  1.1109 · GLOBAL 0.5000 · acierto 0.5000 · vigente 0.5000 · nose nan (rel nan/aus nan) · invento 0.0000 · 0.2 s/paso  (calentando, sin abstencion)
  paso 3050 · perdida  1.6983 · GLOBAL 0.2500 · acierto 0.2500 · vigente 0.0000 · nose nan (rel nan/aus nan) · invento 0.0000 · 0.2 s/paso  (calentando, sin abstencion)
  paso 3075 · perdida  2.7515 · GLOBAL 0.0000 · acierto 0.0000 · vigente 0.0000 · nose nan (rel nan/aus nan) · invento 0.0000 · 0.2 s/paso  (calentando, sin abstencion)
  paso 3100 · perdida  1.3611 · GLOBAL 0.5000 · acierto 0.5000 · vigente 0.0000 · nose nan (rel nan/aus nan) · invento 0.0000 · 0.2 s/paso  (calentando, sin abstencion)
  paso 3125 · perdida  0.9634 · GLOBAL 0.5000 · acierto 0.5000 · vigente 0.3333 · nose nan (rel nan/aus nan) · invento 0.0000 · 0.2 s/paso  (calentando, sin abstencion)
  paso 3150 · perdida  2.4632 · GLOBAL 0.0000 · acierto 0.0000 · vigente 0.0000 · nose nan (rel nan/aus nan) · invento 0.0000 · 0.2 s/paso  (calentando, sin abstencion)
  paso 3175 · perdida  0.8440 · GLOBAL 0.7500 · acierto 0.7500 · vigente 0.0000 · nose nan (rel nan/aus nan) · invento 0.0000 · 0.2 s/paso  (calentando, sin abstencion)
  paso 3200 · perdida  0.7587 · GLOBAL 0.7500 · acierto 0.7500 · vigente nan · nose nan (rel nan/aus nan) · invento 0.0000 · 0.2 s/paso  (calentando, sin abstencion)
  paso 3225 · perdida  1.7215 · GLOBAL 0.2500 · acierto 0.2500 · vigente 0.3333 · nose nan (rel nan/aus nan) · invento 0.0000 · 0.2 s/paso  (calentando, sin abstencion)
  paso 3250 · perdida  1.0553 · GLOBAL 0.7500 · acierto 0.7500 · vigente 1.0000 · nose nan (rel nan/aus nan) · invento 0.0000 · 0.2 s/paso  (calentando, sin abstencion)
  paso 3275 · perdida  1.8249 · GLOBAL 0.2500 · acierto 0.2500 · vigente 0.0000 · nose nan (rel nan/aus nan) · invento 0.0000 · 0.2 s/paso  (calentando, sin abstencion)
  paso 3300 · perdida  1.5593 · GLOBAL 0.5000 · acierto 0.5000 · vigente 0.5000 · nose nan (rel nan/aus nan) · invento 0.0000 · 0.2 s/paso  (calentando, sin abstencion)
  paso 3325 · perdida  2.6400 · GLOBAL 0.0000 · acierto 0.0000 · vigente 0.0000 · nose nan (rel nan/aus nan) · invento 0.0000 · 0.2 s/paso  (calentando, sin abstencion)
  paso 3350 · perdida  1.6491 · GLOBAL 0.2500 · acierto 0.2500 · vigente 0.3333 · nose nan (rel nan/aus nan) · invento 0.0000 · 0.2 s/paso  (calentando, sin abstencion)
  paso 3375 · perdida  1.0931 · GLOBAL 0.2500 · acierto 0.2500 · vigente 0.0000 · nose nan (rel nan/aus nan) · invento 0.0000 · 0.2 s/paso  (calentando, sin abstencion)
  paso 3400 · perdida  1.0571 · GLOBAL 0.7500 · acierto 0.7500 · vigente 1.0000 · nose nan (rel nan/aus nan) · invento 0.0000 · 0.2 s/paso  (calentando, sin abstencion)
  paso 3425 · perdida  1.8139 · GLOBAL 0.0000 · acierto 0.0000 · vigente 0.0000 · nose nan (rel nan/aus nan) · invento 0.0000 · 0.2 s/paso  (calentando, sin abstencion)
  paso 3450 · perdida  1.7999 · GLOBAL 0.2500 · acierto 0.2500 · vigente 0.0000 · nose nan (rel nan/aus nan) · invento 0.0000 · 0.2 s/paso  (calentando, sin abstencion)
  paso 3475 · perdida  0.4650 · GLOBAL 0.7500 · acierto 0.7500 · vigente 0.0000 · nose nan (rel nan/aus nan) · invento 0.0000 · 0.2 s/paso  (calentando, sin abstencion)
  paso 3500 · perdida  1.2374 · GLOBAL 0.7500 · acierto 0.7500 · vigente 0.0000 · nose nan (rel nan/aus nan) · invento 0.0000 · 0.2 s/paso  (calentando, sin abstencion)
  paso 3525 · perdida  1.9976 · GLOBAL 0.2500 · acierto 0.2500 · vigente 0.0000 · nose nan (rel nan/aus nan) · invento 0.0000 · 0.2 s/paso  (calentando, sin abstencion)
  paso 3550 · perdida  0.7617 · GLOBAL 0.7500 · acierto 0.7500 · vigente 0.5000 · nose nan (rel nan/aus nan) · invento 0.0000 · 0.2 s/paso  (calentando, sin abstencion)
  paso 3575 · perdida  1.6379 · GLOBAL 0.5000 · acierto 0.5000 · vigente 0.5000 · nose nan (rel nan/aus nan) · invento 0.0000 · 0.2 s/paso  (calentando, sin abstencion)
  paso 3600 · perdida  0.5359 · GLOBAL 0.7500 · acierto 0.7500 · vigente 0.0000 · nose nan (rel nan/aus nan) · invento 0.0000 · 0.2 s/paso  (calentando, sin abstencion)
  paso 3625 · perdida  1.4587 · GLOBAL 0.5000 · acierto 0.5000 · vigente 1.0000 · nose nan (rel nan/aus nan) · invento 0.0000 · 0.2 s/paso  (calentando, sin abstencion)
  paso 3650 · perdida  0.7722 · GLOBAL 0.7500 · acierto 0.7500 · vigente 0.6667 · nose nan (rel nan/aus nan) · invento 0.0000 · 0.2 s/paso  (calentando, sin abstencion)
  paso 3675 · perdida  0.6100 · GLOBAL 0.7500 · acierto 0.7500 · vigente 0.5000 · nose nan (rel nan/aus nan) · invento 0.0000 · 0.2 s/paso  (calentando, sin abstencion)
  paso 3700 · perdida  1.1297 · GLOBAL 0.5000 · acierto 0.5000 · vigente 1.0000 · nose nan (rel nan/aus nan) · invento 0.0000 · 0.2 s/paso  (calentando, sin abstencion)
  paso 3725 · perdida  1.1935 · GLOBAL 0.5000 · acierto 0.5000 · vigente 0.5000 · nose nan (rel nan/aus nan) · invento 0.0000 · 0.2 s/paso  (calentando, sin abstencion)
  paso 3750 · perdida  1.3257 · GLOBAL 0.5000 · acierto 0.5000 · vigente 0.0000 · nose nan (rel nan/aus nan) · invento 0.0000 · 0.2 s/paso  (calentando, sin abstencion)
  paso 3775 · perdida  0.4199 · GLOBAL 1.0000 · acierto 1.0000 · vigente 1.0000 · nose nan (rel nan/aus nan) · invento 0.0000 · 0.2 s/paso  (calentando, sin abstencion)
  paso 3800 · perdida  1.1591 · GLOBAL 0.5000 · acierto 0.5000 · vigente 0.0000 · nose nan (rel nan/aus nan) · invento 0.0000 · 0.2 s/paso  (calentando, sin abstencion)
  paso 3825 · perdida  0.5620 · GLOBAL 0.7500 · acierto 0.7500 · vigente 0.5000 · nose nan (rel nan/aus nan) · invento 0.0000 · 0.2 s/paso  (calentando, sin abstencion)
  paso 3850 · perdida  0.2526 · GLOBAL 1.0000 · acierto 1.0000 · vigente 1.0000 · nose nan (rel nan/aus nan) · invento 0.0000 · 0.2 s/paso  (calentando, sin abstencion)
  paso 3875 · perdida  0.8680 · GLOBAL 0.7500 · acierto 0.7500 · vigente 1.0000 · nose nan (rel nan/aus nan) · invento 0.0000 · 0.2 s/paso  (calentando, sin abstencion)
  paso 3900 · perdida  0.7254 · GLOBAL 0.7500 · acierto 0.7500 · vigente 0.5000 · nose nan (rel nan/aus nan) · invento 0.0000 · 0.2 s/paso  (calentando, sin abstencion)
  paso 3925 · perdida  0.2463 · GLOBAL 1.0000 · acierto 1.0000 · vigente 1.0000 · nose nan (rel nan/aus nan) · invento 0.0000 · 0.2 s/paso  (calentando, sin abstencion)
  paso 3950 · perdida  1.3955 · GLOBAL 0.5000 · acierto 0.5000 · vigente 0.0000 · nose nan (rel nan/aus nan) · invento 0.0000 · 0.2 s/paso  (calentando, sin abstencion)
  paso 3975 · perdida  0.5811 · GLOBAL 0.7500 · acierto 0.7500 · vigente nan · nose nan (rel nan/aus nan) · invento 0.0000 · 0.2 s/paso  (calentando, sin abstencion)
  paso 4000 · perdida  0.7157 · GLOBAL 0.7500 · acierto 0.7500 · vigente 1.0000 · nose nan (rel nan/aus nan) · invento 0.0000 · 0.2 s/paso  (calentando, sin abstencion)
  paso 4025 · perdida  0.3193 · GLOBAL 0.7500 · acierto 0.7500 · vigente 0.0000 · nose nan (rel nan/aus nan) · invento 0.0000 · 0.2 s/paso  (calentando, sin abstencion)
  paso 4050 · perdida  1.3893 · GLOBAL 0.5000 · acierto 0.5000 · vigente 0.3333 · nose nan (rel nan/aus nan) · invento 0.0000 · 0.2 s/paso  (calentando, sin abstencion)
  paso 4075 · perdida  0.4084 · GLOBAL 0.7500 · acierto 0.7500 · vigente 0.0000 · nose nan (rel nan/aus nan) · invento 0.0000 · 0.2 s/paso  (calentando, sin abstencion)
  paso 4100 · perdida  0.5667 · GLOBAL 0.7500 · acierto 0.7500 · vigente 1.0000 · nose nan (rel nan/aus nan) · invento 0.0000 · 0.2 s/paso  (calentando, sin abstencion)
  paso 4125 · perdida  0.8545 · GLOBAL 0.7500 · acierto 0.7500 · vigente 0.0000 · nose nan (rel nan/aus nan) · invento 0.0000 · 0.2 s/paso  (calentando, sin abstencion)
  paso 4150 · perdida  0.2401 · GLOBAL 1.0000 · acierto 1.0000 · vigente 1.0000 · nose nan (rel nan/aus nan) · invento 0.0000 · 0.2 s/paso  (calentando, sin abstencion)
  paso 4175 · perdida  0.2272 · GLOBAL 0.7500 · acierto 0.7500 · vigente 0.0000 · nose nan (rel nan/aus nan) · invento 0.0000 · 0.2 s/paso  (calentando, sin abstencion)
  paso 4200 · perdida  1.0327 · GLOBAL 0.5000 · acierto 0.5000 · vigente 0.0000 · nose nan (rel nan/aus nan) · invento 0.0000 · 0.2 s/paso  (calentando, sin abstencion)
  paso 4225 · perdida  0.9621 · GLOBAL 0.5000 · acierto 0.5000 · vigente 0.0000 · nose nan (rel nan/aus nan) · invento 0.0000 · 0.2 s/paso  (calentando, sin abstencion)
  paso 4250 · perdida  0.2928 · GLOBAL 1.0000 · acierto 1.0000 · vigente 1.0000 · nose nan (rel nan/aus nan) · invento 0.0000 · 0.2 s/paso  (calentando, sin abstencion)
  paso 4275 · perdida  2.1071 · GLOBAL 0.2500 · acierto 0.2500 · vigente 0.2500 · nose nan (rel nan/aus nan) · invento 0.0000 · 0.2 s/paso  (calentando, sin abstencion)
  paso 4300 · perdida  0.6647 · GLOBAL 0.7500 · acierto 0.7500 · vigente 1.0000 · nose nan (rel nan/aus nan) · invento 0.0000 · 0.2 s/paso  (calentando, sin abstencion)
  paso 4325 · perdida  0.2624 · GLOBAL 1.0000 · acierto 1.0000 · vigente 1.0000 · nose nan (rel nan/aus nan) · invento 0.0000 · 0.2 s/paso  (calentando, sin abstencion)
  paso 4350 · perdida  0.2057 · GLOBAL 1.0000 · acierto 1.0000 · vigente 1.0000 · nose nan (rel nan/aus nan) · invento 0.0000 · 0.2 s/paso  (calentando, sin abstencion)
  paso 4375 · perdida  1.2101 · GLOBAL 0.5000 · acierto 0.5000 · vigente 0.5000 · nose nan (rel nan/aus nan) · invento 0.0000 · 0.2 s/paso  (calentando, sin abstencion)
  paso 4400 · perdida  0.0584 · GLOBAL 1.0000 · acierto 1.0000 · vigente 1.0000 · nose nan (rel nan/aus nan) · invento 0.0000 · 0.2 s/paso  (calentando, sin abstencion)
  paso 4425 · perdida  0.5745 · GLOBAL 0.7500 · acierto 0.7500 · vigente 1.0000 · nose nan (rel nan/aus nan) · invento 0.0000 · 0.2 s/paso  (calentando, sin abstencion)
  paso 4450 · perdida  0.8171 · GLOBAL 0.7500 · acierto 0.7500 · vigente 1.0000 · nose nan (rel nan/aus nan) · invento 0.0000 · 0.2 s/paso  (calentando, sin abstencion)
  paso 4475 · perdida  1.1238 · GLOBAL 0.2500 · acierto 0.2500 · vigente 0.2500 · nose nan (rel nan/aus nan) · invento 0.0000 · 0.2 s/paso  (calentando, sin abstencion)
  paso 4500 · perdida  0.2135 · GLOBAL 1.0000 · acierto 1.0000 · vigente 1.0000 · nose nan (rel nan/aus nan) · invento 0.0000 · 0.2 s/paso  (calentando, sin abstencion)
  paso 4525 · perdida  0.4954 · GLOBAL 0.7500 · acierto 0.7500 · vigente 0.0000 · nose nan (rel nan/aus nan) · invento 0.0000 · 0.2 s/paso  (calentando, sin abstencion)
  paso 4550 · perdida  0.2279 · GLOBAL 1.0000 · acierto 1.0000 · vigente 1.0000 · nose nan (rel nan/aus nan) · invento 0.0000 · 0.2 s/paso  (calentando, sin abstencion)
  paso 4575 · perdida  0.3376 · GLOBAL 1.0000 · acierto 1.0000 · vigente nan · nose nan (rel nan/aus nan) · invento 0.0000 · 0.2 s/paso  (calentando, sin abstencion)
  paso 4600 · perdida  0.1122 · GLOBAL 1.0000 · acierto 1.0000 · vigente nan · nose nan (rel nan/aus nan) · invento 0.0000 · 0.2 s/paso  (calentando, sin abstencion)
  paso 4625 · perdida  0.5348 · GLOBAL 0.7500 · acierto 0.7500 · vigente 0.6667 · nose nan (rel nan/aus nan) · invento 0.0000 · 0.2 s/paso  (calentando, sin abstencion)
  paso 4650 · perdida  0.4126 · GLOBAL 0.7500 · acierto 0.7500 · vigente 0.0000 · nose nan (rel nan/aus nan) · invento 0.0000 · 0.2 s/paso  (calentando, sin abstencion)
  paso 4675 · perdida  0.3397 · GLOBAL 1.0000 · acierto 1.0000 · vigente 1.0000 · nose nan (rel nan/aus nan) · invento 0.0000 · 0.2 s/paso  (calentando, sin abstencion)
  paso 4700 · perdida  0.6371 · GLOBAL 0.5000 · acierto 0.5000 · vigente 0.3333 · nose nan (rel nan/aus nan) · invento 0.0000 · 0.2 s/paso  (calentando, sin abstencion)
  paso 4725 · perdida  0.3434 · GLOBAL 1.0000 · acierto 1.0000 · vigente 1.0000 · nose nan (rel nan/aus nan) · invento 0.0000 · 0.2 s/paso  (calentando, sin abstencion)
  paso 4750 · perdida  0.7050 · GLOBAL 0.5000 · acierto 0.5000 · vigente 0.5000 · nose nan (rel nan/aus nan) · invento 0.0000 · 0.2 s/paso  (calentando, sin abstencion)
  paso 4775 · perdida  1.7264 · GLOBAL 0.5000 · acierto 0.5000 · vigente 0.5000 · nose nan (rel nan/aus nan) · invento 0.0000 · 0.2 s/paso  (calentando, sin abstencion)
  paso 4800 · perdida  0.3075 · GLOBAL 1.0000 · acierto 1.0000 · vigente nan · nose nan (rel nan/aus nan) · invento 0.0000 · 0.2 s/paso  (calentando, sin abstencion)
  paso 4825 · perdida  0.3673 · GLOBAL 0.7500 · acierto 0.7500 · vigente 1.0000 · nose nan (rel nan/aus nan) · invento 0.0000 · 0.2 s/paso  (calentando, sin abstencion)
  paso 4850 · perdida  0.0199 · GLOBAL 1.0000 · acierto 1.0000 · vigente 1.0000 · nose nan (rel nan/aus nan) · invento 0.0000 · 0.2 s/paso  (calentando, sin abstencion)
  paso 4875 · perdida  0.0153 · GLOBAL 1.0000 · acierto 1.0000 · vigente 1.0000 · nose nan (rel nan/aus nan) · invento 0.0000 · 0.2 s/paso  (calentando, sin abstencion)
  paso 4900 · perdida  0.3582 · GLOBAL 0.7500 · acierto 0.7500 · vigente 1.0000 · nose nan (rel nan/aus nan) · invento 0.0000 · 0.2 s/paso  (calentando, sin abstencion)
  paso 4925 · perdida  1.1224 · GLOBAL 0.7500 · acierto 0.7500 · vigente 0.6667 · nose nan (rel nan/aus nan) · invento 0.0000 · 0.2 s/paso  (calentando, sin abstencion)
  paso 4950 · perdida  0.1492 · GLOBAL 1.0000 · acierto 1.0000 · vigente 1.0000 · nose nan (rel nan/aus nan) · invento 0.0000 · 0.2 s/paso  (calentando, sin abstencion)
  paso 4975 · perdida  0.6839 · GLOBAL 0.7500 · acierto 0.7500 · vigente 0.5000 · nose nan (rel nan/aus nan) · invento 0.0000 · 0.2 s/paso  (calentando, sin abstencion)
  paso 5000 · perdida  0.1499 · GLOBAL 1.0000 · acierto 1.0000 · vigente 1.0000 · nose nan (rel nan/aus nan) · invento 0.0000 · 0.2 s/paso  (calentando, sin abstencion)
  paso 5025 · perdida  0.2351 · GLOBAL 0.7500 · acierto 0.7500 · vigente 0.5000 · nose nan (rel nan/aus nan) · invento 0.0000 · 0.2 s/paso  (calentando, sin abstencion)
  paso 5050 · perdida  0.7848 · GLOBAL 0.7500 · acierto 0.7500 · vigente 0.6667 · nose nan (rel nan/aus nan) · invento 0.0000 · 0.2 s/paso  (calentando, sin abstencion)
  paso 5075 · perdida  0.0497 · GLOBAL 1.0000 · acierto 1.0000 · vigente 1.0000 · nose nan (rel nan/aus nan) · invento 0.0000 · 0.2 s/paso  (calentando, sin abstencion)
  paso 5100 · perdida  0.4514 · GLOBAL 0.7500 · acierto 0.7500 · vigente 0.5000 · nose nan (rel nan/aus nan) · invento 0.0000 · 0.2 s/paso  (calentando, sin abstencion)
  paso 5125 · perdida  0.0893 · GLOBAL 1.0000 · acierto 1.0000 · vigente 1.0000 · nose nan (rel nan/aus nan) · invento 0.0000 · 0.2 s/paso  (calentando, sin abstencion)
  paso 5150 · perdida  2.1216 · GLOBAL 0.5000 · acierto 0.5000 · vigente 1.0000 · nose nan (rel nan/aus nan) · invento 0.0000 · 0.2 s/paso  (calentando, sin abstencion)
  paso 5175 · perdida  0.0842 · GLOBAL 1.0000 · acierto 1.0000 · vigente 1.0000 · nose nan (rel nan/aus nan) · invento 0.0000 · 0.2 s/paso  (calentando, sin abstencion)
  paso 5200 · perdida  0.1384 · GLOBAL 1.0000 · acierto 1.0000 · vigente nan · nose nan (rel nan/aus nan) · invento 0.0000 · 0.2 s/paso  (calentando, sin abstencion)
  paso 5225 · perdida  0.0048 · GLOBAL 1.0000 · acierto 1.0000 · vigente nan · nose nan (rel nan/aus nan) · invento 0.0000 · 0.2 s/paso  (calentando, sin abstencion)
  paso 5250 · perdida  0.6276 · GLOBAL 0.7500 · acierto 0.7500 · vigente 0.0000 · nose nan (rel nan/aus nan) · invento 0.0000 · 0.2 s/paso  (calentando, sin abstencion)
  paso 5275 · perdida  0.0869 · GLOBAL 1.0000 · acierto 1.0000 · vigente 1.0000 · nose nan (rel nan/aus nan) · invento 0.0000 · 0.2 s/paso  (calentando, sin abstencion)
  paso 5300 · perdida  2.3027 · GLOBAL 0.2500 · acierto 0.2500 · vigente 0.0000 · nose nan (rel nan/aus nan) · invento 0.0000 · 0.2 s/paso  (calentando, sin abstencion)
  paso 5325 · perdida  0.0929 · GLOBAL 1.0000 · acierto 1.0000 · vigente 1.0000 · nose nan (rel nan/aus nan) · invento 0.0000 · 0.2 s/paso  (calentando, sin abstencion)
  paso 5350 · perdida  1.1669 · GLOBAL 0.7500 · acierto 0.7500 · vigente 0.7500 · nose nan (rel nan/aus nan) · invento 0.0000 · 0.2 s/paso  (calentando, sin abstencion)
  paso 5375 · perdida  0.1866 · GLOBAL 1.0000 · acierto 1.0000 · vigente 1.0000 · nose nan (rel nan/aus nan) · invento 0.0000 · 0.2 s/paso  (calentando, sin abstencion)
  paso 5400 · perdida  0.3887 · GLOBAL 0.7500 · acierto 0.7500 · vigente nan · nose nan (rel nan/aus nan) · invento 0.0000 · 0.2 s/paso  (calentando, sin abstencion)
  paso 5425 · perdida  0.0358 · GLOBAL 1.0000 · acierto 1.0000 · vigente nan · nose nan (rel nan/aus nan) · invento 0.0000 · 0.2 s/paso  (calentando, sin abstencion)
  paso 5450 · perdida  1.2482 · GLOBAL 0.7500 · acierto 0.7500 · vigente 0.5000 · nose nan (rel nan/aus nan) · invento 0.0000 · 0.2 s/paso  (calentando, sin abstencion)
  paso 5475 · perdida  0.1591 · GLOBAL 1.0000 · acierto 1.0000 · vigente 1.0000 · nose nan (rel nan/aus nan) · invento 0.0000 · 0.2 s/paso  (calentando, sin abstencion)
  paso 5500 · perdida  0.4664 · GLOBAL 0.7500 · acierto 0.7500 · vigente 0.0000 · nose nan (rel nan/aus nan) · invento 0.0000 · 0.2 s/paso  (calentando, sin abstencion)
  paso 5525 · perdida  0.0146 · GLOBAL 1.0000 · acierto 1.0000 · vigente nan · nose nan (rel nan/aus nan) · invento 0.0000 · 0.2 s/paso  (calentando, sin abstencion)
  paso 5550 · perdida  0.6390 · GLOBAL 0.7500 · acierto 0.7500 · vigente 0.6667 · nose nan (rel nan/aus nan) · invento 0.0000 · 0.2 s/paso  (calentando, sin abstencion)
  paso 5575 · perdida  0.8279 · GLOBAL 0.7500 · acierto 0.7500 · vigente 0.6667 · nose nan (rel nan/aus nan) · invento 0.0000 · 0.2 s/paso  (calentando, sin abstencion)
  paso 5600 · perdida  0.2446 · GLOBAL 1.0000 · acierto 1.0000 · vigente 1.0000 · nose nan (rel nan/aus nan) · invento 0.0000 · 0.2 s/paso  (calentando, sin abstencion)
  paso 5625 · perdida  0.4259 · GLOBAL 0.7500 · acierto 0.7500 · vigente 0.5000 · nose nan (rel nan/aus nan) · invento 0.0000 · 0.2 s/paso  (calentando, sin abstencion)
  paso 5650 · perdida  0.3021 · GLOBAL 0.7500 · acierto 0.7500 · vigente 0.5000 · nose nan (rel nan/aus nan) · invento 0.0000 · 0.2 s/paso  (calentando, sin abstencion)
  paso 5675 · perdida  0.3112 · GLOBAL 0.7500 · acierto 0.7500 · vigente 0.0000 · nose nan (rel nan/aus nan) · invento 0.0000 · 0.2 s/paso  (calentando, sin abstencion)
  paso 5700 · perdida  1.1717 · GLOBAL 0.7500 · acierto 0.7500 · vigente 0.5000 · nose nan (rel nan/aus nan) · invento 0.0000 · 0.2 s/paso  (calentando, sin abstencion)
  paso 5725 · perdida  0.2043 · GLOBAL 1.0000 · acierto 1.0000 · vigente nan · nose nan (rel nan/aus nan) · invento 0.0000 · 0.2 s/paso  (calentando, sin abstencion)
  paso 5750 · perdida  0.1435 · GLOBAL 1.0000 · acierto 1.0000 · vigente 1.0000 · nose nan (rel nan/aus nan) · invento 0.0000 · 0.2 s/paso  (calentando, sin abstencion)
  paso 5775 · perdida  0.2213 · GLOBAL 1.0000 · acierto 1.0000 · vigente 1.0000 · nose nan (rel nan/aus nan) · invento 0.0000 · 0.2 s/paso  (calentando, sin abstencion)
  paso 5800 · perdida  0.1148 · GLOBAL 1.0000 · acierto 1.0000 · vigente 1.0000 · nose nan (rel nan/aus nan) · invento 0.0000 · 0.2 s/paso  (calentando, sin abstencion)
  paso 5825 · perdida  0.0071 · GLOBAL 1.0000 · acierto 1.0000 · vigente nan · nose nan (rel nan/aus nan) · invento 0.0000 · 0.2 s/paso  (calentando, sin abstencion)
  paso 5850 · perdida  1.0134 · GLOBAL 0.5000 · acierto 0.5000 · vigente 0.0000 · nose nan (rel nan/aus nan) · invento 0.0000 · 0.2 s/paso  (calentando, sin abstencion)
  paso 5875 · perdida  0.0098 · GLOBAL 1.0000 · acierto 1.0000 · vigente 1.0000 · nose nan (rel nan/aus nan) · invento 0.0000 · 0.2 s/paso  (calentando, sin abstencion)
  paso 5900 · perdida  0.0312 · GLOBAL 1.0000 · acierto 1.0000 · vigente 1.0000 · nose nan (rel nan/aus nan) · invento 0.0000 · 0.2 s/paso  (calentando, sin abstencion)
  paso 5925 · perdida  0.2365 · GLOBAL 0.7500 · acierto 0.7500 · vigente 0.5000 · nose nan (rel nan/aus nan) · invento 0.0000 · 0.2 s/paso  (calentando, sin abstencion)
  paso 5950 · perdida  0.1743 · GLOBAL 1.0000 · acierto 1.0000 · vigente nan · nose nan (rel nan/aus nan) · invento 0.0000 · 0.2 s/paso  (calentando, sin abstencion)
  paso 5975 · perdida  0.0998 · GLOBAL 1.0000 · acierto 1.0000 · vigente 1.0000 · nose nan (rel nan/aus nan) · invento 0.0000 · 0.2 s/paso  (calentando, sin abstencion)
  paso 6000 · perdida  0.6429 · GLOBAL 0.7500 · acierto 0.7500 · vigente 1.0000 · nose nan (rel nan/aus nan) · invento 0.0000 · 0.2 s/paso  (calentando, sin abstencion)
  paso 6025 · perdida  9.8188 · GLOBAL 0.0000 · acierto 0.0000 · vigente nan · nose 0.0000 (rel 0.00/aus nan) · invento 0.0000 · 0.2 s/paso
  paso 6050 · perdida  8.1275 · GLOBAL 0.2500 · acierto 0.2500 · vigente nan · nose nan (rel nan/aus nan) · invento 0.0000 · 0.2 s/paso
  paso 6075 · perdida  0.2802 · GLOBAL 1.0000 · acierto nan · vigente nan · nose 1.0000 (rel 1.00/aus 1.00) · invento 0.0000 · 0.2 s/paso
  paso 6100 · perdida  1.1727 · GLOBAL 0.7500 · acierto 1.0000 · vigente 1.0000 · nose 0.0000 (rel nan/aus 0.00) · invento 1.0000 · 0.2 s/paso
  paso 6125 · perdida  1.1961 · GLOBAL 0.7500 · acierto 0.5000 · vigente 0.0000 · nose 1.0000 (rel 1.00/aus 1.00) · invento 0.0000 · 0.2 s/paso
  paso 6150 · perdida  1.5906 · GLOBAL 0.5000 · acierto 0.3333 · vigente 1.0000 · nose 1.0000 (rel nan/aus 1.00) · invento 0.0000 · 0.2 s/paso
  paso 6175 · perdida  1.4243 · GLOBAL 0.2500 · acierto 0.0000 · vigente nan · nose 1.0000 (rel nan/aus 1.00) · invento 0.0000 · 0.2 s/paso
  paso 6200 · perdida  1.0951 · GLOBAL 0.5000 · acierto 0.0000 · vigente 0.0000 · nose 1.0000 (rel 1.00/aus 1.00) · invento 0.0000 · 0.2 s/paso
  paso 6225 · perdida  0.8236 · GLOBAL 0.7500 · acierto 1.0000 · vigente 1.0000 · nose 0.5000 (rel 0.00/aus 1.00) · invento 0.5000 · 0.2 s/paso
  paso 6250 · perdida  0.4272 · GLOBAL 1.0000 · acierto 1.0000 · vigente nan · nose 1.0000 (rel nan/aus 1.00) · invento 0.0000 · 0.2 s/paso
  paso 6275 · perdida  1.7811 · GLOBAL 0.2500 · acierto 1.0000 · vigente nan · nose 0.0000 (rel 0.00/aus nan) · invento 1.0000 · 0.2 s/paso
  paso 6300 · perdida  1.4876 · GLOBAL 0.2500 · acierto 0.0000 · vigente 0.0000 · nose 1.0000 (rel nan/aus 1.00) · invento 0.0000 · 0.2 s/paso
  paso 6325 · perdida  0.7142 · GLOBAL 0.7500 · acierto 0.6667 · vigente nan · nose 1.0000 (rel nan/aus 1.00) · invento 0.0000 · 0.2 s/paso
  paso 6350 · perdida  1.1073 · GLOBAL 0.5000 · acierto 1.0000 · vigente 1.0000 · nose 0.0000 (rel nan/aus 0.00) · invento 1.0000 · 0.2 s/paso
  paso 6375 · perdida  1.2103 · GLOBAL 0.2500 · acierto 0.2500 · vigente 1.0000 · nose nan (rel nan/aus nan) · invento 0.0000 · 0.2 s/paso
  paso 6400 · perdida  0.6368 · GLOBAL 0.7500 · acierto 0.5000 · vigente nan · nose 1.0000 (rel 1.00/aus 1.00) · invento 0.0000 · 0.2 s/paso
  paso 6425 · perdida  0.8486 · GLOBAL 0.5000 · acierto 0.5000 · vigente 0.0000 · nose 0.5000 (rel 1.00/aus 0.00) · invento 0.5000 · 0.2 s/paso
  paso 6450 · perdida  1.1925 · GLOBAL 0.5000 · acierto 0.0000 · vigente 0.0000 · nose 1.0000 (rel 1.00/aus nan) · invento 0.0000 · 0.2 s/paso
  paso 6475 · perdida  1.2457 · GLOBAL 0.5000 · acierto 0.5000 · vigente 0.5000 · nose 0.5000 (rel 1.00/aus 0.00) · invento 0.5000 · 0.2 s/paso
  paso 6500 · perdida  0.7589 · GLOBAL 0.7500 · acierto 1.0000 · vigente 1.0000 · nose 0.0000 (rel 0.00/aus nan) · invento 1.0000 · 0.2 s/paso
  paso 6525 · perdida  1.9466 · GLOBAL 0.2500 · acierto 0.0000 · vigente 0.0000 · nose 1.0000 (rel nan/aus 1.00) · invento 0.0000 · 0.2 s/paso
  paso 6550 · perdida  0.5717 · GLOBAL 0.7500 · acierto 0.0000 · vigente 0.0000 · nose 1.0000 (rel 1.00/aus 1.00) · invento 0.0000 · 0.2 s/paso
  paso 6575 · perdida  0.5083 · GLOBAL 1.0000 · acierto 1.0000 · vigente 1.0000 · nose 1.0000 (rel 1.00/aus 1.00) · invento 0.0000 · 0.2 s/paso
  paso 6600 · perdida  0.8518 · GLOBAL 0.7500 · acierto 1.0000 · vigente nan · nose 0.5000 (rel 0.00/aus 1.00) · invento 0.5000 · 0.2 s/paso
  paso 6625 · perdida  0.3958 · GLOBAL 1.0000 · acierto 1.0000 · vigente nan · nose nan (rel nan/aus nan) · invento 0.0000 · 0.2 s/paso
  paso 6650 · perdida  0.7293 · GLOBAL 1.0000 · acierto 1.0000 · vigente nan · nose 1.0000 (rel 1.00/aus nan) · invento 0.0000 · 0.2 s/paso
  paso 6675 · perdida  1.4124 · GLOBAL 0.5000 · acierto 0.6667 · vigente 0.0000 · nose 0.0000 (rel nan/aus 0.00) · invento 1.0000 · 0.2 s/paso
  paso 6700 · perdida  0.4304 · GLOBAL 1.0000 · acierto 1.0000 · vigente 1.0000 · nose 1.0000 (rel 1.00/aus nan) · invento 0.0000 · 0.2 s/paso
  paso 6725 · perdida  1.0348 · GLOBAL 0.7500 · acierto 0.7500 · vigente 0.5000 · nose nan (rel nan/aus nan) · invento 0.0000 · 0.2 s/paso
  paso 6750 · perdida  2.9484 · GLOBAL 0.0000 · acierto 0.0000 · vigente 0.0000 · nose 0.0000 (rel 0.00/aus 0.00) · invento 1.0000 · 0.2 s/paso
  paso 6775 · perdida  1.2109 · GLOBAL 0.5000 · acierto 0.5000 · vigente nan · nose 0.5000 (rel 1.00/aus 0.00) · invento 0.5000 · 0.2 s/paso
  paso 6800 · perdida  0.6856 · GLOBAL 0.7500 · acierto 1.0000 · vigente nan · nose 0.5000 (rel 0.50/aus nan) · invento 0.5000 · 0.2 s/paso
  paso 6825 · perdida  0.5312 · GLOBAL 0.7500 · acierto 0.7500 · vigente 0.5000 · nose nan (rel nan/aus nan) · invento 0.0000 · 0.2 s/paso
  paso 6850 · perdida  1.0279 · GLOBAL 0.5000 · acierto 0.5000 · vigente 0.3333 · nose nan (rel nan/aus nan) · invento 0.0000 · 0.2 s/paso
  paso 6875 · perdida  1.4634 · GLOBAL 0.2500 · acierto 0.0000 · vigente 0.0000 · nose 0.5000 (rel 0.00/aus 1.00) · invento 0.5000 · 0.2 s/paso
  paso 6900 · perdida  0.4614 · GLOBAL 1.0000 · acierto 1.0000 · vigente 1.0000 · nose nan (rel nan/aus nan) · invento 0.0000 · 0.2 s/paso
  paso 6925 · perdida  0.4058 · GLOBAL 0.7500 · acierto 0.6667 · vigente nan · nose 1.0000 (rel nan/aus 1.00) · invento 0.0000 · 0.2 s/paso
  paso 6950 · perdida  0.9244 · GLOBAL 0.5000 · acierto 0.5000 · vigente 1.0000 · nose 0.5000 (rel 1.00/aus 0.00) · invento 0.5000 · 0.2 s/paso
  paso 6975 · perdida  0.7314 · GLOBAL 0.7500 · acierto 1.0000 · vigente nan · nose 0.5000 (rel 1.00/aus 0.00) · invento 0.5000 · 0.2 s/paso
  paso 7000 · perdida  1.3113 · GLOBAL 0.5000 · acierto 0.5000 · vigente 0.0000 · nose 0.5000 (rel nan/aus 0.50) · invento 0.5000 · 0.2 s/paso
  paso 7025 · perdida  0.8556 · GLOBAL 0.7500 · acierto 1.0000 · vigente nan · nose 0.0000 (rel 0.00/aus nan) · invento 1.0000 · 0.2 s/paso
  paso 7050 · perdida  1.0018 · GLOBAL 0.5000 · acierto 0.3333 · vigente 0.0000 · nose 1.0000 (rel nan/aus 1.00) · invento 0.0000 · 0.2 s/paso
  paso 7075 · perdida  0.3279 · GLOBAL 1.0000 · acierto 1.0000 · vigente 1.0000 · nose 1.0000 (rel 1.00/aus nan) · invento 0.0000 · 0.2 s/paso
  paso 7100 · perdida  1.5119 · GLOBAL 0.2500 · acierto 0.0000 · vigente 0.0000 · nose 1.0000 (rel nan/aus 1.00) · invento 0.0000 · 0.2 s/paso
  paso 7125 · perdida  0.7532 · GLOBAL 0.7500 · acierto 1.0000 · vigente nan · nose 0.5000 (rel 1.00/aus 0.00) · invento 0.5000 · 0.2 s/paso
  paso 7150 · perdida  1.0611 · GLOBAL 0.7500 · acierto 0.5000 · vigente nan · nose 1.0000 (rel 1.00/aus nan) · invento 0.0000 · 0.2 s/paso
  paso 7175 · perdida  0.9434 · GLOBAL 0.7500 · acierto 0.6667 · vigente 0.5000 · nose 1.0000 (rel nan/aus 1.00) · invento 0.0000 · 0.2 s/paso
  paso 7200 · perdida  0.8377 · GLOBAL 0.5000 · acierto 0.3333 · vigente 0.0000 · nose 1.0000 (rel 1.00/aus nan) · invento 0.0000 · 0.2 s/paso
  paso 7225 · perdida  1.1893 · GLOBAL 0.2500 · acierto 1.0000 · vigente nan · nose 0.0000 (rel 0.00/aus 0.00) · invento 1.0000 · 0.2 s/paso
  paso 7250 · perdida  0.5574 · GLOBAL 0.7500 · acierto 0.6667 · vigente 0.5000 · nose 1.0000 (rel nan/aus 1.00) · invento 0.0000 · 0.2 s/paso
  paso 7275 · perdida  0.8507 · GLOBAL 0.7500 · acierto 0.6667 · vigente 0.0000 · nose 1.0000 (rel 1.00/aus nan) · invento 0.0000 · 0.2 s/paso
  paso 7300 · perdida  0.5457 · GLOBAL 0.7500 · acierto 0.0000 · vigente nan · nose 1.0000 (rel 1.00/aus 1.00) · invento 0.0000 · 0.2 s/paso
  paso 7325 · perdida  1.9187 · GLOBAL 0.5000 · acierto 0.0000 · vigente 0.0000 · nose 1.0000 (rel nan/aus 1.00) · invento 0.0000 · 0.2 s/paso
  paso 7350 · perdida  1.0748 · GLOBAL 0.2500 · acierto 0.5000 · vigente 1.0000 · nose 0.0000 (rel nan/aus 0.00) · invento 1.0000 · 0.2 s/paso
  paso 7375 · perdida  0.9919 · GLOBAL 0.5000 · acierto 0.5000 · vigente 0.0000 · nose nan (rel nan/aus nan) · invento 0.0000 · 0.2 s/paso
  paso 7400 · perdida  0.3480 · GLOBAL 0.7500 · acierto nan · vigente nan · nose 0.7500 (rel 0.50/aus 1.00) · invento 0.2500 · 0.2 s/paso
  paso 7425 · perdida  0.5719 · GLOBAL 0.7500 · acierto 1.0000 · vigente nan · nose 0.0000 (rel 0.00/aus nan) · invento 1.0000 · 0.2 s/paso
  paso 7450 · perdida  0.4769 · GLOBAL 1.0000 · acierto 1.0000 · vigente nan · nose 1.0000 (rel nan/aus 1.00) · invento 0.0000 · 0.2 s/paso
  paso 7475 · perdida  1.3023 · GLOBAL 0.5000 · acierto 0.3333 · vigente 0.0000 · nose 1.0000 (rel 1.00/aus nan) · invento 0.0000 · 0.2 s/paso
  paso 7500 · perdida  0.7186 · GLOBAL 0.5000 · acierto 0.5000 · vigente nan · nose 0.5000 (rel 1.00/aus 0.00) · invento 0.5000 · 0.2 s/paso
  paso 7525 · perdida  0.8773 · GLOBAL 0.5000 · acierto 0.0000 · vigente nan · nose 0.6667 (rel 0.67/aus nan) · invento 0.3333 · 0.2 s/paso
  paso 7550 · perdida  0.5235 · GLOBAL 0.7500 · acierto 1.0000 · vigente nan · nose 0.6667 (rel 1.00/aus 0.50) · invento 0.3333 · 0.2 s/paso
  paso 7575 · perdida  1.2302 · GLOBAL 0.2500 · acierto 0.2500 · vigente 0.0000 · nose nan (rel nan/aus nan) · invento 0.0000 · 0.2 s/paso
  paso 7600 · perdida  0.8595 · GLOBAL 0.5000 · acierto 0.6667 · vigente 1.0000 · nose 0.0000 (rel 0.00/aus nan) · invento 1.0000 · 0.2 s/paso
  paso 7625 · perdida  1.6059 · GLOBAL 0.2500 · acierto 0.0000 · vigente 0.0000 · nose 1.0000 (rel nan/aus 1.00) · invento 0.0000 · 0.2 s/paso
  paso 7650 · perdida  0.5443 · GLOBAL 0.7500 · acierto 0.6667 · vigente 0.0000 · nose 1.0000 (rel 1.00/aus nan) · invento 0.0000 · 0.2 s/paso
  paso 7675 · perdida  0.8605 · GLOBAL 0.2500 · acierto 0.5000 · vigente 0.0000 · nose 0.0000 (rel 0.00/aus 0.00) · invento 1.0000 · 0.2 s/paso
  paso 7700 · perdida  1.0897 · GLOBAL 0.5000 · acierto 1.0000 · vigente nan · nose 0.3333 (rel 0.50/aus 0.00) · invento 0.6667 · 0.2 s/paso
  paso 7725 · perdida  0.9005 · GLOBAL 0.2500 · acierto 0.2500 · vigente 0.3333 · nose nan (rel nan/aus nan) · invento 0.0000 · 0.2 s/paso
  paso 7750 · perdida  0.5897 · GLOBAL 0.7500 · acierto 0.7500 · vigente 0.5000 · nose nan (rel nan/aus nan) · invento 0.0000 · 0.2 s/paso
  paso 7775 · perdida  0.1577 · GLOBAL 1.0000 · acierto 1.0000 · vigente nan · nose nan (rel nan/aus nan) · invento 0.0000 · 0.2 s/paso
  paso 7800 · perdida  0.5461 · GLOBAL 0.7500 · acierto 1.0000 · vigente nan · nose 0.5000 (rel nan/aus 0.50) · invento 0.5000 · 0.2 s/paso
  paso 7825 · perdida  0.6801 · GLOBAL 1.0000 · acierto 1.0000 · vigente nan · nose 1.0000 (rel nan/aus 1.00) · invento 0.0000 · 0.2 s/paso
  paso 7850 · perdida  1.0410 · GLOBAL 0.5000 · acierto 0.5000 · vigente nan · nose 0.5000 (rel 1.00/aus 0.00) · invento 0.5000 · 0.2 s/paso
  paso 7875 · perdida  1.3610 · GLOBAL 0.2500 · acierto 0.2500 · vigente 0.0000 · nose nan (rel nan/aus nan) · invento 0.0000 · 0.2 s/paso
  paso 7900 · perdida  1.1426 · GLOBAL 0.5000 · acierto 0.3333 · vigente 0.5000 · nose 1.0000 (rel nan/aus 1.00) · invento 0.0000 · 0.2 s/paso
  paso 7925 · perdida  1.6821 · GLOBAL 0.2500 · acierto 0.0000 · vigente 0.0000 · nose 1.0000 (rel 1.00/aus nan) · invento 0.0000 · 0.2 s/paso
  paso 7950 · perdida  0.4465 · GLOBAL 0.7500 · acierto 0.7500 · vigente nan · nose nan (rel nan/aus nan) · invento 0.0000 · 0.2 s/paso
  paso 7975 · perdida  0.2513 · GLOBAL 1.0000 · acierto 1.0000 · vigente nan · nose 1.0000 (rel nan/aus 1.00) · invento 0.0000 · 0.2 s/paso
  paso 8000 · perdida  1.5085 · GLOBAL 0.5000 · acierto 0.0000 · vigente 0.0000 · nose 1.0000 (rel 1.00/aus 1.00) · invento 0.0000 · 0.2 s/paso
  paso 8025 · perdida  0.4945 · GLOBAL 0.7500 · acierto 1.0000 · vigente nan · nose 0.5000 (rel 0.50/aus nan) · invento 0.5000 · 0.2 s/paso
  paso 8050 · perdida  0.4925 · GLOBAL 0.7500 · acierto 1.0000 · vigente nan · nose 0.0000 (rel nan/aus 0.00) · invento 1.0000 · 0.2 s/paso
  paso 8075 · perdida  0.8008 · GLOBAL 0.5000 · acierto 0.6667 · vigente 0.0000 · nose 0.0000 (rel nan/aus 0.00) · invento 1.0000 · 0.2 s/paso
  paso 8100 · perdida  0.8241 · GLOBAL 0.7500 · acierto 0.5000 · vigente 0.0000 · nose 1.0000 (rel nan/aus 1.00) · invento 0.0000 · 0.2 s/paso
  paso 8125 · perdida  0.5296 · GLOBAL 0.7500 · acierto 1.0000 · vigente nan · nose 0.0000 (rel nan/aus 0.00) · invento 1.0000 · 0.2 s/paso
  paso 8150 · perdida  0.0934 · GLOBAL 1.0000 · acierto 1.0000 · vigente 1.0000 · nose nan (rel nan/aus nan) · invento 0.0000 · 0.2 s/paso
  paso 8175 · perdida  0.8447 · GLOBAL 0.5000 · acierto 1.0000 · vigente nan · nose 0.3333 (rel 0.00/aus 0.50) · invento 0.6667 · 0.2 s/paso
  paso 8200 · perdida  0.8625 · GLOBAL 0.5000 · acierto 0.6667 · vigente 0.0000 · nose 0.0000 (rel 0.00/aus nan) · invento 1.0000 · 0.2 s/paso
  paso 8225 · perdida  1.2092 · GLOBAL 0.5000 · acierto 0.0000 · vigente 0.0000 · nose 1.0000 (rel 1.00/aus nan) · invento 0.0000 · 0.2 s/paso
  paso 8250 · perdida  1.2473 · GLOBAL 0.5000 · acierto 0.5000 · vigente 0.0000 · nose 0.5000 (rel nan/aus 0.50) · invento 0.5000 · 0.2 s/paso
  paso 8275 · perdida  1.1369 · GLOBAL 0.2500 · acierto 1.0000 · vigente nan · nose 0.0000 (rel 0.00/aus 0.00) · invento 1.0000 · 0.2 s/paso
  paso 8300 · perdida  0.8630 · GLOBAL 0.5000 · acierto 0.3333 · vigente 0.0000 · nose 1.0000 (rel nan/aus 1.00) · invento 0.0000 · 0.2 s/paso
  paso 8325 · perdida  2.0014 · GLOBAL 0.5000 · acierto 0.3333 · vigente 0.0000 · nose 1.0000 (rel 1.00/aus nan) · invento 0.0000 · 0.2 s/paso
  paso 8350 · perdida  0.7331 · GLOBAL 0.7500 · acierto 1.0000 · vigente nan · nose 0.0000 (rel 0.00/aus nan) · invento 1.0000 · 0.2 s/paso
  paso 8375 · perdida  0.4237 · GLOBAL 1.0000 · acierto 1.0000 · vigente nan · nose 1.0000 (rel 1.00/aus 1.00) · invento 0.0000 · 0.2 s/paso
  paso 8400 · perdida  0.7409 · GLOBAL 0.7500 · acierto 0.0000 · vigente 0.0000 · nose 1.0000 (rel 1.00/aus 1.00) · invento 0.0000 · 0.2 s/paso
  paso 8425 · perdida  0.3932 · GLOBAL 0.7500 · acierto 0.6667 · vigente nan · nose 1.0000 (rel nan/aus 1.00) · invento 0.0000 · 0.2 s/paso
  paso 8450 · perdida  0.7177 · GLOBAL 0.7500 · acierto 0.5000 · vigente 0.5000 · nose 1.0000 (rel nan/aus 1.00) · invento 0.0000 · 0.2 s/paso
  paso 8475 · perdida  0.4269 · GLOBAL 0.7500 · acierto 0.6667 · vigente 0.0000 · nose 1.0000 (rel 1.00/aus nan) · invento 0.0000 · 0.2 s/paso
  paso 8500 · perdida  0.5821 · GLOBAL 0.7500 · acierto 0.6667 · vigente 1.0000 · nose 1.0000 (rel nan/aus 1.00) · invento 0.0000 · 0.2 s/paso
  paso 8525 · perdida  0.7064 · GLOBAL 0.7500 · acierto 0.7500 · vigente 0.5000 · nose nan (rel nan/aus nan) · invento 0.0000 · 0.2 s/paso
  paso 8550 · perdida  0.7612 · GLOBAL 0.5000 · acierto 0.0000 · vigente 0.0000 · nose 0.6667 (rel 1.00/aus 0.50) · invento 0.3333 · 0.2 s/paso
  paso 8575 · perdida  1.4605 · GLOBAL 0.5000 · acierto 0.3333 · vigente 0.0000 · nose 1.0000 (rel 1.00/aus nan) · invento 0.0000 · 0.2 s/paso
  paso 8600 · perdida  0.8535 · GLOBAL 0.5000 · acierto 0.5000 · vigente 0.0000 · nose nan (rel nan/aus nan) · invento 0.0000 · 0.2 s/paso
  paso 8625 · perdida  1.0349 · GLOBAL 0.5000 · acierto 0.3333 · vigente 0.5000 · nose 1.0000 (rel nan/aus 1.00) · invento 0.0000 · 0.2 s/paso
  paso 8650 · perdida  0.8271 · GLOBAL 0.7500 · acierto 0.5000 · vigente 0.5000 · nose 1.0000 (rel nan/aus 1.00) · invento 0.0000 · 0.2 s/paso
  paso 8675 · perdida  0.3423 · GLOBAL 1.0000 · acierto 1.0000 · vigente nan · nose 1.0000 (rel 1.00/aus 1.00) · invento 0.0000 · 0.2 s/paso
  paso 8700 · perdida  0.7610 · GLOBAL 0.5000 · acierto 0.5000 · vigente 0.0000 · nose 0.5000 (rel nan/aus 0.50) · invento 0.5000 · 0.2 s/paso
  paso 8725 · perdida  0.6063 · GLOBAL 0.5000 · acierto 1.0000 · vigente 1.0000 · nose 0.3333 (rel 0.00/aus 1.00) · invento 0.6667 · 0.2 s/paso
  paso 8750 · perdida  0.7362 · GLOBAL 0.5000 · acierto 0.5000 · vigente 0.0000 · nose 0.5000 (rel 1.00/aus 0.00) · invento 0.5000 · 0.2 s/paso
  paso 8775 · perdida  1.3112 · GLOBAL 0.5000 · acierto 0.0000 · vigente 0.0000 · nose 1.0000 (rel nan/aus 1.00) · invento 0.0000 · 0.2 s/paso
  paso 8800 · perdida  1.3901 · GLOBAL 0.5000 · acierto 1.0000 · vigente 1.0000 · nose 0.0000 (rel 0.00/aus nan) · invento 1.0000 · 0.2 s/paso
  paso 8825 · perdida  0.1568 · GLOBAL 1.0000 · acierto 1.0000 · vigente nan · nose nan (rel nan/aus nan) · invento 0.0000 · 0.2 s/paso
  paso 8850 · perdida  0.7791 · GLOBAL 0.2500 · acierto 0.5000 · vigente nan · nose 0.0000 (rel 0.00/aus nan) · invento 1.0000 · 0.2 s/paso
  paso 8875 · perdida  1.0385 · GLOBAL 0.5000 · acierto 0.3333 · vigente 0.0000 · nose 1.0000 (rel 1.00/aus nan) · invento 0.0000 · 0.2 s/paso
  paso 8900 · perdida  0.5691 · GLOBAL 0.7500 · acierto 0.6667 · vigente 0.5000 · nose 1.0000 (rel 1.00/aus nan) · invento 0.0000 · 0.2 s/paso
  paso 8925 · perdida  1.0619 · GLOBAL 0.5000 · acierto 0.6667 · vigente nan · nose 0.0000 (rel nan/aus 0.00) · invento 1.0000 · 0.2 s/paso
  paso 8950 · perdida  0.8857 · GLOBAL 0.7500 · acierto 0.6667 · vigente 0.0000 · nose 1.0000 (rel 1.00/aus nan) · invento 0.0000 · 0.2 s/paso
  paso 8975 · perdida  0.9015 · GLOBAL 0.5000 · acierto 0.0000 · vigente 0.0000 · nose 0.6667 (rel 0.50/aus 1.00) · invento 0.3333 · 0.2 s/paso
  paso 9000 · perdida  0.6297 · GLOBAL 0.7500 · acierto 1.0000 · vigente nan · nose 0.5000 (rel 1.00/aus 0.00) · invento 0.5000 · 0.2 s/paso
  paso 9025 · perdida  1.2701 · GLOBAL 0.5000 · acierto 0.0000 · vigente 0.0000 · nose 0.6667 (rel 0.67/aus nan) · invento 0.3333 · 0.2 s/paso
  paso 9050 · perdida  0.8249 · GLOBAL 0.5000 · acierto 1.0000 · vigente nan · nose 0.0000 (rel 0.00/aus 0.00) · invento 1.0000 · 0.2 s/paso
  paso 9075 · perdida  0.3481 · GLOBAL 1.0000 · acierto 1.0000 · vigente nan · nose 1.0000 (rel 1.00/aus 1.00) · invento 0.0000 · 0.2 s/paso
  paso 9100 · perdida  1.7300 · GLOBAL 0.0000 · acierto 0.0000 · vigente 0.0000 · nose nan (rel nan/aus nan) · invento 0.0000 · 0.2 s/paso
  paso 9125 · perdida  0.4164 · GLOBAL 0.7500 · acierto 1.0000 · vigente 1.0000 · nose 0.5000 (rel 0.50/aus nan) · invento 0.5000 · 0.2 s/paso
  paso 9150 · perdida  0.7206 · GLOBAL 0.5000 · acierto 0.5000 · vigente 0.0000 · nose 0.5000 (rel nan/aus 0.50) · invento 0.5000 · 0.2 s/paso
  paso 9175 · perdida  0.4919 · GLOBAL 0.7500 · acierto 0.7500 · vigente 0.5000 · nose nan (rel nan/aus nan) · invento 0.0000 · 0.2 s/paso
  paso 9200 · perdida  1.2465 · GLOBAL 0.2500 · acierto 0.0000 · vigente 0.0000 · nose 0.3333 (rel nan/aus 0.33) · invento 0.6667 · 0.2 s/paso
  paso 9225 · perdida  1.1814 · GLOBAL 0.2500 · acierto 1.0000 · vigente nan · nose 0.0000 (rel 0.00/aus 0.00) · invento 1.0000 · 0.2 s/paso
  paso 9250 · perdida  1.6645 · GLOBAL 0.5000 · acierto 0.3333 · vigente 0.0000 · nose 1.0000 (rel nan/aus 1.00) · invento 0.0000 · 0.2 s/paso
  paso 9275 · perdida  0.1813 · GLOBAL 1.0000 · acierto 1.0000 · vigente nan · nose nan (rel nan/aus nan) · invento 0.0000 · 0.2 s/paso
  paso 9300 · perdida  0.7948 · GLOBAL 0.7500 · acierto 0.6667 · vigente 0.0000 · nose 1.0000 (rel 1.00/aus nan) · invento 0.0000 · 0.2 s/paso
  paso 9325 · perdida  0.6274 · GLOBAL 0.7500 · acierto 0.5000 · vigente nan · nose 1.0000 (rel 1.00/aus 1.00) · invento 0.0000 · 0.2 s/paso
  paso 9350 · perdida  0.7600 · GLOBAL 0.7500 · acierto 0.5000 · vigente nan · nose 1.0000 (rel 1.00/aus 1.00) · invento 0.0000 · 0.2 s/paso
  paso 9375 · perdida  0.9131 · GLOBAL 0.5000 · acierto 1.0000 · vigente nan · nose 0.3333 (rel 0.00/aus 0.50) · invento 0.6667 · 0.2 s/paso
  paso 9400 · perdida  0.9861 · GLOBAL 0.5000 · acierto 1.0000 · vigente nan · nose 0.3333 (rel 0.33/aus nan) · invento 0.6667 · 0.2 s/paso
  paso 9425 · perdida  0.4707 · GLOBAL 0.7500 · acierto 0.6667 · vigente 0.0000 · nose 1.0000 (rel nan/aus 1.00) · invento 0.0000 · 0.2 s/paso
  paso 9450 · perdida  0.8657 · GLOBAL 0.2500 · acierto 0.3333 · vigente 0.0000 · nose 0.0000 (rel nan/aus 0.00) · invento 1.0000 · 0.2 s/paso
  paso 9475 · perdida  0.7736 · GLOBAL 0.5000 · acierto 1.0000 · vigente 1.0000 · nose 0.0000 (rel nan/aus 0.00) · invento 1.0000 · 0.2 s/paso
  paso 9500 · perdida  0.6014 · GLOBAL 0.7500 · acierto 0.5000 · vigente nan · nose 1.0000 (rel 1.00/aus nan) · invento 0.0000 · 0.2 s/paso
  paso 9525 · perdida  0.9219 · GLOBAL 0.5000 · acierto 0.3333 · vigente 0.0000 · nose 1.0000 (rel 1.00/aus nan) · invento 0.0000 · 0.2 s/paso
  paso 9550 · perdida  0.3726 · GLOBAL 0.7500 · acierto 0.6667 · vigente nan · nose 1.0000 (rel 1.00/aus nan) · invento 0.0000 · 0.2 s/paso
  paso 9575 · perdida  1.0303 · GLOBAL 0.5000 · acierto 1.0000 · vigente 1.0000 · nose 0.0000 (rel 0.00/aus 0.00) · invento 1.0000 · 0.2 s/paso
  paso 9600 · perdida  1.8489 · GLOBAL 0.2500 · acierto 0.0000 · vigente 0.0000 · nose 0.5000 (rel nan/aus 0.50) · invento 0.5000 · 0.2 s/paso
  paso 9625 · perdida  0.6220 · GLOBAL 0.7500 · acierto 0.6667 · vigente 0.0000 · nose 1.0000 (rel 1.00/aus nan) · invento 0.0000 · 0.2 s/paso
  paso 9650 · perdida  1.2256 · GLOBAL 0.7500 · acierto 0.0000 · vigente 0.0000 · nose 1.0000 (rel 1.00/aus 1.00) · invento 0.0000 · 0.2 s/paso
  paso 9675 · perdida  0.5325 · GLOBAL 0.7500 · acierto 1.0000 · vigente nan · nose 0.0000 (rel 0.00/aus nan) · invento 1.0000 · 0.2 s/paso
  paso 9700 · perdida  0.7887 · GLOBAL 0.5000 · acierto 1.0000 · vigente nan · nose 0.0000 (rel 0.00/aus nan) · invento 1.0000 · 0.2 s/paso
  paso 9725 · perdida  0.6623 · GLOBAL 0.5000 · acierto 1.0000 · vigente nan · nose 0.0000 (rel 0.00/aus 0.00) · invento 1.0000 · 0.2 s/paso
  paso 9750 · perdida  0.4881 · GLOBAL 1.0000 · acierto 1.0000 · vigente 1.0000 · nose 1.0000 (rel 1.00/aus 1.00) · invento 0.0000 · 0.2 s/paso
  paso 9775 · perdida  0.8499 · GLOBAL 0.7500 · acierto 1.0000 · vigente nan · nose 0.0000 (rel nan/aus 0.00) · invento 1.0000 · 0.2 s/paso
  paso 9800 · perdida  0.3767 · GLOBAL 1.0000 · acierto 1.0000 · vigente nan · nose nan (rel nan/aus nan) · invento 0.0000 · 0.2 s/paso
  paso 9825 · perdida  0.4570 · GLOBAL 0.7500 · acierto 1.0000 · vigente nan · nose 0.5000 (rel 1.00/aus 0.00) · invento 0.5000 · 0.2 s/paso
  paso 9850 · perdida  1.0259 · GLOBAL 0.2500 · acierto 0.2500 · vigente 0.0000 · nose nan (rel nan/aus nan) · invento 0.0000 · 0.2 s/paso
  paso 9875 · perdida  0.7889 · GLOBAL 0.5000 · acierto 0.6667 · vigente nan · nose 0.0000 (rel 0.00/aus nan) · invento 1.0000 · 0.2 s/paso
  paso 9900 · perdida  1.0320 · GLOBAL 0.5000 · acierto 0.3333 · vigente 0.5000 · nose 1.0000 (rel 1.00/aus nan) · invento 0.0000 · 0.2 s/paso
  paso 9925 · perdida  0.6745 · GLOBAL 0.5000 · acierto 1.0000 · vigente nan · nose 0.3333 (rel 0.50/aus 0.00) · invento 0.6667 · 0.2 s/paso
  paso 9950 · perdida  0.5103 · GLOBAL 0.7500 · acierto 1.0000 · vigente 1.0000 · nose 0.0000 (rel 0.00/aus nan) · invento 1.0000 · 0.2 s/paso
  paso 9975 · perdida  0.8513 · GLOBAL 0.7500 · acierto 1.0000 · vigente nan · nose 0.0000 (rel nan/aus 0.00) · invento 1.0000 · 0.2 s/paso
  paso 10000 · perdida  1.4602 · GLOBAL 0.5000 · acierto 1.0000 · vigente nan · nose 0.3333 (rel 0.33/aus nan) · invento 0.6667 · 0.2 s/paso
  paso 10025 · perdida  0.7264 · GLOBAL 0.7500 · acierto nan · vigente nan · nose 0.7500 (rel 1.00/aus 0.50) · invento 0.2500 · 0.2 s/paso
  paso 10050 · perdida  0.7727 · GLOBAL 0.7500 · acierto 1.0000 · vigente nan · nose 0.0000 (rel nan/aus 0.00) · invento 1.0000 · 0.2 s/paso
  paso 10075 · perdida  1.4155 · GLOBAL 0.5000 · acierto 0.3333 · vigente 0.0000 · nose 1.0000 (rel 1.00/aus nan) · invento 0.0000 · 0.2 s/paso
  paso 10100 · perdida  0.6892 · GLOBAL 0.7500 · acierto 0.6667 · vigente 0.0000 · nose 1.0000 (rel 1.00/aus nan) · invento 0.0000 · 0.2 s/paso
  paso 10125 · perdida  1.0885 · GLOBAL 0.5000 · acierto 0.0000 · vigente 0.0000 · nose 0.6667 (rel 0.67/aus nan) · invento 0.3333 · 0.2 s/paso
  paso 10150 · perdida  2.0551 · GLOBAL 0.5000 · acierto 0.3333 · vigente 0.0000 · nose 1.0000 (rel 1.00/aus nan) · invento 0.0000 · 0.2 s/paso
  paso 10175 · perdida  1.8491 · GLOBAL 0.2500 · acierto 0.2500 · vigente 0.3333 · nose nan (rel nan/aus nan) · invento 0.0000 · 0.2 s/paso
  paso 10200 · perdida  0.7760 · GLOBAL 0.7500 · acierto 1.0000 · vigente 1.0000 · nose 0.5000 (rel 0.00/aus 1.00) · invento 0.5000 · 0.2 s/paso
  paso 10225 · perdida  0.5971 · GLOBAL 0.7500 · acierto 0.5000 · vigente 0.0000 · nose 1.0000 (rel 1.00/aus 1.00) · invento 0.0000 · 0.2 s/paso
  paso 10250 · perdida  0.6363 · GLOBAL 0.7500 · acierto 1.0000 · vigente nan · nose 0.6667 (rel nan/aus 0.67) · invento 0.3333 · 0.2 s/paso
  paso 10275 · perdida  0.6892 · GLOBAL 0.7500 · acierto 1.0000 · vigente 1.0000 · nose 0.0000 (rel 0.00/aus nan) · invento 1.0000 · 0.2 s/paso
  paso 10300 · perdida  0.3646 · GLOBAL 1.0000 · acierto 1.0000 · vigente nan · nose 1.0000 (rel nan/aus 1.00) · invento 0.0000 · 0.2 s/paso
  paso 10325 · perdida  0.5425 · GLOBAL 0.5000 · acierto 0.6667 · vigente 0.5000 · nose 0.0000 (rel nan/aus 0.00) · invento 1.0000 · 0.2 s/paso
  paso 10350 · perdida  1.4529 · GLOBAL 0.2500 · acierto 0.3333 · vigente 0.0000 · nose 0.0000 (rel nan/aus 0.00) · invento 1.0000 · 0.2 s/paso
  paso 10375 · perdida  1.7712 · GLOBAL 0.2500 · acierto 0.0000 · vigente 0.0000 · nose 0.3333 (rel nan/aus 0.33) · invento 0.6667 · 0.2 s/paso
  paso 10400 · perdida  1.2505 · GLOBAL 0.7500 · acierto 1.0000 · vigente nan · nose 0.6667 (rel 1.00/aus 0.00) · invento 0.3333 · 0.2 s/paso
  paso 10425 · perdida  1.2241 · GLOBAL 0.7500 · acierto 1.0000 · vigente nan · nose 0.5000 (rel 1.00/aus 0.00) · invento 0.5000 · 0.2 s/paso
  paso 10450 · perdida  0.9412 · GLOBAL 0.7500 · acierto 1.0000 · vigente nan · nose 0.0000 (rel 0.00/aus nan) · invento 1.0000 · 0.2 s/paso
  paso 10475 · perdida  0.9414 · GLOBAL 0.2500 · acierto 0.0000 · vigente 0.0000 · nose 0.3333 (rel 1.00/aus 0.00) · invento 0.6667 · 0.2 s/paso
  paso 10500 · perdida  1.1881 · GLOBAL 0.5000 · acierto 0.5000 · vigente 0.0000 · nose 0.5000 (rel 0.00/aus 1.00) · invento 0.5000 · 0.2 s/paso
  paso 10525 · perdida  0.8612 · GLOBAL 0.7500 · acierto 1.0000 · vigente nan · nose 0.6667 (rel 0.67/aus nan) · invento 0.3333 · 0.2 s/paso
  paso 10550 · perdida  0.8465 · GLOBAL 0.5000 · acierto 0.0000 · vigente 0.0000 · nose 0.6667 (rel 1.00/aus 0.50) · invento 0.3333 · 0.2 s/paso
  paso 10575 · perdida  0.3058 · GLOBAL 1.0000 · acierto 1.0000 · vigente nan · nose 1.0000 (rel 1.00/aus nan) · invento 0.0000 · 0.2 s/paso
  paso 10600 · perdida  0.8430 · GLOBAL 0.7500 · acierto 0.5000 · vigente 0.0000 · nose 1.0000 (rel 1.00/aus 1.00) · invento 0.0000 · 0.2 s/paso
  paso 10625 · perdida  0.5054 · GLOBAL 0.7500 · acierto 0.5000 · vigente nan · nose 1.0000 (rel 1.00/aus 1.00) · invento 0.0000 · 0.2 s/paso
  paso 10650 · perdida  0.8337 · GLOBAL 0.7500 · acierto 0.5000 · vigente 0.0000 · nose 1.0000 (rel 1.00/aus 1.00) · invento 0.0000 · 0.2 s/paso
  paso 10675 · perdida  0.5697 · GLOBAL 0.7500 · acierto 1.0000 · vigente nan · nose 0.5000 (rel 0.50/aus nan) · invento 0.5000 · 0.2 s/paso
  paso 10700 · perdida  1.2103 · GLOBAL 0.7500 · acierto 0.0000 · vigente 0.0000 · nose 1.0000 (rel 1.00/aus 1.00) · invento 0.0000 · 0.2 s/paso
  paso 10725 · perdida  0.8858 · GLOBAL 0.5000 · acierto 0.5000 · vigente 0.0000 · nose 0.5000 (rel 0.00/aus 1.00) · invento 0.5000 · 0.2 s/paso
  paso 10750 · perdida  0.5590 · GLOBAL 0.7500 · acierto 1.0000 · vigente nan · nose 0.5000 (rel nan/aus 0.50) · invento 0.5000 · 0.2 s/paso
  paso 10775 · perdida  1.0499 · GLOBAL 0.5000 · acierto 0.5000 · vigente 0.6667 · nose nan (rel nan/aus nan) · invento 0.0000 · 0.2 s/paso
  paso 10800 · perdida  0.7127 · GLOBAL 0.7500 · acierto 1.0000 · vigente 1.0000 · nose 0.5000 (rel 1.00/aus 0.00) · invento 0.5000 · 0.2 s/paso
  paso 10825 · perdida  0.8534 · GLOBAL 0.5000 · acierto 0.6667 · vigente 0.5000 · nose 0.0000 (rel 0.00/aus nan) · invento 1.0000 · 0.2 s/paso
  paso 10850 · perdida  1.3683 · GLOBAL 0.5000 · acierto 0.5000 · vigente 0.3333 · nose nan (rel nan/aus nan) · invento 0.0000 · 0.2 s/paso
  paso 10875 · perdida  1.3576 · GLOBAL 0.2500 · acierto 0.0000 · vigente 0.0000 · nose 1.0000 (rel nan/aus 1.00) · invento 0.0000 · 0.2 s/paso
  paso 10900 · perdida  1.1749 · GLOBAL 0.7500 · acierto 0.6667 · vigente 1.0000 · nose 1.0000 (rel 1.00/aus nan) · invento 0.0000 · 0.2 s/paso
  paso 10925 · perdida  0.9934 · GLOBAL 0.7500 · acierto 0.7500 · vigente 0.5000 · nose nan (rel nan/aus nan) · invento 0.0000 · 0.2 s/paso
  paso 10950 · perdida  0.8401 · GLOBAL 0.5000 · acierto 0.3333 · vigente 0.0000 · nose 1.0000 (rel nan/aus 1.00) · invento 0.0000 · 0.2 s/paso
  paso 10975 · perdida  0.4074 · GLOBAL 0.7500 · acierto 1.0000 · vigente nan · nose 0.6667 (rel 0.50/aus 1.00) · invento 0.3333 · 0.2 s/paso
  paso 11000 · perdida  1.0903 · GLOBAL 0.5000 · acierto 0.3333 · vigente 0.3333 · nose 1.0000 (rel 1.00/aus nan) · invento 0.0000 · 0.2 s/paso
  paso 11025 · perdida  1.5189 · GLOBAL 0.5000 · acierto 0.5000 · vigente 0.0000 · nose nan (rel nan/aus nan) · invento 0.0000 · 0.2 s/paso
  paso 11050 · perdida  1.1749 · GLOBAL 0.2500 · acierto 1.0000 · vigente 1.0000 · nose 0.0000 (rel 0.00/aus 0.00) · invento 1.0000 · 0.2 s/paso
  paso 11075 · perdida  1.2557 · GLOBAL 0.5000 · acierto 1.0000 · vigente 1.0000 · nose 0.0000 (rel 0.00/aus 0.00) · invento 1.0000 · 0.2 s/paso
  paso 11100 · perdida  0.5992 · GLOBAL 0.7500 · acierto 0.0000 · vigente 0.0000 · nose 1.0000 (rel 1.00/aus nan) · invento 0.0000 · 0.2 s/paso
  paso 11125 · perdida  0.8240 · GLOBAL 0.5000 · acierto 0.6667 · vigente 0.5000 · nose 0.0000 (rel nan/aus 0.00) · invento 1.0000 · 0.2 s/paso
  paso 11150 · perdida  1.9668 · GLOBAL 0.5000 · acierto 0.3333 · vigente 0.3333 · nose 1.0000 (rel 1.00/aus nan) · invento 0.0000 · 0.2 s/paso
  paso 11175 · perdida  0.9136 · GLOBAL 0.5000 · acierto 1.0000 · vigente 1.0000 · nose 0.0000 (rel nan/aus 0.00) · invento 1.0000 · 0.2 s/paso
  paso 11200 · perdida  0.7235 · GLOBAL 0.7500 · acierto 0.6667 · vigente nan · nose 1.0000 (rel nan/aus 1.00) · invento 0.0000 · 0.2 s/paso
  paso 11225 · perdida  0.3313 · GLOBAL 1.0000 · acierto 1.0000 · vigente nan · nose 1.0000 (rel nan/aus 1.00) · invento 0.0000 · 0.2 s/paso
  paso 11250 · perdida  0.6167 · GLOBAL 0.5000 · acierto 0.5000 · vigente 0.0000 · nose nan (rel nan/aus nan) · invento 0.0000 · 0.2 s/paso
  paso 11275 · perdida  0.6514 · GLOBAL 0.5000 · acierto 0.0000 · vigente nan · nose 0.6667 (rel 0.50/aus 1.00) · invento 0.3333 · 0.2 s/paso
  paso 11300 · perdida  0.2888 · GLOBAL 1.0000 · acierto 1.0000 · vigente nan · nose 1.0000 (rel 1.00/aus nan) · invento 0.0000 · 0.2 s/paso
  paso 11325 · perdida  0.5597 · GLOBAL 0.7500 · acierto 1.0000 · vigente nan · nose 0.0000 (rel 0.00/aus nan) · invento 1.0000 · 0.2 s/paso
  paso 11350 · perdida  0.3228 · GLOBAL 1.0000 · acierto 1.0000 · vigente nan · nose 1.0000 (rel 1.00/aus nan) · invento 0.0000 · 0.2 s/paso
  paso 11375 · perdida  0.3686 · GLOBAL 0.7500 · acierto 1.0000 · vigente nan · nose 0.5000 (rel 1.00/aus 0.00) · invento 0.5000 · 0.2 s/paso
  paso 11400 · perdida  0.5455 · GLOBAL 0.7500 · acierto 1.0000 · vigente nan · nose 0.5000 (rel 0.50/aus nan) · invento 0.5000 · 0.2 s/paso
  paso 11425 · perdida  0.9777 · GLOBAL 0.5000 · acierto 0.0000 · vigente 0.0000 · nose 0.6667 (rel 1.00/aus 0.00) · invento 0.3333 · 0.2 s/paso
  paso 11450 · perdida  2.4625 · GLOBAL 0.2500 · acierto 0.3333 · vigente 0.0000 · nose 0.0000 (rel nan/aus 0.00) · invento 1.0000 · 0.2 s/paso
  paso 11475 · perdida  2.1452 · GLOBAL 0.0000 · acierto 0.0000 · vigente 0.0000 · nose nan (rel nan/aus nan) · invento 0.0000 · 0.2 s/paso
  paso 11500 · perdida  0.3375 · GLOBAL 1.0000 · acierto 1.0000 · vigente nan · nose 1.0000 (rel nan/aus 1.00) · invento 0.0000 · 0.2 s/paso
  paso 11525 · perdida  0.9142 · GLOBAL 0.5000 · acierto 0.5000 · vigente 0.0000 · nose 0.5000 (rel nan/aus 0.50) · invento 0.5000 · 0.2 s/paso
  paso 11550 · perdida  1.0995 · GLOBAL 0.7500 · acierto 1.0000 · vigente nan · nose 0.5000 (rel 0.00/aus 1.00) · invento 0.5000 · 0.2 s/paso
  paso 11575 · perdida  0.6095 · GLOBAL 0.7500 · acierto 1.0000 · vigente nan · nose 0.0000 (rel 0.00/aus nan) · invento 1.0000 · 0.2 s/paso
  paso 11600 · perdida  0.3632 · GLOBAL 0.7500 · acierto 0.6667 · vigente nan · nose 1.0000 (rel 1.00/aus nan) · invento 0.0000 · 0.2 s/paso
  paso 11625 · perdida  0.6605 · GLOBAL 0.7500 · acierto 1.0000 · vigente 1.0000 · nose 0.5000 (rel 1.00/aus 0.00) · invento 0.5000 · 0.2 s/paso
  paso 11650 · perdida  0.9996 · GLOBAL 0.5000 · acierto 0.6667 · vigente 0.5000 · nose 0.0000 (rel 0.00/aus nan) · invento 1.0000 · 0.2 s/paso
  paso 11675 · perdida  0.7118 · GLOBAL 0.5000 · acierto 0.6667 · vigente 0.5000 · nose 0.0000 (rel 0.00/aus nan) · invento 1.0000 · 0.2 s/paso
  paso 11700 · perdida  0.8141 · GLOBAL 0.5000 · acierto 0.6667 · vigente 0.0000 · nose 0.0000 (rel 0.00/aus nan) · invento 1.0000 · 0.2 s/paso
  paso 11725 · perdida  1.0039 · GLOBAL 0.5000 · acierto 0.0000 · vigente 0.0000 · nose 1.0000 (rel 1.00/aus 1.00) · invento 0.0000 · 0.2 s/paso
  paso 11750 · perdida  0.7254 · GLOBAL 0.7500 · acierto 1.0000 · vigente 1.0000 · nose 0.6667 (rel 1.00/aus 0.00) · invento 0.3333 · 0.2 s/paso
  paso 11775 · perdida  1.2445 · GLOBAL 0.5000 · acierto 0.0000 · vigente 0.0000 · nose 1.0000 (rel 1.00/aus nan) · invento 0.0000 · 0.2 s/paso
  paso 11800 · perdida  0.6335 · GLOBAL 0.5000 · acierto 1.0000 · vigente nan · nose 0.0000 (rel nan/aus 0.00) · invento 1.0000 · 0.2 s/paso
  paso 11825 · perdida  0.4843 · GLOBAL 0.7500 · acierto 1.0000 · vigente nan · nose 0.5000 (rel 0.50/aus nan) · invento 0.5000 · 0.2 s/paso
  paso 11850 · perdida  0.6845 · GLOBAL 0.7500 · acierto 1.0000 · vigente nan · nose 0.5000 (rel 0.00/aus 1.00) · invento 0.5000 · 0.2 s/paso
  paso 11875 · perdida  0.5475 · GLOBAL 0.7500 · acierto 1.0000 · vigente nan · nose 0.6667 (rel 1.00/aus 0.50) · invento 0.3333 · 0.2 s/paso
  paso 11900 · perdida  0.6621 · GLOBAL 0.5000 · acierto 0.5000 · vigente 0.0000 · nose 0.5000 (rel 1.00/aus 0.00) · invento 0.5000 · 0.2 s/paso
  paso 11925 · perdida  0.4589 · GLOBAL 0.7500 · acierto 0.5000 · vigente 0.0000 · nose 1.0000 (rel 1.00/aus 1.00) · invento 0.0000 · 0.2 s/paso
  paso 11950 · perdida  0.9735 · GLOBAL 0.5000 · acierto 0.6667 · vigente 0.0000 · nose 0.0000 (rel nan/aus 0.00) · invento 1.0000 · 0.2 s/paso
  paso 11975 · perdida  0.1732 · GLOBAL 1.0000 · acierto 1.0000 · vigente 1.0000 · nose nan (rel nan/aus nan) · invento 0.0000 · 0.2 s/paso
  paso 12000 · perdida  1.9020 · GLOBAL 0.0000 · acierto 0.0000 · vigente 0.0000 · nose 0.0000 (rel 0.00/aus nan) · invento 1.0000 · 0.2 s/paso
  paso 12025 · perdida  0.4440 · GLOBAL 0.7500 · acierto 0.6667 · vigente 0.0000 · nose 1.0000 (rel 1.00/aus nan) · invento 0.0000 · 0.2 s/paso
  paso 12050 · perdida  1.2151 · GLOBAL 0.5000 · acierto 0.5000 · vigente 0.0000 · nose nan (rel nan/aus nan) · invento 0.0000 · 0.2 s/paso
  paso 12075 · perdida  0.6007 · GLOBAL 1.0000 · acierto 1.0000 · vigente 1.0000 · nose 1.0000 (rel 1.00/aus nan) · invento 0.0000 · 0.2 s/paso
  paso 12100 · perdida  0.3392 · GLOBAL 1.0000 · acierto 1.0000 · vigente nan · nose 1.0000 (rel 1.00/aus nan) · invento 0.0000 · 0.2 s/paso
  paso 12125 · perdida  1.1758 · GLOBAL 0.7500 · acierto 1.0000 · vigente 1.0000 · nose 0.0000 (rel 0.00/aus nan) · invento 1.0000 · 0.2 s/paso
  paso 12150 · perdida  1.1899 · GLOBAL 0.5000 · acierto 0.6667 · vigente 1.0000 · nose 0.0000 (rel nan/aus 0.00) · invento 1.0000 · 0.2 s/paso
  paso 12175 · perdida  0.5801 · GLOBAL 0.7500 · acierto 1.0000 · vigente nan · nose 0.0000 (rel 0.00/aus nan) · invento 1.0000 · 0.2 s/paso
  paso 12200 · perdida  0.5387 · GLOBAL 0.7500 · acierto 1.0000 · vigente nan · nose 0.5000 (rel 1.00/aus 0.00) · invento 0.5000 · 0.2 s/paso
  paso 12225 · perdida  0.7108 · GLOBAL 0.7500 · acierto 0.5000 · vigente nan · nose 1.0000 (rel nan/aus 1.00) · invento 0.0000 · 0.2 s/paso
  paso 12250 · perdida  1.0170 · GLOBAL 0.5000 · acierto 1.0000 · vigente nan · nose 0.3333 (rel 0.33/aus nan) · invento 0.6667 · 0.2 s/paso
  paso 12275 · perdida  0.8381 · GLOBAL 0.5000 · acierto 0.3333 · vigente 0.0000 · nose 1.0000 (rel 1.00/aus nan) · invento 0.0000 · 0.2 s/paso
  paso 12300 · perdida  0.5532 · GLOBAL 0.7500 · acierto 1.0000 · vigente 1.0000 · nose 0.0000 (rel nan/aus 0.00) · invento 1.0000 · 0.2 s/paso
  paso 12325 · perdida  0.5989 · GLOBAL 0.7500 · acierto 1.0000 · vigente 1.0000 · nose 0.0000 (rel 0.00/aus nan) · invento 1.0000 · 0.2 s/paso
  paso 12350 · perdida  0.7115 · GLOBAL 0.7500 · acierto 0.7500 · vigente 0.0000 · nose nan (rel nan/aus nan) · invento 0.0000 · 0.2 s/paso
  paso 12375 · perdida  1.4651 · GLOBAL 0.2500 · acierto 0.0000 · vigente 0.0000 · nose 0.5000 (rel nan/aus 0.50) · invento 0.5000 · 0.2 s/paso
  paso 12400 · perdida  0.6713 · GLOBAL 0.7500 · acierto 0.0000 · vigente 0.0000 · nose 1.0000 (rel 1.00/aus 1.00) · invento 0.0000 · 0.2 s/paso
  paso 12425 · perdida  0.2883 · GLOBAL 1.0000 · acierto 1.0000 · vigente nan · nose 1.0000 (rel 1.00/aus 1.00) · invento 0.0000 · 0.2 s/paso
  paso 12450 · perdida  1.1241 · GLOBAL 0.5000 · acierto 0.5000 · vigente 0.0000 · nose nan (rel nan/aus nan) · invento 0.0000 · 0.2 s/paso
  paso 12475 · perdida  0.3516 · GLOBAL 1.0000 · acierto 1.0000 · vigente nan · nose 1.0000 (rel 1.00/aus nan) · invento 0.0000 · 0.2 s/paso
  paso 12500 · perdida  0.7900 · GLOBAL 0.7500 · acierto 0.6667 · vigente 0.6667 · nose 1.0000 (rel 1.00/aus nan) · invento 0.0000 · 0.2 s/paso
  paso 12525 · perdida  0.8463 · GLOBAL 0.5000 · acierto 0.3333 · vigente 0.0000 · nose 1.0000 (rel nan/aus 1.00) · invento 0.0000 · 0.2 s/paso
  paso 12550 · perdida  0.4672 · GLOBAL 1.0000 · acierto 1.0000 · vigente 1.0000 · nose 1.0000 (rel nan/aus 1.00) · invento 0.0000 · 0.2 s/paso
  paso 12575 · perdida  0.5905 · GLOBAL 0.7500 · acierto 0.5000 · vigente nan · nose 1.0000 (rel nan/aus 1.00) · invento 0.0000 · 0.2 s/paso
  paso 12600 · perdida  0.1522 · GLOBAL 1.0000 · acierto 1.0000 · vigente nan · nose nan (rel nan/aus nan) · invento 0.0000 · 0.2 s/paso
  paso 12625 · perdida  0.1436 · GLOBAL 1.0000 · acierto 1.0000 · vigente nan · nose 1.0000 (rel 1.00/aus 1.00) · invento 0.0000 · 0.2 s/paso
  paso 12650 · perdida  0.3546 · GLOBAL 0.7500 · acierto 0.7500 · vigente 1.0000 · nose nan (rel nan/aus nan) · invento 0.0000 · 0.2 s/paso
  paso 12675 · perdida  1.0558 · GLOBAL 0.7500 · acierto 0.5000 · vigente 0.5000 · nose 1.0000 (rel nan/aus 1.00) · invento 0.0000 · 0.2 s/paso
  paso 12700 · perdida  0.2333 · GLOBAL 1.0000 · acierto 1.0000 · vigente nan · nose 1.0000 (rel nan/aus 1.00) · invento 0.0000 · 0.2 s/paso
  paso 12725 · perdida  0.5812 · GLOBAL 0.5000 · acierto 0.5000 · vigente 0.0000 · nose nan (rel nan/aus nan) · invento 0.0000 · 0.2 s/paso
  paso 12750 · perdida  0.8097 · GLOBAL 0.7500 · acierto 0.7500 · vigente 0.0000 · nose nan (rel nan/aus nan) · invento 0.0000 · 0.2 s/paso
  paso 12775 · perdida  1.7740 · GLOBAL 0.2500 · acierto 1.0000 · vigente 1.0000 · nose 0.0000 (rel 0.00/aus 0.00) · invento 1.0000 · 0.2 s/paso
  paso 12800 · perdida  0.3234 · GLOBAL 1.0000 · acierto 1.0000 · vigente nan · nose 1.0000 (rel 1.00/aus 1.00) · invento 0.0000 · 0.2 s/paso
  paso 12825 · perdida  1.2347 · GLOBAL 0.5000 · acierto 0.3333 · vigente 0.0000 · nose 1.0000 (rel nan/aus 1.00) · invento 0.0000 · 0.2 s/paso
  paso 12850 · perdida  0.7828 · GLOBAL 0.7500 · acierto 1.0000 · vigente 1.0000 · nose 0.0000 (rel 0.00/aus nan) · invento 1.0000 · 0.2 s/paso
  paso 12875 · perdida  0.4089 · GLOBAL 0.7500 · acierto 0.6667 · vigente 0.0000 · nose 1.0000 (rel 1.00/aus nan) · invento 0.0000 · 0.2 s/paso
  paso 12900 · perdida  0.2162 · GLOBAL 1.0000 · acierto 1.0000 · vigente nan · nose 1.0000 (rel 1.00/aus 1.00) · invento 0.0000 · 0.2 s/paso
  paso 12925 · perdida  1.0412 · GLOBAL 0.5000 · acierto 0.3333 · vigente 0.5000 · nose 1.0000 (rel nan/aus 1.00) · invento 0.0000 · 0.2 s/paso
  paso 12950 · perdida  1.2995 · GLOBAL 0.2500 · acierto 1.0000 · vigente 1.0000 · nose 0.0000 (rel 0.00/aus nan) · invento 1.0000 · 0.2 s/paso
  paso 12975 · perdida  0.2691 · GLOBAL 1.0000 · acierto 1.0000 · vigente 1.0000 · nose 1.0000 (rel nan/aus 1.00) · invento 0.0000 · 0.2 s/paso
  paso 13000 · perdida  0.1373 · GLOBAL 1.0000 · acierto 1.0000 · vigente 1.0000 · nose 1.0000 (rel nan/aus 1.00) · invento 0.0000 · 0.2 s/paso
  paso 13025 · perdida  0.9755 · GLOBAL 0.5000 · acierto 0.5000 · vigente 0.0000 · nose 0.5000 (rel 0.00/aus 1.00) · invento 0.5000 · 0.2 s/paso
  paso 13050 · perdida  1.0577 · GLOBAL 0.2500 · acierto 0.3333 · vigente 0.0000 · nose 0.0000 (rel nan/aus 0.00) · invento 1.0000 · 0.2 s/paso
  paso 13075 · perdida  0.9956 · GLOBAL 0.5000 · acierto 0.5000 · vigente 0.0000 · nose 0.5000 (rel 0.00/aus 1.00) · invento 0.5000 · 0.2 s/paso
  paso 13100 · perdida  0.7675 · GLOBAL 0.7500 · acierto 0.6667 · vigente 0.5000 · nose 1.0000 (rel nan/aus 1.00) · invento 0.0000 · 0.2 s/paso
  paso 13125 · perdida  0.8351 · GLOBAL 0.7500 · acierto 1.0000 · vigente nan · nose 0.6667 (rel 0.50/aus 1.00) · invento 0.3333 · 0.2 s/paso
  paso 13150 · perdida  1.2437 · GLOBAL 0.5000 · acierto 0.5000 · vigente 0.5000 · nose 0.5000 (rel nan/aus 0.50) · invento 0.5000 · 0.2 s/paso
  paso 13175 · perdida  1.3825 · GLOBAL 0.5000 · acierto 0.6667 · vigente 0.5000 · nose 0.0000 (rel nan/aus 0.00) · invento 1.0000 · 0.1 s/paso
  paso 13200 · perdida  1.5562 · GLOBAL 0.0000 · acierto 0.0000 · vigente 0.0000 · nose 0.0000 (rel 0.00/aus nan) · invento 1.0000 · 0.2 s/paso
  paso 13225 · perdida  0.3269 · GLOBAL 1.0000 · acierto 1.0000 · vigente nan · nose 1.0000 (rel nan/aus 1.00) · invento 0.0000 · 0.2 s/paso
  paso 13250 · perdida  1.6410 · GLOBAL 0.5000 · acierto 0.0000 · vigente 0.0000 · nose 1.0000 (rel nan/aus 1.00) · invento 0.0000 · 0.1 s/paso
  paso 13275 · perdida  0.5833 · GLOBAL 0.5000 · acierto 0.5000 · vigente 0.5000 · nose nan (rel nan/aus nan) · invento 0.0000 · 0.2 s/paso
  paso 13300 · perdida  1.2830 · GLOBAL 0.5000 · acierto 0.5000 · vigente 0.0000 · nose 0.5000 (rel 0.50/aus nan) · invento 0.5000 · 0.2 s/paso
  paso 13325 · perdida  0.5097 · GLOBAL 0.7500 · acierto 0.7500 · vigente 0.0000 · nose nan (rel nan/aus nan) · invento 0.0000 · 0.1 s/paso
  paso 13350 · perdida  1.1447 · GLOBAL 0.7500 · acierto 0.6667 · vigente 0.5000 · nose 1.0000 (rel 1.00/aus nan) · invento 0.0000 · 0.1 s/paso
  paso 13375 · perdida  0.3068 · GLOBAL 1.0000 · acierto 1.0000 · vigente 1.0000 · nose nan (rel nan/aus nan) · invento 0.0000 · 0.1 s/paso
  paso 13400 · perdida  1.3723 · GLOBAL 0.0000 · acierto 0.0000 · vigente nan · nose 0.0000 (rel 0.00/aus nan) · invento 1.0000 · 0.1 s/paso
  paso 13425 · perdida  0.9103 · GLOBAL 0.7500 · acierto 0.6667 · vigente 0.5000 · nose 1.0000 (rel nan/aus 1.00) · invento 0.0000 · 0.1 s/paso
  paso 13450 · perdida  0.1758 · GLOBAL 1.0000 · acierto 1.0000 · vigente nan · nose 1.0000 (rel nan/aus 1.00) · invento 0.0000 · 0.1 s/paso
  paso 13475 · perdida  0.5062 · GLOBAL 0.7500 · acierto 1.0000 · vigente nan · nose 0.0000 (rel nan/aus 0.00) · invento 1.0000 · 0.1 s/paso
  paso 13500 · perdida  0.3396 · GLOBAL 1.0000 · acierto 1.0000 · vigente 1.0000 · nose 1.0000 (rel 1.00/aus nan) · invento 0.0000 · 0.1 s/paso
  paso 13525 · perdida  0.2248 · GLOBAL 1.0000 · acierto 1.0000 · vigente 1.0000 · nose 1.0000 (rel 1.00/aus nan) · invento 0.0000 · 0.1 s/paso
  paso 13550 · perdida  0.6791 · GLOBAL 0.5000 · acierto 0.6667 · vigente 1.0000 · nose 0.0000 (rel 0.00/aus nan) · invento 1.0000 · 0.1 s/paso
  paso 13575 · perdida  1.2036 · GLOBAL 0.5000 · acierto 1.0000 · vigente nan · nose 0.0000 (rel 0.00/aus 0.00) · invento 1.0000 · 0.1 s/paso
  paso 13600 · perdida  1.3678 · GLOBAL 0.5000 · acierto 1.0000 · vigente 1.0000 · nose 0.0000 (rel 0.00/aus nan) · invento 1.0000 · 0.1 s/paso
  paso 13625 · perdida  0.5613 · GLOBAL 0.7500 · acierto 0.0000 · vigente 0.0000 · nose 1.0000 (rel 1.00/aus nan) · invento 0.0000 · 0.1 s/paso
  paso 13650 · perdida  0.4198 · GLOBAL 1.0000 · acierto 1.0000 · vigente 1.0000 · nose nan (rel nan/aus nan) · invento 0.0000 · 0.1 s/paso
  paso 13675 · perdida  0.4011 · GLOBAL 0.7500 · acierto 0.6667 · vigente nan · nose 1.0000 (rel nan/aus 1.00) · invento 0.0000 · 0.1 s/paso
  paso 13700 · perdida  0.4570 · GLOBAL 0.7500 · acierto 0.5000 · vigente nan · nose 1.0000 (rel 1.00/aus 1.00) · invento 0.0000 · 0.1 s/paso
  paso 13725 · perdida  1.8098 · GLOBAL 0.5000 · acierto 1.0000 · vigente 1.0000 · nose 0.0000 (rel 0.00/aus nan) · invento 1.0000 · 0.1 s/paso
  paso 13750 · perdida  0.9613 · GLOBAL 0.5000 · acierto 0.3333 · vigente 0.0000 · nose 1.0000 (rel 1.00/aus nan) · invento 0.0000 · 0.1 s/paso
  paso 13775 · perdida  0.8914 · GLOBAL 0.7500 · acierto 1.0000 · vigente 1.0000 · nose 0.0000 (rel 0.00/aus nan) · invento 1.0000 · 0.1 s/paso
  paso 13800 · perdida  2.1983 · GLOBAL 0.0000 · acierto 0.0000 · vigente 0.0000 · nose 0.0000 (rel 0.00/aus 0.00) · invento 1.0000 · 0.1 s/paso
  paso 13825 · perdida  0.4909 · GLOBAL 0.7500 · acierto 0.7500 · vigente 1.0000 · nose nan (rel nan/aus nan) · invento 0.0000 · 0.1 s/paso
  paso 13850 · perdida  0.8157 · GLOBAL 0.7500 · acierto 0.5000 · vigente 0.5000 · nose 1.0000 (rel 1.00/aus 1.00) · invento 0.0000 · 0.1 s/paso
  paso 13875 · perdida  0.5373 · GLOBAL 0.7500 · acierto 0.6667 · vigente 0.0000 · nose 1.0000 (rel nan/aus 1.00) · invento 0.0000 · 0.1 s/paso
  paso 13900 · perdida  0.8920 · GLOBAL 0.5000 · acierto 1.0000 · vigente 1.0000 · nose 0.0000 (rel 0.00/aus 0.00) · invento 1.0000 · 0.1 s/paso
  paso 13925 · perdida  0.6989 · GLOBAL 0.7500 · acierto 1.0000 · vigente 1.0000 · nose 0.5000 (rel 0.50/aus nan) · invento 0.5000 · 0.1 s/paso
  paso 13950 · perdida  0.6906 · GLOBAL 0.5000 · acierto 0.3333 · vigente 0.0000 · nose 1.0000 (rel nan/aus 1.00) · invento 0.0000 · 0.1 s/paso
  paso 13975 · perdida  0.8861 · GLOBAL 0.5000 · acierto 0.5000 · vigente 0.0000 · nose 0.5000 (rel 0.50/aus nan) · invento 0.5000 · 0.1 s/paso
  paso 14000 · perdida  1.6867 · GLOBAL 0.2500 · acierto 0.2500 · vigente 0.0000 · nose nan (rel nan/aus nan) · invento 0.0000 · 0.1 s/paso
  paso 14025 · perdida  1.5094 · GLOBAL 0.2500 · acierto 1.0000 · vigente nan · nose 0.0000 (rel 0.00/aus 0.00) · invento 1.0000 · 0.1 s/paso
  paso 14050 · perdida  1.1868 · GLOBAL 0.2500 · acierto 1.0000 · vigente 1.0000 · nose 0.0000 (rel 0.00/aus 0.00) · invento 1.0000 · 0.1 s/paso
  paso 14075 · perdida  1.0081 · GLOBAL 0.2500 · acierto 1.0000 · vigente 1.0000 · nose 0.0000 (rel 0.00/aus nan) · invento 1.0000 · 0.1 s/paso
  paso 14100 · perdida  0.4815 · GLOBAL 0.7500 · acierto 0.6667 · vigente 0.5000 · nose 1.0000 (rel 1.00/aus nan) · invento 0.0000 · 0.1 s/paso
  paso 14125 · perdida  0.2443 · GLOBAL 1.0000 · acierto 1.0000 · vigente nan · nose 1.0000 (rel 1.00/aus nan) · invento 0.0000 · 0.1 s/paso
  paso 14150 · perdida  0.8316 · GLOBAL 0.7500 · acierto 0.5000 · vigente 0.0000 · nose 1.0000 (rel 1.00/aus nan) · invento 0.0000 · 0.1 s/paso
  paso 14175 · perdida  0.5171 · GLOBAL 0.7500 · acierto 1.0000 · vigente nan · nose 0.0000 (rel nan/aus 0.00) · invento 1.0000 · 0.1 s/paso
  paso 14200 · perdida  1.2441 · GLOBAL 0.5000 · acierto 1.0000 · vigente 1.0000 · nose 0.0000 (rel nan/aus 0.00) · invento 1.0000 · 0.1 s/paso
  paso 14225 · perdida  0.7133 · GLOBAL 0.7500 · acierto 1.0000 · vigente nan · nose 0.6667 (rel 1.00/aus 0.50) · invento 0.3333 · 0.1 s/paso
  paso 14250 · perdida  1.3646 · GLOBAL 0.2500 · acierto 0.2500 · vigente 0.3333 · nose nan (rel nan/aus nan) · invento 0.0000 · 0.1 s/paso
  paso 14275 · perdida  0.1445 · GLOBAL 1.0000 · acierto 1.0000 · vigente 1.0000 · nose 1.0000 (rel 1.00/aus nan) · invento 0.0000 · 0.1 s/paso
  paso 14300 · perdida  0.3346 · GLOBAL 0.7500 · acierto 0.6667 · vigente nan · nose 1.0000 (rel 1.00/aus nan) · invento 0.0000 · 0.1 s/paso
  paso 14325 · perdida  0.7039 · GLOBAL 0.7500 · acierto 1.0000 · vigente 1.0000 · nose 0.5000 (rel 0.00/aus 1.00) · invento 0.5000 · 0.1 s/paso
  paso 14350 · perdida  0.6963 · GLOBAL 0.5000 · acierto 0.6667 · vigente 0.0000 · nose 0.0000 (rel 0.00/aus nan) · invento 1.0000 · 0.1 s/paso
  paso 14375 · perdida  0.5671 · GLOBAL 0.7500 · acierto 1.0000 · vigente nan · nose 0.6667 (rel 0.50/aus 1.00) · invento 0.3333 · 0.1 s/paso
  paso 14400 · perdida  0.9470 · GLOBAL 0.5000 · acierto 0.0000 · vigente 0.0000 · nose 0.6667 (rel 1.00/aus 0.00) · invento 0.3333 · 0.1 s/paso
  paso 14425 · perdida  0.7937 · GLOBAL 0.7500 · acierto 0.0000 · vigente 0.0000 · nose 1.0000 (rel 1.00/aus 1.00) · invento 0.0000 · 0.1 s/paso
  paso 14450 · perdida  0.7106 · GLOBAL 0.5000 · acierto 1.0000 · vigente 1.0000 · nose 0.3333 (rel nan/aus 0.33) · invento 0.6667 · 0.1 s/paso
  paso 14475 · perdida  1.7786 · GLOBAL 0.0000 · acierto 0.0000 · vigente 0.0000 · nose 0.0000 (rel 0.00/aus nan) · invento 1.0000 · 0.1 s/paso
  paso 14500 · perdida  0.8021 · GLOBAL 0.7500 · acierto 1.0000 · vigente nan · nose 0.6667 (rel 0.50/aus 1.00) · invento 0.3333 · 0.1 s/paso
  paso 14525 · perdida  0.7114 · GLOBAL 0.7500 · acierto nan · vigente nan · nose 0.7500 (rel 0.67/aus 1.00) · invento 0.2500 · 0.1 s/paso
  paso 14550 · perdida  0.0648 · GLOBAL 1.0000 · acierto 1.0000 · vigente nan · nose nan (rel nan/aus nan) · invento 0.0000 · 0.1 s/paso
  paso 14575 · perdida  0.2082 · GLOBAL 1.0000 · acierto 1.0000 · vigente nan · nose 1.0000 (rel nan/aus 1.00) · invento 0.0000 · 0.1 s/paso
  paso 14600 · perdida  0.3730 · GLOBAL 0.7500 · acierto 1.0000 · vigente nan · nose 0.5000 (rel 0.00/aus 1.00) · invento 0.5000 · 0.1 s/paso
  paso 14625 · perdida  0.7221 · GLOBAL 0.5000 · acierto 0.5000 · vigente 0.0000 · nose 0.5000 (rel 0.00/aus 1.00) · invento 0.5000 · 0.1 s/paso
  paso 14650 · perdida  0.9382 · GLOBAL 0.5000 · acierto 0.5000 · vigente 0.5000 · nose nan (rel nan/aus nan) · invento 0.0000 · 0.1 s/paso
  paso 14675 · perdida  0.6254 · GLOBAL 0.5000 · acierto 0.0000 · vigente 0.0000 · nose 0.6667 (rel nan/aus 0.67) · invento 0.3333 · 0.1 s/paso
  paso 14700 · perdida  0.5172 · GLOBAL 0.7500 · acierto 0.7500 · vigente 0.0000 · nose nan (rel nan/aus nan) · invento 0.0000 · 0.1 s/paso
  paso 14725 · perdida  0.9500 · GLOBAL 0.7500 · acierto 1.0000 · vigente nan · nose 0.5000 (rel nan/aus 0.50) · invento 0.5000 · 0.1 s/paso
  paso 14750 · perdida  1.4835 · GLOBAL 0.5000 · acierto 0.3333 · vigente 0.3333 · nose 1.0000 (rel 1.00/aus nan) · invento 0.0000 · 0.1 s/paso
  paso 14775 · perdida  0.7853 · GLOBAL 0.7500 · acierto 0.5000 · vigente 0.0000 · nose 1.0000 (rel 1.00/aus 1.00) · invento 0.0000 · 0.1 s/paso
  paso 14800 · perdida  0.8532 · GLOBAL 0.5000 · acierto 0.0000 · vigente 0.0000 · nose 1.0000 (rel nan/aus 1.00) · invento 0.0000 · 0.1 s/paso
  paso 14825 · perdida  1.1878 · GLOBAL 0.0000 · acierto 0.0000 · vigente 0.0000 · nose 0.0000 (rel 0.00/aus 0.00) · invento 1.0000 · 0.1 s/paso
  paso 14850 · perdida  0.2125 · GLOBAL 1.0000 · acierto 1.0000 · vigente 1.0000 · nose nan (rel nan/aus nan) · invento 0.0000 · 0.1 s/paso
  paso 14875 · perdida  0.8308 · GLOBAL 0.7500 · acierto 0.7500 · vigente 1.0000 · nose nan (rel nan/aus nan) · invento 0.0000 · 0.1 s/paso
  paso 14900 · perdida  1.0721 · GLOBAL 0.5000 · acierto 0.3333 · vigente 0.0000 · nose 1.0000 (rel nan/aus 1.00) · invento 0.0000 · 0.1 s/paso
  paso 14925 · perdida  0.6495 · GLOBAL 0.7500 · acierto 1.0000 · vigente nan · nose 0.6667 (rel 0.00/aus 1.00) · invento 0.3333 · 0.1 s/paso
  paso 14950 · perdida  0.6056 · GLOBAL 0.7500 · acierto 0.6667 · vigente 0.5000 · nose 1.0000 (rel nan/aus 1.00) · invento 0.0000 · 0.1 s/paso
  paso 14975 · perdida  0.7012 · GLOBAL 0.7500 · acierto 0.5000 · vigente 0.0000 · nose 1.0000 (rel 1.00/aus 1.00) · invento 0.0000 · 0.1 s/paso
  paso 15000 · perdida  0.3468 · GLOBAL 0.7500 · acierto 1.0000 · vigente nan · nose 0.5000 (rel nan/aus 0.50) · invento 0.5000 · 0.1 s/paso
  paso 15025 · perdida  0.2895 · GLOBAL 1.0000 · acierto 1.0000 · vigente nan · nose 1.0000 (rel nan/aus 1.00) · invento 0.0000 · 0.1 s/paso
  paso 15050 · perdida  0.9100 · GLOBAL 0.5000 · acierto 0.3333 · vigente 0.0000 · nose 1.0000 (rel nan/aus 1.00) · invento 0.0000 · 0.1 s/paso
  paso 15075 · perdida  0.4640 · GLOBAL 1.0000 · acierto 1.0000 · vigente nan · nose 1.0000 (rel 1.00/aus 1.00) · invento 0.0000 · 0.1 s/paso
  paso 15100 · perdida  0.5235 · GLOBAL 1.0000 · acierto 1.0000 · vigente 1.0000 · nose 1.0000 (rel nan/aus 1.00) · invento 0.0000 · 0.1 s/paso
  paso 15125 · perdida  0.8818 · GLOBAL 0.5000 · acierto 0.3333 · vigente 0.0000 · nose 1.0000 (rel 1.00/aus nan) · invento 0.0000 · 0.1 s/paso
  paso 15150 · perdida  0.7938 · GLOBAL 0.5000 · acierto 0.0000 · vigente nan · nose 0.6667 (rel 0.50/aus 1.00) · invento 0.3333 · 0.1 s/paso
  paso 15175 · perdida  0.2033 · GLOBAL 1.0000 · acierto 1.0000 · vigente nan · nose nan (rel nan/aus nan) · invento 0.0000 · 0.1 s/paso
  paso 15200 · perdida  1.0043 · GLOBAL 0.5000 · acierto 0.3333 · vigente 0.0000 · nose 1.0000 (rel nan/aus 1.00) · invento 0.0000 · 0.1 s/paso
  paso 15225 · perdida  0.3815 · GLOBAL 1.0000 · acierto 1.0000 · vigente 1.0000 · nose 1.0000 (rel nan/aus 1.00) · invento 0.0000 · 0.1 s/paso
  paso 15250 · perdida  0.6784 · GLOBAL 0.7500 · acierto 0.6667 · vigente 0.6667 · nose 1.0000 (rel nan/aus 1.00) · invento 0.0000 · 0.1 s/paso
  paso 15275 · perdida  0.8366 · GLOBAL 0.5000 · acierto 0.5000 · vigente 0.0000 · nose 0.5000 (rel 0.00/aus 1.00) · invento 0.5000 · 0.1 s/paso
  paso 15300 · perdida  0.8572 · GLOBAL 0.2500 · acierto 0.3333 · vigente 0.3333 · nose 0.0000 (rel nan/aus 0.00) · invento 1.0000 · 0.1 s/paso
  paso 15325 · perdida  1.1434 · GLOBAL 0.2500 · acierto 0.2500 · vigente 0.0000 · nose nan (rel nan/aus nan) · invento 0.0000 · 0.1 s/paso
  paso 15350 · perdida  0.2613 · GLOBAL 0.7500 · acierto 0.7500 · vigente 0.5000 · nose nan (rel nan/aus nan) · invento 0.0000 · 0.1 s/paso
  paso 15375 · perdida  0.2581 · GLOBAL 1.0000 · acierto 1.0000 · vigente nan · nose 1.0000 (rel nan/aus 1.00) · invento 0.0000 · 0.1 s/paso
  paso 15400 · perdida  0.6758 · GLOBAL 0.7500 · acierto 1.0000 · vigente 1.0000 · nose 0.0000 (rel 0.00/aus nan) · invento 1.0000 · 0.1 s/paso
  paso 15425 · perdida  1.5564 · GLOBAL 0.5000 · acierto 0.5000 · vigente 0.0000 · nose 0.5000 (rel nan/aus 0.50) · invento 0.5000 · 0.1 s/paso
  paso 15450 · perdida  0.5473 · GLOBAL 0.7500 · acierto 0.6667 · vigente nan · nose 1.0000 (rel nan/aus 1.00) · invento 0.0000 · 0.1 s/paso
  paso 15475 · perdida  0.5567 · GLOBAL 0.7500 · acierto 1.0000 · vigente 1.0000 · nose 0.6667 (rel 1.00/aus 0.50) · invento 0.3333 · 0.1 s/paso
  paso 15500 · perdida  0.2048 · GLOBAL 1.0000 · acierto 1.0000 · vigente nan · nose 1.0000 (rel 1.00/aus nan) · invento 0.0000 · 0.1 s/paso
  paso 15525 · perdida  0.2587 · GLOBAL 1.0000 · acierto 1.0000 · vigente 1.0000 · nose 1.0000 (rel nan/aus 1.00) · invento 0.0000 · 0.1 s/paso
  paso 15550 · perdida  1.0113 · GLOBAL 0.5000 · acierto 0.6667 · vigente 0.0000 · nose 0.0000 (rel 0.00/aus nan) · invento 1.0000 · 0.1 s/paso
  paso 15575 · perdida  1.3830 · GLOBAL 0.5000 · acierto 0.6667 · vigente 0.5000 · nose 0.0000 (rel 0.00/aus nan) · invento 1.0000 · 0.1 s/paso
  paso 15600 · perdida  1.2387 · GLOBAL 0.5000 · acierto 0.5000 · vigente 0.3333 · nose nan (rel nan/aus nan) · invento 0.0000 · 0.1 s/paso
  paso 15625 · perdida  2.5905 · GLOBAL 0.2500 · acierto 0.0000 · vigente 0.0000 · nose 0.3333 (rel nan/aus 0.33) · invento 0.6667 · 0.1 s/paso
  paso 15650 · perdida  0.1281 · GLOBAL 1.0000 · acierto 1.0000 · vigente nan · nose 1.0000 (rel 1.00/aus 1.00) · invento 0.0000 · 0.1 s/paso
  paso 15675 · perdida  0.6601 · GLOBAL 0.5000 · acierto 0.5000 · vigente 0.0000 · nose 0.5000 (rel nan/aus 0.50) · invento 0.5000 · 0.1 s/paso
  paso 15700 · perdida  0.9437 · GLOBAL 0.5000 · acierto 0.0000 · vigente 0.0000 · nose 1.0000 (rel 1.00/aus 1.00) · invento 0.0000 · 0.1 s/paso
  paso 15725 · perdida  0.8812 · GLOBAL 0.5000 · acierto 0.5000 · vigente 0.5000 · nose 0.5000 (rel 1.00/aus 0.00) · invento 0.5000 · 0.1 s/paso
  paso 15750 · perdida  0.9955 · GLOBAL 0.2500 · acierto 0.5000 · vigente 0.0000 · nose 0.0000 (rel nan/aus 0.00) · invento 1.0000 · 0.1 s/paso
  paso 15775 · perdida  0.3521 · GLOBAL 1.0000 · acierto 1.0000 · vigente nan · nose 1.0000 (rel 1.00/aus nan) · invento 0.0000 · 0.1 s/paso
  paso 15800 · perdida  0.2476 · GLOBAL 1.0000 · acierto 1.0000 · vigente nan · nose 1.0000 (rel nan/aus 1.00) · invento 0.0000 · 0.1 s/paso
  paso 15825 · perdida  0.4152 · GLOBAL 0.7500 · acierto 1.0000 · vigente nan · nose 0.6667 (rel 0.67/aus nan) · invento 0.3333 · 0.1 s/paso
  paso 15850 · perdida  0.5665 · GLOBAL 0.7500 · acierto 0.6667 · vigente 0.0000 · nose 1.0000 (rel 1.00/aus nan) · invento 0.0000 · 0.1 s/paso
  paso 15875 · perdida  1.6950 · GLOBAL 0.5000 · acierto 0.3333 · vigente 0.0000 · nose 1.0000 (rel 1.00/aus nan) · invento 0.0000 · 0.1 s/paso
  paso 15900 · perdida  0.1839 · GLOBAL 1.0000 · acierto 1.0000 · vigente 1.0000 · nose 1.0000 (rel nan/aus 1.00) · invento 0.0000 · 0.1 s/paso
  paso 15925 · perdida  0.5817 · GLOBAL 0.5000 · acierto 0.5000 · vigente 1.0000 · nose 0.5000 (rel 0.00/aus 1.00) · invento 0.5000 · 0.1 s/paso
  paso 15950 · perdida  1.0628 · GLOBAL 0.5000 · acierto 0.5000 · vigente 0.0000 · nose 0.5000 (rel nan/aus 0.50) · invento 0.5000 · 0.1 s/paso
  paso 15975 · perdida  1.9635 · GLOBAL 0.0000 · acierto 0.0000 · vigente 0.0000 · nose 0.0000 (rel 0.00/aus nan) · invento 1.0000 · 0.1 s/paso
  paso 16000 · perdida  0.4832 · GLOBAL 0.7500 · acierto 1.0000 · vigente 1.0000 · nose 0.0000 (rel 0.00/aus nan) · invento 1.0000 · 0.1 s/paso
  paso 16025 · perdida  1.0331 · GLOBAL 0.0000 · acierto 0.0000 · vigente 0.0000 · nose 0.0000 (rel 0.00/aus 0.00) · invento 1.0000 · 0.1 s/paso
  paso 16050 · perdida  0.2874 · GLOBAL 1.0000 · acierto 1.0000 · vigente nan · nose 1.0000 (rel nan/aus 1.00) · invento 0.0000 · 0.1 s/paso
  paso 16075 · perdida  0.8602 · GLOBAL 0.7500 · acierto 1.0000 · vigente 1.0000 · nose 0.0000 (rel nan/aus 0.00) · invento 1.0000 · 0.1 s/paso
  paso 16100 · perdida  0.7120 · GLOBAL 0.7500 · acierto 1.0000 · vigente nan · nose 0.6667 (rel 0.00/aus 1.00) · invento 0.3333 · 0.1 s/paso
  paso 16125 · perdida  0.8331 · GLOBAL 0.5000 · acierto 0.6667 · vigente 0.5000 · nose 0.0000 (rel nan/aus 0.00) · invento 1.0000 · 0.1 s/paso
  paso 16150 · perdida  0.5757 · GLOBAL 0.7500 · acierto 1.0000 · vigente nan · nose 0.5000 (rel 0.50/aus nan) · invento 0.5000 · 0.1 s/paso
  paso 16175 · perdida  0.4366 · GLOBAL 0.7500 · acierto 0.5000 · vigente 0.0000 · nose 1.0000 (rel 1.00/aus 1.00) · invento 0.0000 · 0.1 s/paso
  paso 16200 · perdida  0.3727 · GLOBAL 0.7500 · acierto 0.5000 · vigente nan · nose 1.0000 (rel nan/aus 1.00) · invento 0.0000 · 0.1 s/paso
  paso 16225 · perdida  0.2233 · GLOBAL 1.0000 · acierto 1.0000 · vigente nan · nose nan (rel nan/aus nan) · invento 0.0000 · 0.1 s/paso
  paso 16250 · perdida  0.3471 · GLOBAL 0.7500 · acierto 1.0000 · vigente nan · nose 0.0000 (rel nan/aus 0.00) · invento 1.0000 · 0.1 s/paso
  paso 16275 · perdida  0.4686 · GLOBAL 0.7500 · acierto 0.0000 · vigente 0.0000 · nose 1.0000 (rel 1.00/aus 1.00) · invento 0.0000 · 0.1 s/paso
  paso 16300 · perdida  0.2092 · GLOBAL 1.0000 · acierto 1.0000 · vigente nan · nose 1.0000 (rel 1.00/aus nan) · invento 0.0000 · 0.1 s/paso
  paso 16325 · perdida  0.8072 · GLOBAL 0.7500 · acierto 1.0000 · vigente nan · nose 0.5000 (rel 1.00/aus 0.00) · invento 0.5000 · 0.1 s/paso
  paso 16350 · perdida  0.5712 · GLOBAL 0.7500 · acierto 0.6667 · vigente nan · nose 1.0000 (rel nan/aus 1.00) · invento 0.0000 · 0.1 s/paso
  paso 16375 · perdida  0.1516 · GLOBAL 1.0000 · acierto 1.0000 · vigente 1.0000 · nose nan (rel nan/aus nan) · invento 0.0000 · 0.1 s/paso
  paso 16400 · perdida  0.2594 · GLOBAL 1.0000 · acierto 1.0000 · vigente nan · nose 1.0000 (rel nan/aus 1.00) · invento 0.0000 · 0.1 s/paso
  paso 16425 · perdida  0.2907 · GLOBAL 0.7500 · acierto 1.0000 · vigente nan · nose 0.0000 (rel nan/aus 0.00) · invento 1.0000 · 0.1 s/paso
  paso 16450 · perdida  0.4287 · GLOBAL 1.0000 · acierto 1.0000 · vigente nan · nose 1.0000 (rel 1.00/aus 1.00) · invento 0.0000 · 0.1 s/paso
  paso 16475 · perdida  0.6381 · GLOBAL 0.7500 · acierto 0.6667 · vigente 0.5000 · nose 1.0000 (rel 1.00/aus nan) · invento 0.0000 · 0.1 s/paso
  paso 16500 · perdida  0.4639 · GLOBAL 0.7500 · acierto 1.0000 · vigente 1.0000 · nose 0.0000 (rel nan/aus 0.00) · invento 1.0000 · 0.1 s/paso
  paso 16525 · perdida  0.8634 · GLOBAL 0.5000 · acierto 0.6667 · vigente 0.5000 · nose 0.0000 (rel nan/aus 0.00) · invento 1.0000 · 0.1 s/paso
  paso 16550 · perdida  2.0838 · GLOBAL 0.0000 · acierto 0.0000 · vigente 0.0000 · nose 0.0000 (rel nan/aus 0.00) · invento 1.0000 · 0.1 s/paso
  paso 16575 · perdida  0.8218 · GLOBAL 0.5000 · acierto 0.5000 · vigente 0.0000 · nose 0.5000 (rel 1.00/aus 0.00) · invento 0.5000 · 0.1 s/paso
  paso 16600 · perdida  0.1650 · GLOBAL 1.0000 · acierto 1.0000 · vigente nan · nose nan (rel nan/aus nan) · invento 0.0000 · 0.1 s/paso
  paso 16625 · perdida  0.5329 · GLOBAL 0.7500 · acierto 0.7500 · vigente 0.5000 · nose nan (rel nan/aus nan) · invento 0.0000 · 0.1 s/paso
  paso 16650 · perdida  1.3030 · GLOBAL 0.5000 · acierto 0.6667 · vigente 0.0000 · nose 0.0000 (rel 0.00/aus nan) · invento 1.0000 · 0.1 s/paso
  paso 16675 · perdida  0.5219 · GLOBAL 0.7500 · acierto 1.0000 · vigente nan · nose 0.6667 (rel 0.67/aus nan) · invento 0.3333 · 0.1 s/paso
  paso 16700 · perdida  1.1710 · GLOBAL 0.2500 · acierto 0.3333 · vigente 0.0000 · nose 0.0000 (rel 0.00/aus nan) · invento 1.0000 · 0.1 s/paso
  paso 16725 · perdida  0.8086 · GLOBAL 0.5000 · acierto 1.0000 · vigente nan · nose 0.3333 (rel 0.00/aus 0.50) · invento 0.6667 · 0.1 s/paso
  paso 16750 · perdida  0.3161 · GLOBAL 1.0000 · acierto 1.0000 · vigente 1.0000 · nose 1.0000 (rel nan/aus 1.00) · invento 0.0000 · 0.1 s/paso
  paso 16775 · perdida  1.4072 · GLOBAL 0.5000 · acierto 0.0000 · vigente 0.0000 · nose 1.0000 (rel 1.00/aus nan) · invento 0.0000 · 0.1 s/paso
  paso 16800 · perdida  0.4629 · GLOBAL 1.0000 · acierto 1.0000 · vigente nan · nose 1.0000 (rel 1.00/aus 1.00) · invento 0.0000 · 0.1 s/paso
  paso 16825 · perdida  0.3479 · GLOBAL 0.7500 · acierto 0.6667 · vigente nan · nose 1.0000 (rel nan/aus 1.00) · invento 0.0000 · 0.1 s/paso
  paso 16850 · perdida  0.6505 · GLOBAL 0.7500 · acierto 1.0000 · vigente 1.0000 · nose 0.6667 (rel 0.67/aus nan) · invento 0.3333 · 0.1 s/paso
  paso 16875 · perdida  1.2481 · GLOBAL 0.0000 · acierto 0.0000 · vigente 0.0000 · nose 0.0000 (rel 0.00/aus 0.00) · invento 1.0000 · 0.1 s/paso
  paso 16900 · perdida  0.4571 · GLOBAL 1.0000 · acierto 1.0000 · vigente nan · nose 1.0000 (rel 1.00/aus nan) · invento 0.0000 · 0.1 s/paso
  paso 16925 · perdida  1.1279 · GLOBAL 0.7500 · acierto 0.5000 · vigente 0.0000 · nose 1.0000 (rel 1.00/aus 1.00) · invento 0.0000 · 0.1 s/paso
  paso 16950 · perdida  0.1393 · GLOBAL 1.0000 · acierto 1.0000 · vigente nan · nose 1.0000 (rel 1.00/aus nan) · invento 0.0000 · 0.1 s/paso
  paso 16975 · perdida  0.5782 · GLOBAL 0.7500 · acierto 0.0000 · vigente 0.0000 · nose 1.0000 (rel 1.00/aus 1.00) · invento 0.0000 · 0.1 s/paso
  paso 17000 · perdida  0.2909 · GLOBAL 1.0000 · acierto 1.0000 · vigente nan · nose 1.0000 (rel 1.00/aus 1.00) · invento 0.0000 · 0.1 s/paso
  paso 17025 · perdida  0.6063 · GLOBAL 0.7500 · acierto 0.7500 · vigente 1.0000 · nose nan (rel nan/aus nan) · invento 0.0000 · 0.1 s/paso
  paso 17050 · perdida  0.7935 · GLOBAL 0.5000 · acierto 0.3333 · vigente 0.0000 · nose 1.0000 (rel nan/aus 1.00) · invento 0.0000 · 0.1 s/paso
  paso 17075 · perdida  0.5978 · GLOBAL 0.5000 · acierto 1.0000 · vigente nan · nose 0.3333 (rel 0.00/aus 1.00) · invento 0.6667 · 0.1 s/paso
  paso 17100 · perdida  0.7286 · GLOBAL 0.7500 · acierto 1.0000 · vigente 1.0000 · nose 0.0000 (rel nan/aus 0.00) · invento 1.0000 · 0.1 s/paso
  paso 17125 · perdida  0.4909 · GLOBAL 0.7500 · acierto 0.6667 · vigente 0.0000 · nose 1.0000 (rel nan/aus 1.00) · invento 0.0000 · 0.1 s/paso
  paso 17150 · perdida  0.9499 · GLOBAL 0.5000 · acierto 0.0000 · vigente 0.0000 · nose 1.0000 (rel nan/aus 1.00) · invento 0.0000 · 0.1 s/paso
  paso 17175 · perdida  1.3037 · GLOBAL 0.2500 · acierto 0.0000 · vigente 0.0000 · nose 0.3333 (rel 0.33/aus nan) · invento 0.6667 · 0.1 s/paso
  paso 17200 · perdida  0.6505 · GLOBAL 0.7500 · acierto 1.0000 · vigente nan · nose 0.5000 (rel 0.50/aus nan) · invento 0.5000 · 0.1 s/paso
  paso 17225 · perdida  0.5801 · GLOBAL 0.7500 · acierto 1.0000 · vigente nan · nose 0.6667 (rel 0.50/aus 1.00) · invento 0.3333 · 0.1 s/paso
  paso 17250 · perdida  0.6172 · GLOBAL 0.5000 · acierto 1.0000 · vigente 1.0000 · nose 0.3333 (rel 0.50/aus 0.00) · invento 0.6667 · 0.1 s/paso
  paso 17275 · perdida  0.3071 · GLOBAL 1.0000 · acierto 1.0000 · vigente 1.0000 · nose 1.0000 (rel 1.00/aus 1.00) · invento 0.0000 · 0.1 s/paso
  paso 17300 · perdida  0.3002 · GLOBAL 1.0000 · acierto 1.0000 · vigente nan · nose 1.0000 (rel 1.00/aus 1.00) · invento 0.0000 · 0.1 s/paso
  paso 17325 · perdida  1.1720 · GLOBAL 0.5000 · acierto 0.5000 · vigente 0.5000 · nose 0.5000 (rel 0.00/aus 1.00) · invento 0.5000 · 0.1 s/paso
  paso 17350 · perdida  0.9566 · GLOBAL 0.7500 · acierto 0.5000 · vigente 0.0000 · nose 1.0000 (rel 1.00/aus nan) · invento 0.0000 · 0.1 s/paso
  paso 17375 · perdida  0.5506 · GLOBAL 0.7500 · acierto 0.6667 · vigente 0.5000 · nose 1.0000 (rel nan/aus 1.00) · invento 0.0000 · 0.1 s/paso
  paso 17400 · perdida  0.9306 · GLOBAL 0.5000 · acierto 0.6667 · vigente 0.5000 · nose 0.0000 (rel nan/aus 0.00) · invento 1.0000 · 0.1 s/paso
  paso 17425 · perdida  0.6832 · GLOBAL 0.5000 · acierto 0.0000 · vigente nan · nose 0.6667 (rel 0.50/aus 1.00) · invento 0.3333 · 0.1 s/paso
  paso 17450 · perdida  1.0438 · GLOBAL 0.2500 · acierto 0.3333 · vigente 0.0000 · nose 0.0000 (rel 0.00/aus nan) · invento 1.0000 · 0.1 s/paso
  paso 17475 · perdida  0.9144 · GLOBAL 0.5000 · acierto 0.3333 · vigente 0.0000 · nose 1.0000 (rel 1.00/aus nan) · invento 0.0000 · 0.1 s/paso
  paso 17500 · perdida  1.2471 · GLOBAL 0.2500 · acierto 0.0000 · vigente 0.0000 · nose 1.0000 (rel 1.00/aus nan) · invento 0.0000 · 0.1 s/paso
  paso 17525 · perdida  1.0672 · GLOBAL 0.2500 · acierto 0.5000 · vigente 0.0000 · nose 0.0000 (rel 0.00/aus 0.00) · invento 1.0000 · 0.1 s/paso
  paso 17550 · perdida  1.1925 · GLOBAL 0.5000 · acierto 1.0000 · vigente nan · nose 0.3333 (rel 0.00/aus 0.50) · invento 0.6667 · 0.1 s/paso
  paso 17575 · perdida  0.5728 · GLOBAL 0.7500 · acierto 1.0000 · vigente 1.0000 · nose 0.5000 (rel 1.00/aus 0.00) · invento 0.5000 · 0.1 s/paso
  paso 17600 · perdida  1.2564 · GLOBAL 0.5000 · acierto 0.5000 · vigente 0.0000 · nose 0.5000 (rel 0.00/aus 1.00) · invento 0.5000 · 0.1 s/paso
  paso 17625 · perdida  0.5873 · GLOBAL 1.0000 · acierto 1.0000 · vigente 1.0000 · nose 1.0000 (rel nan/aus 1.00) · invento 0.0000 · 0.1 s/paso
  paso 17650 · perdida  0.2376 · GLOBAL 1.0000 · acierto 1.0000 · vigente nan · nose 1.0000 (rel 1.00/aus 1.00) · invento 0.0000 · 0.1 s/paso
  paso 17675 · perdida  0.5698 · GLOBAL 0.7500 · acierto 0.6667 · vigente 0.0000 · nose 1.0000 (rel 1.00/aus nan) · invento 0.0000 · 0.1 s/paso
  paso 17700 · perdida  0.4065 · GLOBAL 0.7500 · acierto 1.0000 · vigente nan · nose 0.6667 (rel nan/aus 0.67) · invento 0.3333 · 0.1 s/paso
  paso 17725 · perdida  0.8289 · GLOBAL 0.5000 · acierto 0.5000 · vigente 0.0000 · nose 0.5000 (rel 1.00/aus 0.00) · invento 0.5000 · 0.1 s/paso
  paso 17750 · perdida  0.1600 · GLOBAL 1.0000 · acierto 1.0000 · vigente nan · nose 1.0000 (rel 1.00/aus nan) · invento 0.0000 · 0.1 s/paso
  paso 17775 · perdida  1.4423 · GLOBAL 0.5000 · acierto 0.6667 · vigente 0.6667 · nose 0.0000 (rel 0.00/aus nan) · invento 1.0000 · 0.1 s/paso
  paso 17800 · perdida  1.1569 · GLOBAL 0.7500 · acierto 0.7500 · vigente 0.5000 · nose nan (rel nan/aus nan) · invento 0.0000 · 0.1 s/paso
  paso 17825 · perdida  1.2497 · GLOBAL 0.5000 · acierto 1.0000 · vigente nan · nose 0.0000 (rel nan/aus 0.00) · invento 1.0000 · 0.1 s/paso
  paso 17850 · perdida  0.2046 · GLOBAL 1.0000 · acierto 1.0000 · vigente nan · nose 1.0000 (rel nan/aus 1.00) · invento 0.0000 · 0.1 s/paso
  paso 17875 · perdida  0.6102 · GLOBAL 0.7500 · acierto 0.7500 · vigente 0.5000 · nose nan (rel nan/aus nan) · invento 0.0000 · 0.1 s/paso
  paso 17900 · perdida  1.0123 · GLOBAL 0.5000 · acierto 0.0000 · vigente 0.0000 · nose 0.6667 (rel nan/aus 0.67) · invento 0.3333 · 0.1 s/paso
  paso 17925 · perdida  0.4884 · GLOBAL 0.7500 · acierto 0.5000 · vigente 0.0000 · nose 1.0000 (rel 1.00/aus nan) · invento 0.0000 · 0.1 s/paso
  paso 17950 · perdida  0.3490 · GLOBAL 0.7500 · acierto 0.6667 · vigente 0.0000 · nose 1.0000 (rel 1.00/aus nan) · invento 0.0000 · 0.1 s/paso
  paso 17975 · perdida  0.5506 · GLOBAL 0.7500 · acierto 1.0000 · vigente 1.0000 · nose 0.0000 (rel nan/aus 0.00) · invento 1.0000 · 0.1 s/paso
  paso 18000 · perdida  0.1383 · GLOBAL 1.0000 · acierto 1.0000 · vigente nan · nose 1.0000 (rel nan/aus 1.00) · invento 0.0000 · 0.1 s/paso
  paso 18025 · perdida  0.3554 · GLOBAL 0.7500 · acierto 0.7500 · vigente nan · nose nan (rel nan/aus nan) · invento 0.0000 · 0.1 s/paso
  paso 18050 · perdida  1.7931 · GLOBAL 0.2500 · acierto 0.5000 · vigente 0.5000 · nose 0.0000 (rel 0.00/aus nan) · invento 1.0000 · 0.1 s/paso
  paso 18075 · perdida  0.4130 · GLOBAL 0.7500 · acierto 0.5000 · vigente 0.0000 · nose 1.0000 (rel 1.00/aus 1.00) · invento 0.0000 · 0.1 s/paso
  paso 18100 · perdida  0.2164 · GLOBAL 0.7500 · acierto 0.7500 · vigente 0.0000 · nose nan (rel nan/aus nan) · invento 0.0000 · 0.1 s/paso
  paso 18125 · perdida  0.6293 · GLOBAL 0.7500 · acierto 0.6667 · vigente 0.0000 · nose 1.0000 (rel nan/aus 1.00) · invento 0.0000 · 0.1 s/paso
  paso 18150 · perdida  0.3585 · GLOBAL 0.7500 · acierto 0.7500 · vigente nan · nose nan (rel nan/aus nan) · invento 0.0000 · 0.1 s/paso
  paso 18175 · perdida  0.2816 · GLOBAL 1.0000 · acierto 1.0000 · vigente nan · nose 1.0000 (rel 1.00/aus nan) · invento 0.0000 · 0.1 s/paso
  paso 18200 · perdida  0.8716 · GLOBAL 0.5000 · acierto 0.3333 · vigente 0.0000 · nose 1.0000 (rel 1.00/aus nan) · invento 0.0000 · 0.1 s/paso
  paso 18225 · perdida  0.4691 · GLOBAL 0.5000 · acierto 1.0000 · vigente 1.0000 · nose 0.0000 (rel nan/aus 0.00) · invento 1.0000 · 0.1 s/paso
  paso 18250 · perdida  0.3552 · GLOBAL 0.7500 · acierto 0.7500 · vigente 0.0000 · nose nan (rel nan/aus nan) · invento 0.0000 · 0.1 s/paso
  paso 18275 · perdida  1.0814 · GLOBAL 0.5000 · acierto 0.0000 · vigente 0.0000 · nose 0.6667 (rel 0.00/aus 1.00) · invento 0.3333 · 0.1 s/paso
  paso 18300 · perdida  2.0578 · GLOBAL 0.2500 · acierto 0.5000 · vigente 0.0000 · nose 0.0000 (rel 0.00/aus 0.00) · invento 1.0000 · 0.1 s/paso
  paso 18325 · perdida  1.0115 · GLOBAL 0.5000 · acierto 0.0000 · vigente 0.0000 · nose 1.0000 (rel 1.00/aus nan) · invento 0.0000 · 0.1 s/paso
  paso 18350 · perdida  1.1630 · GLOBAL 0.5000 · acierto 0.0000 · vigente 0.0000 · nose 1.0000 (rel 1.00/aus 1.00) · invento 0.0000 · 0.1 s/paso
  paso 18375 · perdida  0.3801 · GLOBAL 0.7500 · acierto 1.0000 · vigente nan · nose 0.0000 (rel 0.00/aus nan) · invento 1.0000 · 0.1 s/paso
  paso 18400 · perdida  0.6460 · GLOBAL 0.7500 · acierto 0.5000 · vigente nan · nose 1.0000 (rel nan/aus 1.00) · invento 0.0000 · 0.1 s/paso
  paso 18425 · perdida  1.0716 · GLOBAL 0.7500 · acierto 0.5000 · vigente 1.0000 · nose 1.0000 (rel 1.00/aus 1.00) · invento 0.0000 · 0.1 s/paso
  paso 18450 · perdida  0.8594 · GLOBAL 0.5000 · acierto 0.5000 · vigente 1.0000 · nose 0.5000 (rel 0.50/aus nan) · invento 0.5000 · 0.1 s/paso
  paso 18475 · perdida  1.7294 · GLOBAL 0.5000 · acierto 1.0000 · vigente nan · nose 0.0000 (rel 0.00/aus nan) · invento 1.0000 · 0.1 s/paso
  paso 18500 · perdida  1.5335 · GLOBAL 0.2500 · acierto 0.0000 · vigente 0.0000 · nose 1.0000 (rel nan/aus 1.00) · invento 0.0000 · 0.1 s/paso
  paso 18525 · perdida  0.1277 · GLOBAL 1.0000 · acierto 1.0000 · vigente nan · nose 1.0000 (rel 1.00/aus nan) · invento 0.0000 · 0.1 s/paso
  paso 18550 · perdida  0.4421 · GLOBAL 0.7500 · acierto 0.5000 · vigente 0.0000 · nose 1.0000 (rel nan/aus 1.00) · invento 0.0000 · 0.1 s/paso
  paso 18575 · perdida  0.5896 · GLOBAL 1.0000 · acierto 1.0000 · vigente nan · nose 1.0000 (rel 1.00/aus 1.00) · invento 0.0000 · 0.1 s/paso
  paso 18600 · perdida  0.5565 · GLOBAL 0.7500 · acierto 1.0000 · vigente nan · nose 0.6667 (rel 1.00/aus 0.50) · invento 0.3333 · 0.1 s/paso
  paso 18625 · perdida  1.6901 · GLOBAL 0.2500 · acierto 0.0000 · vigente 0.0000 · nose 0.3333 (rel nan/aus 0.33) · invento 0.6667 · 0.1 s/paso
  paso 18650 · perdida  0.9716 · GLOBAL 0.5000 · acierto 0.5000 · vigente 0.3333 · nose nan (rel nan/aus nan) · invento 0.0000 · 0.1 s/paso
  paso 18675 · perdida  1.0966 · GLOBAL 0.5000 · acierto 0.3333 · vigente 0.0000 · nose 1.0000 (rel nan/aus 1.00) · invento 0.0000 · 0.1 s/paso
  paso 18700 · perdida  0.9162 · GLOBAL 0.5000 · acierto 0.0000 · vigente 0.0000 · nose 0.6667 (rel nan/aus 0.67) · invento 0.3333 · 0.1 s/paso
  paso 18725 · perdida  0.3441 · GLOBAL 1.0000 · acierto 1.0000 · vigente nan · nose 1.0000 (rel nan/aus 1.00) · invento 0.0000 · 0.1 s/paso
  paso 18750 · perdida  0.0968 · GLOBAL 1.0000 · acierto 1.0000 · vigente 1.0000 · nose nan (rel nan/aus nan) · invento 0.0000 · 0.1 s/paso
  paso 18775 · perdida  0.1388 · GLOBAL 1.0000 · acierto 1.0000 · vigente 1.0000 · nose 1.0000 (rel nan/aus 1.00) · invento 0.0000 · 0.1 s/paso
  paso 18800 · perdida  1.0535 · GLOBAL 0.5000 · acierto 0.5000 · vigente 0.0000 · nose nan (rel nan/aus nan) · invento 0.0000 · 0.1 s/paso
  paso 18825 · perdida  0.3571 · GLOBAL 0.7500 · acierto 0.6667 · vigente 0.0000 · nose 1.0000 (rel nan/aus 1.00) · invento 0.0000 · 0.1 s/paso
  paso 18850 · perdida  1.4512 · GLOBAL 0.5000 · acierto 1.0000 · vigente 1.0000 · nose 0.3333 (rel 0.00/aus 0.50) · invento 0.6667 · 0.1 s/paso
  paso 18875 · perdida  0.5180 · GLOBAL 1.0000 · acierto 1.0000 · vigente 1.0000 · nose 1.0000 (rel 1.00/aus nan) · invento 0.0000 · 0.1 s/paso
  paso 18900 · perdida  1.7144 · GLOBAL 0.5000 · acierto 1.0000 · vigente nan · nose 0.3333 (rel 0.00/aus 0.50) · invento 0.6667 · 0.1 s/paso
  paso 18925 · perdida  0.5971 · GLOBAL 0.5000 · acierto 0.5000 · vigente 0.3333 · nose nan (rel nan/aus nan) · invento 0.0000 · 0.1 s/paso
  paso 18950 · perdida  0.4471 · GLOBAL 0.7500 · acierto 0.0000 · vigente nan · nose 1.0000 (rel 1.00/aus 1.00) · invento 0.0000 · 0.1 s/paso
  paso 18975 · perdida  0.3914 · GLOBAL 1.0000 · acierto 1.0000 · vigente 1.0000 · nose 1.0000 (rel nan/aus 1.00) · invento 0.0000 · 0.1 s/paso
  paso 19000 · perdida  0.6857 · GLOBAL 0.7500 · acierto 1.0000 · vigente nan · nose 0.5000 (rel 0.00/aus 1.00) · invento 0.5000 · 0.1 s/paso

  CONTROLES sobre el ultimo lote:
    con archivo        GLOBAL 0.7500 · acierto 1.0000 · vigente nan · nose 0.5000 · invento 0.5000
    BARAJADO           GLOBAL 0.5000 · acierto 0.0000 · vigente nan · nose 1.0000 · invento 0.0000
    VACIO (ceros)      GLOBAL 0.0000 · acierto 0.0000 · vigente nan · nose 0.0000 · invento 0.0000
    lectura APAGADA    GLOBAL 0.0000 · acierto 0.0000 · vigente nan · nose 0.0000 · invento 0.0000

    BARAJADO alto = no lee el archivo · VACIO alto = contesta desde el preentrenamiento
    (VACIO es el control que pedia el plan por vocabulario abierto)

  EVALUACION FINAL sobre 512 muestras frescas (los cuatro brazos, mismas muestras):
    con archivo        GLOBAL 0.6699 · acierto 0.8000 · vigente 0.5725 · nose 0.4703 (rel 0.3800/aus 0.5588) · invento 0.5297 · n 512 {'una': 179, 'dos': 131, 'nose_rel': 100, 'nose_aus': 102}
    BARAJADO           GLOBAL 0.2539 · acierto 0.0452 · vigente 0.0458 · nose 0.5743 (rel 0.5700/aus 0.5784) · invento 0.4257 · n 512 {'una': 179, 'dos': 131, 'nose_rel': 100, 'nose_aus': 102}
    VACIO (ceros)      GLOBAL 0.0000 · acierto 0.0000 · vigente 0.0000 · nose 0.0000 (rel 0.0000/aus 0.0000) · invento 0.0000 · n 512 {'una': 179, 'dos': 131, 'nose_rel': 100, 'nose_aus': 102}
    lectura APAGADA    GLOBAL 0.0000 · acierto 0.0000 · vigente 0.0000 · nose 0.0000 (rel 0.0000/aus 0.0000) · invento 0.0000 · n 512 {'una': 179, 'dos': 131, 'nose_rel': 100, 'nose_aus': 102}

  escrito /content/banco_abstcal6p_s2.json

listo en 49.4 min
